ISO-10303-21;
HEADER;
/* Generated by software containing ST-Developer
 * from STEP Tools, Inc. (www.steptools.com) 
 */

FILE_DESCRIPTION(
/* description */ (''),
/* implementation_level */ '2;1');

FILE_NAME(
/* name */ 'Motor v3.step',
/* time_stamp */ '2025-06-02T03:56:48+06:00',
/* author */ (''),
/* organization */ (''),
/* preprocessor_version */ 'ST-DEVELOPER v20.1',
/* originating_system */ 'Autodesk Translation Framework v14.10.0.0',
/* authorisation */ '');

FILE_SCHEMA (('AUTOMOTIVE_DESIGN { 1 0 10303 214 3 1 1 }'));
ENDSEC;

DATA;
#10=MECHANICAL_DESIGN_GEOMETRIC_PRESENTATION_REPRESENTATION('',(#3280,#3281,
#3282,#3283,#3284,#3285,#3286,#3287,#3288,#3289,#3290,#3291,#3292,#3293,
#3294,#3295,#3296,#3297,#3298,#3299,#3300,#3301,#3302,#3303,#3304,#3305,
#3306,#3307,#3308,#3309,#3310,#3311,#3312,#3313,#3314,#3315,#3316,#3317,
#3318,#3319,#3320,#3321,#3322,#3323,#3324,#3325,#3326,#3327,#3328,#3329,
#3330,#3331,#3332,#3333,#3334,#3335,#3336,#3337,#3338,#3339,#3340,#3341,
#3342),#7618);
#11=SHAPE_REPRESENTATION_RELATIONSHIP('SRR','None',#7625,#12);
#12=ADVANCED_BREP_SHAPE_REPRESENTATION('',(#3565),#7617);
#13=ORIENTED_CLOSED_SHELL('',*,#3564,.F.);
#14=SPHERICAL_SURFACE('',#3685,0.167844);
#15=SPHERICAL_SURFACE('',#3691,0.167843999999999);
#16=SPHERICAL_SURFACE('',#3694,0.167843999999999);
#17=SPHERICAL_SURFACE('',#3697,0.167843999999999);
#18=SPHERICAL_SURFACE('',#3712,0.167843999999999);
#19=SPHERICAL_SURFACE('',#3718,0.167843999999999);
#20=SPHERICAL_SURFACE('',#3721,0.167843999999999);
#21=SPHERICAL_SURFACE('',#3724,0.167843999999999);
#22=FACE_BOUND('',#1146,.T.);
#23=FACE_BOUND('',#1147,.T.);
#24=FACE_BOUND('',#1148,.T.);
#25=FACE_BOUND('',#1151,.T.);
#26=FACE_BOUND('',#1153,.T.);
#27=FACE_BOUND('',#1161,.T.);
#28=FACE_BOUND('',#1165,.T.);
#29=FACE_BOUND('',#1166,.T.);
#30=FACE_BOUND('',#1167,.T.);
#31=FACE_BOUND('',#1168,.T.);
#32=FACE_BOUND('',#1172,.T.);
#33=FACE_BOUND('',#1226,.T.);
#34=FACE_BOUND('',#1227,.T.);
#35=FACE_BOUND('',#1228,.T.);
#36=FACE_BOUND('',#1229,.T.);
#37=FACE_BOUND('',#1232,.T.);
#38=FACE_BOUND('',#1238,.T.);
#39=FACE_BOUND('',#1244,.T.);
#40=FACE_BOUND('',#1247,.T.);
#41=FACE_BOUND('',#1326,.T.);
#42=FACE_BOUND('',#1328,.T.);
#43=FACE_BOUND('',#1330,.T.);
#44=FACE_BOUND('',#1334,.T.);
#45=FACE_BOUND('',#1336,.T.);
#46=FACE_BOUND('',#1338,.T.);
#47=FACE_BOUND('',#1360,.T.);
#48=PLANE('',#3605);
#49=PLANE('',#3618);
#50=PLANE('',#3621);
#51=PLANE('',#3625);
#52=PLANE('',#3639);
#53=PLANE('',#3663);
#54=PLANE('',#3667);
#55=PLANE('',#3668);
#56=PLANE('',#3669);
#57=PLANE('',#3670);
#58=PLANE('',#3671);
#59=PLANE('',#3672);
#60=PLANE('',#3673);
#61=PLANE('',#3698);
#62=PLANE('',#3699);
#63=PLANE('',#3700);
#64=PLANE('',#3725);
#65=PLANE('',#3727);
#66=PLANE('',#3728);
#67=PLANE('',#3730);
#68=PLANE('',#3731);
#69=PLANE('',#3733);
#70=PLANE('',#3734);
#71=PLANE('',#3736);
#72=PLANE('',#3737);
#73=PLANE('',#3739);
#74=PLANE('',#3740);
#75=PLANE('',#3742);
#76=PLANE('',#3743);
#77=PLANE('',#3745);
#78=PLANE('',#3746);
#79=PLANE('',#3748);
#80=PLANE('',#3749);
#81=PLANE('',#3753);
#82=PLANE('',#3754);
#83=PLANE('',#3758);
#84=PLANE('',#3759);
#85=PLANE('',#3769);
#86=PLANE('',#3775);
#87=PLANE('',#3776);
#88=PLANE('',#3784);
#89=PLANE('',#3795);
#90=PLANE('',#3806);
#91=PLANE('',#3807);
#92=PLANE('',#3808);
#93=PLANE('',#3809);
#94=PLANE('',#3810);
#95=PLANE('',#3811);
#96=PLANE('',#3812);
#97=PLANE('',#3813);
#98=PLANE('',#3814);
#99=PLANE('',#3815);
#100=PLANE('',#3816);
#101=PLANE('',#3817);
#102=PLANE('',#3818);
#103=PLANE('',#3819);
#104=PLANE('',#3820);
#105=PLANE('',#3821);
#106=PLANE('',#3822);
#107=PLANE('',#3823);
#108=PLANE('',#3824);
#109=PLANE('',#3825);
#110=PLANE('',#3826);
#111=PLANE('',#3827);
#112=PLANE('',#3828);
#113=PLANE('',#3829);
#114=PLANE('',#3830);
#115=PLANE('',#3831);
#116=PLANE('',#3832);
#117=PLANE('',#3833);
#118=PLANE('',#3834);
#119=PLANE('',#3835);
#120=PLANE('',#3836);
#121=PLANE('',#3837);
#122=PLANE('',#3838);
#123=PLANE('',#3839);
#124=PLANE('',#3840);
#125=PLANE('',#3841);
#126=PLANE('',#3842);
#127=PLANE('',#3843);
#128=PLANE('',#3844);
#129=PLANE('',#3845);
#130=PLANE('',#3846);
#131=PLANE('',#3847);
#132=PLANE('',#3848);
#133=PLANE('',#3849);
#134=PLANE('',#3850);
#135=PLANE('',#3851);
#136=PLANE('',#3852);
#137=PLANE('',#3853);
#138=PLANE('',#3854);
#139=PLANE('',#3855);
#140=PLANE('',#3856);
#141=PLANE('',#3857);
#142=PLANE('',#3866);
#143=PLANE('',#3869);
#144=PLANE('',#3870);
#145=PLANE('',#3873);
#146=PLANE('',#3874);
#147=PLANE('',#3877);
#148=PLANE('',#3878);
#149=PLANE('',#3881);
#150=PLANE('',#3882);
#151=PLANE('',#3885);
#152=PLANE('',#3886);
#153=PLANE('',#3889);
#154=PLANE('',#3898);
#155=PLANE('',#3899);
#156=PLANE('',#3901);
#157=PLANE('',#3908);
#158=PLANE('',#3911);
#159=PLANE('',#3914);
#160=PLANE('',#3926);
#161=PLANE('',#3927);
#162=PLANE('',#3929);
#163=PLANE('',#3930);
#164=TOROIDAL_SURFACE('',#3595,20.751329,0.748671);
#165=TOROIDAL_SURFACE('',#3600,11.5104035389371,3.729229);
#166=TOROIDAL_SURFACE('',#3616,15.9965348343853,3.729229);
#167=TOROIDAL_SURFACE('',#3630,1.816538,0.933462);
#168=TOROIDAL_SURFACE('',#3635,6.687393,0.812607);
#169=TOROIDAL_SURFACE('',#3644,8.312607,0.812607);
#170=TOROIDAL_SURFACE('',#3657,21.447853,0.052147);
#171=TOROIDAL_SURFACE('',#3665,21.257964875707,0.052147);
#172=CYLINDRICAL_SURFACE('',#3592,22.5);
#173=CYLINDRICAL_SURFACE('',#3594,22.5);
#174=CYLINDRICAL_SURFACE('',#3624,3.51162456638936);
#175=CYLINDRICAL_SURFACE('',#3627,2.75);
#176=CYLINDRICAL_SURFACE('',#3641,7.5);
#177=CYLINDRICAL_SURFACE('',#3646,21.5);
#178=CYLINDRICAL_SURFACE('',#3660,21.205817875707);
#179=CYLINDRICAL_SURFACE('',#3674,0.167844);
#180=CYLINDRICAL_SURFACE('',#3677,0.167844);
#181=CYLINDRICAL_SURFACE('',#3680,0.167844);
#182=CYLINDRICAL_SURFACE('',#3683,0.167844);
#183=CYLINDRICAL_SURFACE('',#3686,0.167844);
#184=CYLINDRICAL_SURFACE('',#3689,0.167844);
#185=CYLINDRICAL_SURFACE('',#3692,0.167844);
#186=CYLINDRICAL_SURFACE('',#3695,0.167844);
#187=CYLINDRICAL_SURFACE('',#3701,0.167844);
#188=CYLINDRICAL_SURFACE('',#3704,0.167844);
#189=CYLINDRICAL_SURFACE('',#3707,0.167844);
#190=CYLINDRICAL_SURFACE('',#3710,0.167844);
#191=CYLINDRICAL_SURFACE('',#3713,0.167844);
#192=CYLINDRICAL_SURFACE('',#3716,0.167844);
#193=CYLINDRICAL_SURFACE('',#3719,0.167844);
#194=CYLINDRICAL_SURFACE('',#3722,0.167844);
#195=CYLINDRICAL_SURFACE('',#3751,20.6350157086013);
#196=CYLINDRICAL_SURFACE('',#3760,3.75);
#197=CYLINDRICAL_SURFACE('',#3762,3.22766649305504);
#198=CYLINDRICAL_SURFACE('',#3773,3.75);
#199=CYLINDRICAL_SURFACE('',#3777,3.22766649305504);
#200=CYLINDRICAL_SURFACE('',#3788,3.22766649305504);
#201=CYLINDRICAL_SURFACE('',#3799,3.22766649305504);
#202=CYLINDRICAL_SURFACE('',#3858,22.5);
#203=CYLINDRICAL_SURFACE('',#3867,3.75);
#204=CYLINDRICAL_SURFACE('',#3871,3.75);
#205=CYLINDRICAL_SURFACE('',#3904,12.5);
#206=CYLINDRICAL_SURFACE('',#3919,6.28409091040336);
#207=CYLINDRICAL_SURFACE('',#3925,4.);
#208=LINE('',#6301,#454);
#209=LINE('',#6306,#455);
#210=LINE('',#6311,#456);
#211=LINE('',#6316,#457);
#212=LINE('',#6320,#458);
#213=LINE('',#6322,#459);
#214=LINE('',#6344,#460);
#215=LINE('',#6348,#461);
#216=LINE('',#6352,#462);
#217=LINE('',#6356,#463);
#218=LINE('',#6360,#464);
#219=LINE('',#6364,#465);
#220=LINE('',#6368,#466);
#221=LINE('',#6372,#467);
#222=LINE('',#6389,#468);
#223=LINE('',#6397,#469);
#224=LINE('',#6403,#470);
#225=LINE('',#6418,#471);
#226=LINE('',#6428,#472);
#227=LINE('',#6432,#473);
#228=LINE('',#6436,#474);
#229=LINE('',#6440,#475);
#230=LINE('',#6444,#476);
#231=LINE('',#6448,#477);
#232=LINE('',#6452,#478);
#233=LINE('',#6456,#479);
#234=LINE('',#6460,#480);
#235=LINE('',#6470,#481);
#236=LINE('',#6479,#482);
#237=LINE('',#6481,#483);
#238=LINE('',#6482,#484);
#239=LINE('',#6485,#485);
#240=LINE('',#6487,#486);
#241=LINE('',#6488,#487);
#242=LINE('',#6491,#488);
#243=LINE('',#6493,#489);
#244=LINE('',#6494,#490);
#245=LINE('',#6497,#491);
#246=LINE('',#6499,#492);
#247=LINE('',#6500,#493);
#248=LINE('',#6504,#494);
#249=LINE('',#6506,#495);
#250=LINE('',#6508,#496);
#251=LINE('',#6509,#497);
#252=LINE('',#6512,#498);
#253=LINE('',#6514,#499);
#254=LINE('',#6515,#500);
#255=LINE('',#6518,#501);
#256=LINE('',#6520,#502);
#257=LINE('',#6521,#503);
#258=LINE('',#6549,#504);
#259=LINE('',#6551,#505);
#260=LINE('',#6553,#506);
#261=LINE('',#6554,#507);
#262=LINE('',#6557,#508);
#263=LINE('',#6559,#509);
#264=LINE('',#6560,#510);
#265=LINE('',#6563,#511);
#266=LINE('',#6565,#512);
#267=LINE('',#6566,#513);
#268=LINE('',#6595,#514);
#269=LINE('',#6596,#515);
#270=LINE('',#6599,#516);
#271=LINE('',#6600,#517);
#272=LINE('',#6605,#518);
#273=LINE('',#6606,#519);
#274=LINE('',#6609,#520);
#275=LINE('',#6610,#521);
#276=LINE('',#6615,#522);
#277=LINE('',#6616,#523);
#278=LINE('',#6619,#524);
#279=LINE('',#6620,#525);
#280=LINE('',#6625,#526);
#281=LINE('',#6626,#527);
#282=LINE('',#6629,#528);
#283=LINE('',#6630,#529);
#284=LINE('',#6634,#530);
#285=LINE('',#6636,#531);
#286=LINE('',#6640,#532);
#287=LINE('',#6642,#533);
#288=LINE('',#6646,#534);
#289=LINE('',#6648,#535);
#290=LINE('',#6652,#536);
#291=LINE('',#6654,#537);
#292=LINE('',#6661,#538);
#293=LINE('',#6666,#539);
#294=LINE('',#6670,#540);
#295=LINE('',#6677,#541);
#296=LINE('',#6678,#542);
#297=LINE('',#6679,#543);
#298=LINE('',#6683,#544);
#299=LINE('',#6684,#545);
#300=LINE('',#6685,#546);
#301=LINE('',#6693,#547);
#302=LINE('',#6694,#548);
#303=LINE('',#6695,#549);
#304=LINE('',#6699,#550);
#305=LINE('',#6700,#551);
#306=LINE('',#6704,#552);
#307=LINE('',#6705,#553);
#308=LINE('',#6709,#554);
#309=LINE('',#6710,#555);
#310=LINE('',#6714,#556);
#311=LINE('',#6715,#557);
#312=LINE('',#6718,#558);
#313=LINE('',#6719,#559);
#314=LINE('',#6725,#560);
#315=LINE('',#6728,#561);
#316=LINE('',#6735,#562);
#317=LINE('',#6736,#563);
#318=LINE('',#6739,#564);
#319=LINE('',#6740,#565);
#320=LINE('',#6743,#566);
#321=LINE('',#6744,#567);
#322=LINE('',#6750,#568);
#323=LINE('',#6751,#569);
#324=LINE('',#6752,#570);
#325=LINE('',#6756,#571);
#326=LINE('',#6757,#572);
#327=LINE('',#6761,#573);
#328=LINE('',#6762,#574);
#329=LINE('',#6766,#575);
#330=LINE('',#6767,#576);
#331=LINE('',#6771,#577);
#332=LINE('',#6772,#578);
#333=LINE('',#6775,#579);
#334=LINE('',#6776,#580);
#335=LINE('',#6780,#581);
#336=LINE('',#6784,#582);
#337=LINE('',#6793,#583);
#338=LINE('',#6794,#584);
#339=LINE('',#6795,#585);
#340=LINE('',#6799,#586);
#341=LINE('',#6800,#587);
#342=LINE('',#6804,#588);
#343=LINE('',#6805,#589);
#344=LINE('',#6809,#590);
#345=LINE('',#6810,#591);
#346=LINE('',#6814,#592);
#347=LINE('',#6815,#593);
#348=LINE('',#6818,#594);
#349=LINE('',#6819,#595);
#350=LINE('',#6825,#596);
#351=LINE('',#6828,#597);
#352=LINE('',#6836,#598);
#353=LINE('',#6837,#599);
#354=LINE('',#6838,#600);
#355=LINE('',#6842,#601);
#356=LINE('',#6843,#602);
#357=LINE('',#6847,#603);
#358=LINE('',#6848,#604);
#359=LINE('',#6852,#605);
#360=LINE('',#6853,#606);
#361=LINE('',#6857,#607);
#362=LINE('',#6858,#608);
#363=LINE('',#6861,#609);
#364=LINE('',#6862,#610);
#365=LINE('',#6864,#611);
#366=LINE('',#6865,#612);
#367=LINE('',#6866,#613);
#368=LINE('',#6867,#614);
#369=LINE('',#6868,#615);
#370=LINE('',#6869,#616);
#371=LINE('',#6871,#617);
#372=LINE('',#6873,#618);
#373=LINE('',#6875,#619);
#374=LINE('',#6877,#620);
#375=LINE('',#6878,#621);
#376=LINE('',#6879,#622);
#377=LINE('',#6880,#623);
#378=LINE('',#6881,#624);
#379=LINE('',#6882,#625);
#380=LINE('',#6884,#626);
#381=LINE('',#6886,#627);
#382=LINE('',#6888,#628);
#383=LINE('',#6890,#629);
#384=LINE('',#6891,#630);
#385=LINE('',#6892,#631);
#386=LINE('',#6893,#632);
#387=LINE('',#6894,#633);
#388=LINE('',#6895,#634);
#389=LINE('',#6897,#635);
#390=LINE('',#6899,#636);
#391=LINE('',#6901,#637);
#392=LINE('',#6903,#638);
#393=LINE('',#6904,#639);
#394=LINE('',#6905,#640);
#395=LINE('',#6906,#641);
#396=LINE('',#6907,#642);
#397=LINE('',#6908,#643);
#398=LINE('',#6910,#644);
#399=LINE('',#6912,#645);
#400=LINE('',#6914,#646);
#401=LINE('',#6916,#647);
#402=LINE('',#6918,#648);
#403=LINE('',#6920,#649);
#404=LINE('',#6922,#650);
#405=LINE('',#6924,#651);
#406=LINE('',#6926,#652);
#407=LINE('',#6928,#653);
#408=LINE('',#6930,#654);
#409=LINE('',#6932,#655);
#410=LINE('',#6934,#656);
#411=LINE('',#6936,#657);
#412=LINE('',#6938,#658);
#413=LINE('',#6965,#659);
#414=LINE('',#6969,#660);
#415=LINE('',#6971,#661);
#416=LINE('',#6974,#662);
#417=LINE('',#6976,#663);
#418=LINE('',#6982,#664);
#419=LINE('',#6985,#665);
#420=LINE('',#6986,#666);
#421=LINE('',#6990,#667);
#422=LINE('',#6992,#668);
#423=LINE('',#6995,#669);
#424=LINE('',#6996,#670);
#425=LINE('',#7000,#671);
#426=LINE('',#7002,#672);
#427=LINE('',#7006,#673);
#428=LINE('',#7007,#674);
#429=LINE('',#7015,#675);
#430=LINE('',#7018,#676);
#431=LINE('',#7026,#677);
#432=LINE('',#7027,#678);
#433=LINE('',#7035,#679);
#434=LINE('',#7038,#680);
#435=LINE('',#7046,#681);
#436=LINE('',#7047,#682);
#437=LINE('',#7055,#683);
#438=LINE('',#7058,#684);
#439=LINE('',#7066,#685);
#440=LINE('',#7067,#686);
#441=LINE('',#7075,#687);
#442=LINE('',#7078,#688);
#443=LINE('',#7103,#689);
#444=LINE('',#7107,#690);
#445=LINE('',#7124,#691);
#446=LINE('',#7126,#692);
#447=LINE('',#7130,#693);
#448=LINE('',#7132,#694);
#449=LINE('',#7136,#695);
#450=LINE('',#7138,#696);
#451=LINE('',#7186,#697);
#452=LINE('',#7612,#698);
#453=LINE('',#7614,#699);
#454=VECTOR('',#3948,22.0291840370073);
#455=VECTOR('',#3955,22.0291840370073);
#456=VECTOR('',#3960,22.0291840370073);
#457=VECTOR('',#3967,22.0291840370073);
#458=VECTOR('',#3972,22.5);
#459=VECTOR('',#3975,22.5);
#460=VECTOR('',#4000,10.);
#461=VECTOR('',#4003,10.);
#462=VECTOR('',#4006,10.);
#463=VECTOR('',#4009,10.);
#464=VECTOR('',#4012,10.);
#465=VECTOR('',#4015,10.);
#466=VECTOR('',#4018,10.);
#467=VECTOR('',#4021,10.);
#468=VECTOR('',#4044,3.51162456638936);
#469=VECTOR('',#4053,2.75);
#470=VECTOR('',#4062,7.5);
#471=VECTOR('',#4081,7.5);
#472=VECTOR('',#4094,21.5);
#473=VECTOR('',#4097,10.);
#474=VECTOR('',#4100,10.);
#475=VECTOR('',#4103,10.);
#476=VECTOR('',#4106,10.);
#477=VECTOR('',#4109,10.);
#478=VECTOR('',#4112,10.);
#479=VECTOR('',#4115,10.);
#480=VECTOR('',#4118,10.);
#481=VECTOR('',#4131,21.205817875707);
#482=VECTOR('',#4144,10.);
#483=VECTOR('',#4145,10.);
#484=VECTOR('',#4146,10.);
#485=VECTOR('',#4149,10.);
#486=VECTOR('',#4150,10.);
#487=VECTOR('',#4151,10.);
#488=VECTOR('',#4154,10.);
#489=VECTOR('',#4155,10.);
#490=VECTOR('',#4156,10.);
#491=VECTOR('',#4159,10.);
#492=VECTOR('',#4160,10.);
#493=VECTOR('',#4161,10.);
#494=VECTOR('',#4164,10.);
#495=VECTOR('',#4165,10.);
#496=VECTOR('',#4166,10.);
#497=VECTOR('',#4167,10.);
#498=VECTOR('',#4170,10.);
#499=VECTOR('',#4171,10.);
#500=VECTOR('',#4172,10.);
#501=VECTOR('',#4175,10.);
#502=VECTOR('',#4176,10.);
#503=VECTOR('',#4177,10.);
#504=VECTOR('',#4228,10.);
#505=VECTOR('',#4229,10.);
#506=VECTOR('',#4230,10.);
#507=VECTOR('',#4231,10.);
#508=VECTOR('',#4234,10.);
#509=VECTOR('',#4235,10.);
#510=VECTOR('',#4236,10.);
#511=VECTOR('',#4239,10.);
#512=VECTOR('',#4240,10.);
#513=VECTOR('',#4241,10.);
#514=VECTOR('',#4294,10.);
#515=VECTOR('',#4295,10.);
#516=VECTOR('',#4298,10.);
#517=VECTOR('',#4299,10.);
#518=VECTOR('',#4304,10.);
#519=VECTOR('',#4305,10.);
#520=VECTOR('',#4308,10.);
#521=VECTOR('',#4309,10.);
#522=VECTOR('',#4314,10.);
#523=VECTOR('',#4315,10.);
#524=VECTOR('',#4318,10.);
#525=VECTOR('',#4319,10.);
#526=VECTOR('',#4324,10.);
#527=VECTOR('',#4325,10.);
#528=VECTOR('',#4328,10.);
#529=VECTOR('',#4329,10.);
#530=VECTOR('',#4334,10.);
#531=VECTOR('',#4337,10.);
#532=VECTOR('',#4342,10.);
#533=VECTOR('',#4345,10.);
#534=VECTOR('',#4350,10.);
#535=VECTOR('',#4353,10.);
#536=VECTOR('',#4358,10.);
#537=VECTOR('',#4361,10.);
#538=VECTOR('',#4370,20.6350157086013);
#539=VECTOR('',#4375,10.);
#540=VECTOR('',#4378,10.);
#541=VECTOR('',#4385,10.);
#542=VECTOR('',#4386,10.);
#543=VECTOR('',#4387,10.);
#544=VECTOR('',#4390,10.);
#545=VECTOR('',#4391,10.);
#546=VECTOR('',#4392,10.);
#547=VECTOR('',#4401,10.);
#548=VECTOR('',#4402,3.22766649305504);
#549=VECTOR('',#4403,10.);
#550=VECTOR('',#4406,10.);
#551=VECTOR('',#4407,10.);
#552=VECTOR('',#4410,10.);
#553=VECTOR('',#4411,10.);
#554=VECTOR('',#4414,10.);
#555=VECTOR('',#4415,10.);
#556=VECTOR('',#4418,10.);
#557=VECTOR('',#4419,10.);
#558=VECTOR('',#4422,10.);
#559=VECTOR('',#4423,10.);
#560=VECTOR('',#4428,10.);
#561=VECTOR('',#4431,10.);
#562=VECTOR('',#4438,10.);
#563=VECTOR('',#4439,10.);
#564=VECTOR('',#4442,10.);
#565=VECTOR('',#4443,10.);
#566=VECTOR('',#4446,10.);
#567=VECTOR('',#4447,10.);
#568=VECTOR('',#4452,10.);
#569=VECTOR('',#4453,3.22766649305504);
#570=VECTOR('',#4454,10.);
#571=VECTOR('',#4457,10.);
#572=VECTOR('',#4458,10.);
#573=VECTOR('',#4461,10.);
#574=VECTOR('',#4462,10.);
#575=VECTOR('',#4465,10.);
#576=VECTOR('',#4466,10.);
#577=VECTOR('',#4469,10.);
#578=VECTOR('',#4470,10.);
#579=VECTOR('',#4473,10.);
#580=VECTOR('',#4474,10.);
#581=VECTOR('',#4477,10.);
#582=VECTOR('',#4480,10.);
#583=VECTOR('',#4489,10.);
#584=VECTOR('',#4490,3.22766649305504);
#585=VECTOR('',#4491,10.);
#586=VECTOR('',#4494,10.);
#587=VECTOR('',#4495,10.);
#588=VECTOR('',#4498,10.);
#589=VECTOR('',#4499,10.);
#590=VECTOR('',#4502,10.);
#591=VECTOR('',#4503,10.);
#592=VECTOR('',#4506,10.);
#593=VECTOR('',#4507,10.);
#594=VECTOR('',#4510,10.);
#595=VECTOR('',#4511,10.);
#596=VECTOR('',#4516,10.);
#597=VECTOR('',#4519,10.);
#598=VECTOR('',#4526,10.);
#599=VECTOR('',#4527,3.22766649305504);
#600=VECTOR('',#4528,10.);
#601=VECTOR('',#4531,10.);
#602=VECTOR('',#4532,10.);
#603=VECTOR('',#4535,10.);
#604=VECTOR('',#4536,10.);
#605=VECTOR('',#4539,10.);
#606=VECTOR('',#4540,10.);
#607=VECTOR('',#4543,10.);
#608=VECTOR('',#4544,10.);
#609=VECTOR('',#4547,10.);
#610=VECTOR('',#4548,10.);
#611=VECTOR('',#4551,10.);
#612=VECTOR('',#4552,10.);
#613=VECTOR('',#4553,10.);
#614=VECTOR('',#4554,10.);
#615=VECTOR('',#4555,10.);
#616=VECTOR('',#4556,10.);
#617=VECTOR('',#4559,10.);
#618=VECTOR('',#4562,10.);
#619=VECTOR('',#4565,10.);
#620=VECTOR('',#4568,10.);
#621=VECTOR('',#4569,10.);
#622=VECTOR('',#4570,10.);
#623=VECTOR('',#4571,10.);
#624=VECTOR('',#4572,10.);
#625=VECTOR('',#4573,10.);
#626=VECTOR('',#4576,10.);
#627=VECTOR('',#4579,10.);
#628=VECTOR('',#4582,10.);
#629=VECTOR('',#4585,10.);
#630=VECTOR('',#4586,10.);
#631=VECTOR('',#4587,10.);
#632=VECTOR('',#4588,10.);
#633=VECTOR('',#4589,10.);
#634=VECTOR('',#4590,10.);
#635=VECTOR('',#4593,10.);
#636=VECTOR('',#4596,10.);
#637=VECTOR('',#4599,10.);
#638=VECTOR('',#4602,10.);
#639=VECTOR('',#4603,10.);
#640=VECTOR('',#4604,10.);
#641=VECTOR('',#4605,10.);
#642=VECTOR('',#4606,10.);
#643=VECTOR('',#4607,10.);
#644=VECTOR('',#4610,10.);
#645=VECTOR('',#4613,10.);
#646=VECTOR('',#4616,10.);
#647=VECTOR('',#4619,10.);
#648=VECTOR('',#4622,10.);
#649=VECTOR('',#4625,10.);
#650=VECTOR('',#4628,10.);
#651=VECTOR('',#4631,10.);
#652=VECTOR('',#4634,10.);
#653=VECTOR('',#4637,10.);
#654=VECTOR('',#4640,10.);
#655=VECTOR('',#4643,10.);
#656=VECTOR('',#4646,10.);
#657=VECTOR('',#4649,10.);
#658=VECTOR('',#4652,10.);
#659=VECTOR('',#4703,22.5);
#660=VECTOR('',#4708,10.);
#661=VECTOR('',#4709,10.);
#662=VECTOR('',#4712,10.);
#663=VECTOR('',#4713,10.);
#664=VECTOR('',#4722,22.3051115);
#665=VECTOR('',#4725,10.);
#666=VECTOR('',#4726,10.);
#667=VECTOR('',#4731,10.);
#668=VECTOR('',#4734,10.);
#669=VECTOR('',#4737,10.);
#670=VECTOR('',#4738,10.);
#671=VECTOR('',#4743,10.);
#672=VECTOR('',#4746,10.);
#673=VECTOR('',#4749,10.);
#674=VECTOR('',#4750,10.);
#675=VECTOR('',#4755,10.);
#676=VECTOR('',#4758,10.);
#677=VECTOR('',#4761,10.);
#678=VECTOR('',#4762,10.);
#679=VECTOR('',#4767,10.);
#680=VECTOR('',#4770,10.);
#681=VECTOR('',#4773,10.);
#682=VECTOR('',#4774,10.);
#683=VECTOR('',#4779,10.);
#684=VECTOR('',#4782,10.);
#685=VECTOR('',#4785,10.);
#686=VECTOR('',#4786,10.);
#687=VECTOR('',#4791,10.);
#688=VECTOR('',#4794,10.);
#689=VECTOR('',#4827,12.5);
#690=VECTOR('',#4832,12.428722);
#691=VECTOR('',#4853,10.4543275786132);
#692=VECTOR('',#4856,10.2639323143526);
#693=VECTOR('',#4861,6.28409091040336);
#694=VECTOR('',#4864,6.35556111186336);
#695=VECTOR('',#4869,4.31753740987723);
#696=VECTOR('',#4872,4.4211616718009);
#697=VECTOR('',#4875,4.);
#698=VECTOR('',#4894,1.64181093234818);
#699=VECTOR('',#4897,1.35314334556082);
#700=CONICAL_SURFACE('',#3582,22.0291840370073,0.707665190901798);
#701=CONICAL_SURFACE('',#3585,22.0291840370073,0.8631311358931);
#702=CONICAL_SURFACE('',#3587,22.0291840370073,0.785398163397472);
#703=CONICAL_SURFACE('',#3590,22.0291840370073,0.785398163397451);
#704=CONICAL_SURFACE('',#3632,7.5,1.19028994968253);
#705=CONICAL_SURFACE('',#3864,22.3051115,0.785398163397448);
#706=CONICAL_SURFACE('',#3875,3.9448885,0.785398163397448);
#707=CONICAL_SURFACE('',#3879,3.9448885,0.785398163397448);
#708=CONICAL_SURFACE('',#3883,3.9448885,0.785398163397448);
#709=CONICAL_SURFACE('',#3887,3.9448885,0.785398163397448);
#710=CONICAL_SURFACE('',#3890,22.3051115,0.785398163397451);
#711=CONICAL_SURFACE('',#3892,22.3051115,0.785398163397451);
#712=CONICAL_SURFACE('',#3894,22.3051115,0.785398163397451);
#713=CONICAL_SURFACE('',#3896,22.3051115,0.785398163397451);
#714=CONICAL_SURFACE('',#3906,12.428722,0.785398163397449);
#715=CONICAL_SURFACE('',#3916,10.4543275786132,0.245916339435165);
#716=CONICAL_SURFACE('',#3918,10.2639323143526,0.173566964671757);
#717=CONICAL_SURFACE('',#3921,6.35556111186336,0.245916339435157);
#718=CONICAL_SURFACE('',#3922,4.31753740987723,0.245916339435162);
#719=CONICAL_SURFACE('',#3924,4.4211616718009,0.245916339435165);
#720=CONICAL_SURFACE('',#3933,1.64181093234818,0.633871536725793);
#721=CONICAL_SURFACE('',#3935,1.35314334556082,0.585701497700979);
#722=(
BOUNDED_CURVE()
B_SPLINE_CURVE(2,(#5737,#5738,#5739),.UNSPECIFIED.,.F.,.F.)
B_SPLINE_CURVE_WITH_KNOTS((3,3),(0.500000000004,1.),.UNSPECIFIED.)
CURVE()
GEOMETRIC_REPRESENTATION_ITEM()
RATIONAL_B_SPLINE_CURVE((1.,1.,1.))
REPRESENTATION_ITEM('')
);
#723=(
BOUNDED_CURVE()
B_SPLINE_CURVE(2,(#5794,#5795,#5796),.UNSPECIFIED.,.F.,.F.)
B_SPLINE_CURVE_WITH_KNOTS((3,3),(0.,0.500000000004),.UNSPECIFIED.)
CURVE()
GEOMETRIC_REPRESENTATION_ITEM()
RATIONAL_B_SPLINE_CURVE((1.,1.,1.))
REPRESENTATION_ITEM('')
);
#724=(
BOUNDED_CURVE()
B_SPLINE_CURVE(2,(#5983,#5984,#5985),.UNSPECIFIED.,.F.,.F.)
B_SPLINE_CURVE_WITH_KNOTS((3,3),(0.499999999999992,1.),.UNSPECIFIED.)
CURVE()
GEOMETRIC_REPRESENTATION_ITEM()
RATIONAL_B_SPLINE_CURVE((1.,1.,1.))
REPRESENTATION_ITEM('')
);
#725=(
BOUNDED_CURVE()
B_SPLINE_CURVE(2,(#6185,#6186,#6187),.UNSPECIFIED.,.F.,.F.)
B_SPLINE_CURVE_WITH_KNOTS((3,3),(0.499999999996,1.),.UNSPECIFIED.)
CURVE()
GEOMETRIC_REPRESENTATION_ITEM()
RATIONAL_B_SPLINE_CURVE((1.,1.,1.))
REPRESENTATION_ITEM('')
);
#726=(
BOUNDED_CURVE()
B_SPLINE_CURVE(2,(#6242,#6243,#6244),.UNSPECIFIED.,.F.,.F.)
B_SPLINE_CURVE_WITH_KNOTS((3,3),(0.,0.499999999996),.UNSPECIFIED.)
CURVE()
GEOMETRIC_REPRESENTATION_ITEM()
RATIONAL_B_SPLINE_CURVE((1.,1.,1.))
REPRESENTATION_ITEM('')
);
#727=(
BOUNDED_CURVE()
B_SPLINE_CURVE(2,(#6289,#6290,#6291),.UNSPECIFIED.,.F.,.F.)
B_SPLINE_CURVE_WITH_KNOTS((3,3),(0.5,1.),.UNSPECIFIED.)
CURVE()
GEOMETRIC_REPRESENTATION_ITEM()
RATIONAL_B_SPLINE_CURVE((1.,1.,1.))
REPRESENTATION_ITEM('')
);
#728=(
BOUNDED_CURVE()
B_SPLINE_CURVE(2,(#7200,#7201,#7202),.UNSPECIFIED.,.F.,.F.)
B_SPLINE_CURVE_WITH_KNOTS((3,3),(0.,0.5),.UNSPECIFIED.)
CURVE()
GEOMETRIC_REPRESENTATION_ITEM()
RATIONAL_B_SPLINE_CURVE((1.,1.,1.))
REPRESENTATION_ITEM('')
);
#729=(
BOUNDED_CURVE()
B_SPLINE_CURVE(2,(#7209,#7210,#7211),.UNSPECIFIED.,.F.,.F.)
B_SPLINE_CURVE_WITH_KNOTS((3,3),(0.,0.499999999999992),.UNSPECIFIED.)
CURVE()
GEOMETRIC_REPRESENTATION_ITEM()
RATIONAL_B_SPLINE_CURVE((1.,1.,1.))
REPRESENTATION_ITEM('')
);
#730=CIRCLE('',#3579,0.217475510020422);
#731=CIRCLE('',#3580,0.217475510020155);
#732=CIRCLE('',#3581,0.217475510020155);
#733=CIRCLE('',#3583,21.5583680740147);
#734=CIRCLE('',#3584,22.5);
#735=CIRCLE('',#3586,22.5);
#736=CIRCLE('',#3588,21.5583680740147);
#737=CIRCLE('',#3589,22.5);
#738=CIRCLE('',#3591,22.5);
#739=CIRCLE('',#3593,22.5);
#740=CIRCLE('',#3596,21.5);
#741=CIRCLE('',#3597,0.748671);
#742=CIRCLE('',#3598,20.751329);
#743=CIRCLE('',#3599,21.5);
#744=CIRCLE('',#3601,11.5104035389371);
#745=CIRCLE('',#3602,3.729229);
#746=CIRCLE('',#3603,13.7534691866612);
#747=CIRCLE('',#3604,13.7534691866612);
#748=CIRCLE('',#3606,21.205817875707);
#749=CIRCLE('',#3607,0.167844);
#750=CIRCLE('',#3608,0.167844);
#751=CIRCLE('',#3609,0.167844);
#752=CIRCLE('',#3610,0.167844);
#753=CIRCLE('',#3611,0.167844);
#754=CIRCLE('',#3612,0.167844);
#755=CIRCLE('',#3613,0.167844);
#756=CIRCLE('',#3614,0.167844);
#757=CIRCLE('',#3615,15.9965348343853);
#758=CIRCLE('',#3617,3.729229);
#759=CIRCLE('',#3619,3.75);
#760=CIRCLE('',#3620,3.51162456638936);
#761=CIRCLE('',#3622,3.51162456638936);
#762=CIRCLE('',#3623,2.75);
#763=CIRCLE('',#3626,1.816538);
#764=CIRCLE('',#3628,2.75);
#765=CIRCLE('',#3629,2.75);
#766=CIRCLE('',#3631,0.933462);
#767=CIRCLE('',#3633,6.98918766334008);
#768=CIRCLE('',#3634,6.98918766334008);
#769=CIRCLE('',#3636,0.812607);
#770=CIRCLE('',#3637,7.5);
#771=CIRCLE('',#3638,7.5);
#772=CIRCLE('',#3640,8.312607);
#773=CIRCLE('',#3642,7.5);
#774=CIRCLE('',#3643,7.5);
#775=CIRCLE('',#3645,0.812607);
#776=CIRCLE('',#3647,21.5);
#777=CIRCLE('',#3648,21.5);
#778=CIRCLE('',#3649,21.5);
#779=CIRCLE('',#3650,21.5);
#780=CIRCLE('',#3651,21.5);
#781=CIRCLE('',#3652,21.5);
#782=CIRCLE('',#3653,21.5);
#783=CIRCLE('',#3654,21.5);
#784=CIRCLE('',#3655,21.5);
#785=CIRCLE('',#3656,21.5);
#786=CIRCLE('',#3658,21.447853);
#787=CIRCLE('',#3659,0.052147);
#788=CIRCLE('',#3661,21.205817875707);
#789=CIRCLE('',#3662,21.205817875707);
#790=CIRCLE('',#3664,21.257964875707);
#791=CIRCLE('',#3666,0.052147);
#792=CIRCLE('',#3675,0.167844);
#793=CIRCLE('',#3676,0.167844000000024);
#794=CIRCLE('',#3678,0.167843999999999);
#795=CIRCLE('',#3679,0.167844000000024);
#796=CIRCLE('',#3681,0.167844);
#797=CIRCLE('',#3682,0.167844000000024);
#798=CIRCLE('',#3684,0.167844);
#799=CIRCLE('',#3687,0.167843999999999);
#800=CIRCLE('',#3688,0.167844000000024);
#801=CIRCLE('',#3690,0.167843999999999);
#802=CIRCLE('',#3693,0.167843999999999);
#803=CIRCLE('',#3696,0.167843999999999);
#804=CIRCLE('',#3702,0.167843999999999);
#805=CIRCLE('',#3703,0.167844000000024);
#806=CIRCLE('',#3705,0.167844);
#807=CIRCLE('',#3706,0.167844000000024);
#808=CIRCLE('',#3708,0.167843999999999);
#809=CIRCLE('',#3709,0.167844000000024);
#810=CIRCLE('',#3711,0.167843999999999);
#811=CIRCLE('',#3714,0.167844);
#812=CIRCLE('',#3715,0.167844000000024);
#813=CIRCLE('',#3717,0.167843999999999);
#814=CIRCLE('',#3720,0.167843999999999);
#815=CIRCLE('',#3723,0.167843999999999);
#816=CIRCLE('',#3726,20.6350157086013);
#817=CIRCLE('',#3729,20.6350157086013);
#818=CIRCLE('',#3732,20.6350157086013);
#819=CIRCLE('',#3735,20.6350157086013);
#820=CIRCLE('',#3738,20.6350157086013);
#821=CIRCLE('',#3741,20.6350157086013);
#822=CIRCLE('',#3744,20.6350157086013);
#823=CIRCLE('',#3747,20.6350157086013);
#824=CIRCLE('',#3750,20.6350157086013);
#825=CIRCLE('',#3752,20.6350157086013);
#826=CIRCLE('',#3755,3.75);
#827=CIRCLE('',#3756,22.5);
#828=CIRCLE('',#3757,3.22766649305504);
#829=CIRCLE('',#3761,3.75);
#830=CIRCLE('',#3763,3.22766649305504);
#831=CIRCLE('',#3764,3.22766649305504);
#832=CIRCLE('',#3765,3.22766649305504);
#833=CIRCLE('',#3766,3.22766649305504);
#834=CIRCLE('',#3767,3.22766649305504);
#835=CIRCLE('',#3768,3.22766649305504);
#836=CIRCLE('',#3770,3.75);
#837=CIRCLE('',#3771,22.5);
#838=CIRCLE('',#3772,3.22766649305504);
#839=CIRCLE('',#3774,3.75);
#840=CIRCLE('',#3778,3.22766649305504);
#841=CIRCLE('',#3779,3.22766649305504);
#842=CIRCLE('',#3780,3.22766649305504);
#843=CIRCLE('',#3781,3.22766649305504);
#844=CIRCLE('',#3782,3.22766649305504);
#845=CIRCLE('',#3783,3.22766649305504);
#846=CIRCLE('',#3785,3.75);
#847=CIRCLE('',#3786,22.5);
#848=CIRCLE('',#3787,3.22766649305504);
#849=CIRCLE('',#3789,3.22766649305504);
#850=CIRCLE('',#3790,3.22766649305504);
#851=CIRCLE('',#3791,3.22766649305504);
#852=CIRCLE('',#3792,3.22766649305504);
#853=CIRCLE('',#3793,3.22766649305504);
#854=CIRCLE('',#3794,3.22766649305504);
#855=CIRCLE('',#3796,3.75);
#856=CIRCLE('',#3797,22.5);
#857=CIRCLE('',#3798,3.22766649305504);
#858=CIRCLE('',#3800,3.22766649305504);
#859=CIRCLE('',#3801,3.22766649305504);
#860=CIRCLE('',#3802,3.22766649305504);
#861=CIRCLE('',#3803,3.22766649305504);
#862=CIRCLE('',#3804,3.22766649305504);
#863=CIRCLE('',#3805,3.22766649305504);
#864=CIRCLE('',#3859,22.5);
#865=CIRCLE('',#3860,22.5);
#866=CIRCLE('',#3861,22.5);
#867=CIRCLE('',#3862,22.5);
#868=CIRCLE('',#3863,22.5);
#869=CIRCLE('',#3865,22.110223);
#870=CIRCLE('',#3868,3.75);
#871=CIRCLE('',#3872,3.75);
#872=CIRCLE('',#3876,4.139777);
#873=CIRCLE('',#3880,4.139777);
#874=CIRCLE('',#3884,4.139777);
#875=CIRCLE('',#3888,4.139777);
#876=CIRCLE('',#3891,22.110223);
#877=CIRCLE('',#3893,22.110223);
#878=CIRCLE('',#3895,22.110223);
#879=CIRCLE('',#3897,22.110223);
#880=CIRCLE('',#3900,12.5);
#881=CIRCLE('',#3902,10.1856305194635);
#882=CIRCLE('',#3903,6.42703131332337);
#883=CIRCLE('',#3905,12.5);
#884=CIRCLE('',#3907,12.357444);
#885=CIRCLE('',#3909,4.26572527891539);
#886=CIRCLE('',#3910,4.);
#887=CIRCLE('',#3912,6.28409091040336);
#888=CIRCLE('',#3913,4.47297380276273);
#889=CIRCLE('',#3915,10.5664210479848);
#890=CIRCLE('',#3917,10.3422341092417);
#891=CIRCLE('',#3920,6.28409091040336);
#892=CIRCLE('',#3923,4.36934954083906);
#893=CIRCLE('',#3928,0.217475510020422);
#894=CIRCLE('',#3931,1.79354645873641);
#895=CIRCLE('',#3932,1.21621128516168);
#896=CIRCLE('',#3934,1.49007540595995);
#897=FACE_OUTER_BOUND('',#1117,.T.);
#898=FACE_OUTER_BOUND('',#1118,.T.);
#899=FACE_OUTER_BOUND('',#1119,.T.);
#900=FACE_OUTER_BOUND('',#1120,.T.);
#901=FACE_OUTER_BOUND('',#1121,.T.);
#902=FACE_OUTER_BOUND('',#1122,.T.);
#903=FACE_OUTER_BOUND('',#1123,.T.);
#904=FACE_OUTER_BOUND('',#1124,.T.);
#905=FACE_OUTER_BOUND('',#1125,.T.);
#906=FACE_OUTER_BOUND('',#1126,.T.);
#907=FACE_OUTER_BOUND('',#1127,.T.);
#908=FACE_OUTER_BOUND('',#1128,.T.);
#909=FACE_OUTER_BOUND('',#1129,.T.);
#910=FACE_OUTER_BOUND('',#1130,.T.);
#911=FACE_OUTER_BOUND('',#1131,.T.);
#912=FACE_OUTER_BOUND('',#1132,.T.);
#913=FACE_OUTER_BOUND('',#1133,.T.);
#914=FACE_OUTER_BOUND('',#1134,.T.);
#915=FACE_OUTER_BOUND('',#1135,.T.);
#916=FACE_OUTER_BOUND('',#1136,.T.);
#917=FACE_OUTER_BOUND('',#1137,.T.);
#918=FACE_OUTER_BOUND('',#1138,.T.);
#919=FACE_OUTER_BOUND('',#1139,.T.);
#920=FACE_OUTER_BOUND('',#1140,.T.);
#921=FACE_OUTER_BOUND('',#1141,.T.);
#922=FACE_OUTER_BOUND('',#1142,.T.);
#923=FACE_OUTER_BOUND('',#1143,.T.);
#924=FACE_OUTER_BOUND('',#1144,.T.);
#925=FACE_OUTER_BOUND('',#1145,.T.);
#926=FACE_OUTER_BOUND('',#1149,.T.);
#927=FACE_OUTER_BOUND('',#1150,.T.);
#928=FACE_OUTER_BOUND('',#1152,.T.);
#929=FACE_OUTER_BOUND('',#1154,.T.);
#930=FACE_OUTER_BOUND('',#1155,.T.);
#931=FACE_OUTER_BOUND('',#1156,.T.);
#932=FACE_OUTER_BOUND('',#1157,.T.);
#933=FACE_OUTER_BOUND('',#1158,.T.);
#934=FACE_OUTER_BOUND('',#1159,.T.);
#935=FACE_OUTER_BOUND('',#1160,.T.);
#936=FACE_OUTER_BOUND('',#1162,.T.);
#937=FACE_OUTER_BOUND('',#1163,.T.);
#938=FACE_OUTER_BOUND('',#1164,.T.);
#939=FACE_OUTER_BOUND('',#1169,.T.);
#940=FACE_OUTER_BOUND('',#1170,.T.);
#941=FACE_OUTER_BOUND('',#1171,.T.);
#942=FACE_OUTER_BOUND('',#1173,.T.);
#943=FACE_OUTER_BOUND('',#1174,.T.);
#944=FACE_OUTER_BOUND('',#1175,.T.);
#945=FACE_OUTER_BOUND('',#1176,.T.);
#946=FACE_OUTER_BOUND('',#1177,.T.);
#947=FACE_OUTER_BOUND('',#1178,.T.);
#948=FACE_OUTER_BOUND('',#1179,.T.);
#949=FACE_OUTER_BOUND('',#1180,.T.);
#950=FACE_OUTER_BOUND('',#1181,.T.);
#951=FACE_OUTER_BOUND('',#1182,.T.);
#952=FACE_OUTER_BOUND('',#1183,.T.);
#953=FACE_OUTER_BOUND('',#1184,.T.);
#954=FACE_OUTER_BOUND('',#1185,.T.);
#955=FACE_OUTER_BOUND('',#1186,.T.);
#956=FACE_OUTER_BOUND('',#1187,.T.);
#957=FACE_OUTER_BOUND('',#1188,.T.);
#958=FACE_OUTER_BOUND('',#1189,.T.);
#959=FACE_OUTER_BOUND('',#1190,.T.);
#960=FACE_OUTER_BOUND('',#1191,.T.);
#961=FACE_OUTER_BOUND('',#1192,.T.);
#962=FACE_OUTER_BOUND('',#1193,.T.);
#963=FACE_OUTER_BOUND('',#1194,.T.);
#964=FACE_OUTER_BOUND('',#1195,.T.);
#965=FACE_OUTER_BOUND('',#1196,.T.);
#966=FACE_OUTER_BOUND('',#1197,.T.);
#967=FACE_OUTER_BOUND('',#1198,.T.);
#968=FACE_OUTER_BOUND('',#1199,.T.);
#969=FACE_OUTER_BOUND('',#1200,.T.);
#970=FACE_OUTER_BOUND('',#1201,.T.);
#971=FACE_OUTER_BOUND('',#1202,.T.);
#972=FACE_OUTER_BOUND('',#1203,.T.);
#973=FACE_OUTER_BOUND('',#1204,.T.);
#974=FACE_OUTER_BOUND('',#1205,.T.);
#975=FACE_OUTER_BOUND('',#1206,.T.);
#976=FACE_OUTER_BOUND('',#1207,.T.);
#977=FACE_OUTER_BOUND('',#1208,.T.);
#978=FACE_OUTER_BOUND('',#1209,.T.);
#979=FACE_OUTER_BOUND('',#1210,.T.);
#980=FACE_OUTER_BOUND('',#1211,.T.);
#981=FACE_OUTER_BOUND('',#1212,.T.);
#982=FACE_OUTER_BOUND('',#1213,.T.);
#983=FACE_OUTER_BOUND('',#1214,.T.);
#984=FACE_OUTER_BOUND('',#1215,.T.);
#985=FACE_OUTER_BOUND('',#1216,.T.);
#986=FACE_OUTER_BOUND('',#1217,.T.);
#987=FACE_OUTER_BOUND('',#1218,.T.);
#988=FACE_OUTER_BOUND('',#1219,.T.);
#989=FACE_OUTER_BOUND('',#1220,.T.);
#990=FACE_OUTER_BOUND('',#1221,.T.);
#991=FACE_OUTER_BOUND('',#1222,.T.);
#992=FACE_OUTER_BOUND('',#1223,.T.);
#993=FACE_OUTER_BOUND('',#1224,.T.);
#994=FACE_OUTER_BOUND('',#1225,.T.);
#995=FACE_OUTER_BOUND('',#1230,.T.);
#996=FACE_OUTER_BOUND('',#1231,.T.);
#997=FACE_OUTER_BOUND('',#1233,.T.);
#998=FACE_OUTER_BOUND('',#1234,.T.);
#999=FACE_OUTER_BOUND('',#1235,.T.);
#1000=FACE_OUTER_BOUND('',#1236,.T.);
#1001=FACE_OUTER_BOUND('',#1237,.T.);
#1002=FACE_OUTER_BOUND('',#1239,.T.);
#1003=FACE_OUTER_BOUND('',#1240,.T.);
#1004=FACE_OUTER_BOUND('',#1241,.T.);
#1005=FACE_OUTER_BOUND('',#1242,.T.);
#1006=FACE_OUTER_BOUND('',#1243,.T.);
#1007=FACE_OUTER_BOUND('',#1245,.T.);
#1008=FACE_OUTER_BOUND('',#1246,.T.);
#1009=FACE_OUTER_BOUND('',#1248,.T.);
#1010=FACE_OUTER_BOUND('',#1249,.T.);
#1011=FACE_OUTER_BOUND('',#1250,.T.);
#1012=FACE_OUTER_BOUND('',#1251,.T.);
#1013=FACE_OUTER_BOUND('',#1252,.T.);
#1014=FACE_OUTER_BOUND('',#1253,.T.);
#1015=FACE_OUTER_BOUND('',#1254,.T.);
#1016=FACE_OUTER_BOUND('',#1255,.T.);
#1017=FACE_OUTER_BOUND('',#1256,.T.);
#1018=FACE_OUTER_BOUND('',#1257,.T.);
#1019=FACE_OUTER_BOUND('',#1258,.T.);
#1020=FACE_OUTER_BOUND('',#1259,.T.);
#1021=FACE_OUTER_BOUND('',#1260,.T.);
#1022=FACE_OUTER_BOUND('',#1261,.T.);
#1023=FACE_OUTER_BOUND('',#1262,.T.);
#1024=FACE_OUTER_BOUND('',#1263,.T.);
#1025=FACE_OUTER_BOUND('',#1264,.T.);
#1026=FACE_OUTER_BOUND('',#1265,.T.);
#1027=FACE_OUTER_BOUND('',#1266,.T.);
#1028=FACE_OUTER_BOUND('',#1267,.T.);
#1029=FACE_OUTER_BOUND('',#1268,.T.);
#1030=FACE_OUTER_BOUND('',#1269,.T.);
#1031=FACE_OUTER_BOUND('',#1270,.T.);
#1032=FACE_OUTER_BOUND('',#1271,.T.);
#1033=FACE_OUTER_BOUND('',#1272,.T.);
#1034=FACE_OUTER_BOUND('',#1273,.T.);
#1035=FACE_OUTER_BOUND('',#1274,.T.);
#1036=FACE_OUTER_BOUND('',#1275,.T.);
#1037=FACE_OUTER_BOUND('',#1276,.T.);
#1038=FACE_OUTER_BOUND('',#1277,.T.);
#1039=FACE_OUTER_BOUND('',#1278,.T.);
#1040=FACE_OUTER_BOUND('',#1279,.T.);
#1041=FACE_OUTER_BOUND('',#1280,.T.);
#1042=FACE_OUTER_BOUND('',#1281,.T.);
#1043=FACE_OUTER_BOUND('',#1282,.T.);
#1044=FACE_OUTER_BOUND('',#1283,.T.);
#1045=FACE_OUTER_BOUND('',#1284,.T.);
#1046=FACE_OUTER_BOUND('',#1285,.T.);
#1047=FACE_OUTER_BOUND('',#1286,.T.);
#1048=FACE_OUTER_BOUND('',#1287,.T.);
#1049=FACE_OUTER_BOUND('',#1288,.T.);
#1050=FACE_OUTER_BOUND('',#1289,.T.);
#1051=FACE_OUTER_BOUND('',#1290,.T.);
#1052=FACE_OUTER_BOUND('',#1291,.T.);
#1053=FACE_OUTER_BOUND('',#1292,.T.);
#1054=FACE_OUTER_BOUND('',#1293,.T.);
#1055=FACE_OUTER_BOUND('',#1294,.T.);
#1056=FACE_OUTER_BOUND('',#1295,.T.);
#1057=FACE_OUTER_BOUND('',#1296,.T.);
#1058=FACE_OUTER_BOUND('',#1297,.T.);
#1059=FACE_OUTER_BOUND('',#1298,.T.);
#1060=FACE_OUTER_BOUND('',#1299,.T.);
#1061=FACE_OUTER_BOUND('',#1300,.T.);
#1062=FACE_OUTER_BOUND('',#1301,.T.);
#1063=FACE_OUTER_BOUND('',#1302,.T.);
#1064=FACE_OUTER_BOUND('',#1303,.T.);
#1065=FACE_OUTER_BOUND('',#1304,.T.);
#1066=FACE_OUTER_BOUND('',#1305,.T.);
#1067=FACE_OUTER_BOUND('',#1306,.T.);
#1068=FACE_OUTER_BOUND('',#1307,.T.);
#1069=FACE_OUTER_BOUND('',#1308,.T.);
#1070=FACE_OUTER_BOUND('',#1309,.T.);
#1071=FACE_OUTER_BOUND('',#1310,.T.);
#1072=FACE_OUTER_BOUND('',#1311,.T.);
#1073=FACE_OUTER_BOUND('',#1312,.T.);
#1074=FACE_OUTER_BOUND('',#1313,.T.);
#1075=FACE_OUTER_BOUND('',#1314,.T.);
#1076=FACE_OUTER_BOUND('',#1315,.T.);
#1077=FACE_OUTER_BOUND('',#1316,.T.);
#1078=FACE_OUTER_BOUND('',#1317,.T.);
#1079=FACE_OUTER_BOUND('',#1318,.T.);
#1080=FACE_OUTER_BOUND('',#1319,.T.);
#1081=FACE_OUTER_BOUND('',#1320,.T.);
#1082=FACE_OUTER_BOUND('',#1321,.T.);
#1083=FACE_OUTER_BOUND('',#1322,.T.);
#1084=FACE_OUTER_BOUND('',#1323,.T.);
#1085=FACE_OUTER_BOUND('',#1324,.T.);
#1086=FACE_OUTER_BOUND('',#1325,.T.);
#1087=FACE_OUTER_BOUND('',#1327,.T.);
#1088=FACE_OUTER_BOUND('',#1329,.T.);
#1089=FACE_OUTER_BOUND('',#1331,.T.);
#1090=FACE_OUTER_BOUND('',#1332,.T.);
#1091=FACE_OUTER_BOUND('',#1333,.T.);
#1092=FACE_OUTER_BOUND('',#1335,.T.);
#1093=FACE_OUTER_BOUND('',#1337,.T.);
#1094=FACE_OUTER_BOUND('',#1339,.T.);
#1095=FACE_OUTER_BOUND('',#1340,.T.);
#1096=FACE_OUTER_BOUND('',#1341,.T.);
#1097=FACE_OUTER_BOUND('',#1342,.T.);
#1098=FACE_OUTER_BOUND('',#1343,.T.);
#1099=FACE_OUTER_BOUND('',#1344,.T.);
#1100=FACE_OUTER_BOUND('',#1345,.T.);
#1101=FACE_OUTER_BOUND('',#1346,.T.);
#1102=FACE_OUTER_BOUND('',#1347,.T.);
#1103=FACE_OUTER_BOUND('',#1348,.T.);
#1104=FACE_OUTER_BOUND('',#1349,.T.);
#1105=FACE_OUTER_BOUND('',#1350,.T.);
#1106=FACE_OUTER_BOUND('',#1351,.T.);
#1107=FACE_OUTER_BOUND('',#1352,.T.);
#1108=FACE_OUTER_BOUND('',#1353,.T.);
#1109=FACE_OUTER_BOUND('',#1354,.T.);
#1110=FACE_OUTER_BOUND('',#1355,.T.);
#1111=FACE_OUTER_BOUND('',#1356,.T.);
#1112=FACE_OUTER_BOUND('',#1357,.T.);
#1113=FACE_OUTER_BOUND('',#1358,.T.);
#1114=FACE_OUTER_BOUND('',#1359,.T.);
#1115=FACE_OUTER_BOUND('',#1361,.T.);
#1116=FACE_OUTER_BOUND('',#1362,.T.);
#1117=EDGE_LOOP('',(#2238,#2239,#2240,#2241));
#1118=EDGE_LOOP('',(#2242,#2243,#2244,#2245));
#1119=EDGE_LOOP('',(#2246,#2247,#2248,#2249));
#1120=EDGE_LOOP('',(#2250,#2251,#2252,#2253));
#1121=EDGE_LOOP('',(#2254,#2255,#2256,#2257));
#1122=EDGE_LOOP('',(#2258,#2259,#2260,#2261));
#1123=EDGE_LOOP('',(#2262,#2263,#2264,#2265));
#1124=EDGE_LOOP('',(#2266,#2267,#2268,#2269));
#1125=EDGE_LOOP('',(#2270,#2271,#2272,#2273));
#1126=EDGE_LOOP('',(#2274,#2275,#2276,#2277));
#1127=EDGE_LOOP('',(#2278,#2279,#2280,#2281));
#1128=EDGE_LOOP('',(#2282,#2283,#2284,#2285));
#1129=EDGE_LOOP('',(#2286,#2287,#2288,#2289,#2290));
#1130=EDGE_LOOP('',(#2291,#2292,#2293,#2294,#2295));
#1131=EDGE_LOOP('',(#2296,#2297,#2298,#2299));
#1132=EDGE_LOOP('',(#2300,#2301,#2302,#2303,#2304));
#1133=EDGE_LOOP('',(#2305,#2306,#2307,#2308,#2309));
#1134=EDGE_LOOP('',(#2310,#2311,#2312,#2313));
#1135=EDGE_LOOP('',(#2314,#2315,#2316,#2317));
#1136=EDGE_LOOP('',(#2318,#2319,#2320,#2321));
#1137=EDGE_LOOP('',(#2322,#2323,#2324,#2325));
#1138=EDGE_LOOP('',(#2326,#2327,#2328,#2329));
#1139=EDGE_LOOP('',(#2330,#2331,#2332,#2333));
#1140=EDGE_LOOP('',(#2334,#2335,#2336,#2337));
#1141=EDGE_LOOP('',(#2338,#2339,#2340,#2341));
#1142=EDGE_LOOP('',(#2342,#2343,#2344,#2345));
#1143=EDGE_LOOP('',(#2346,#2347,#2348,#2349,#2350));
#1144=EDGE_LOOP('',(#2351,#2352,#2353,#2354,#2355));
#1145=EDGE_LOOP('',(#2356));
#1146=EDGE_LOOP('',(#2357,#2358,#2359,#2360,#2361,#2362,#2363,#2364));
#1147=EDGE_LOOP('',(#2365,#2366,#2367,#2368,#2369,#2370,#2371,#2372));
#1148=EDGE_LOOP('',(#2373));
#1149=EDGE_LOOP('',(#2374,#2375,#2376,#2377,#2378));
#1150=EDGE_LOOP('',(#2379));
#1151=EDGE_LOOP('',(#2380));
#1152=EDGE_LOOP('',(#2381));
#1153=EDGE_LOOP('',(#2382));
#1154=EDGE_LOOP('',(#2383,#2384,#2385,#2386));
#1155=EDGE_LOOP('',(#2387));
#1156=EDGE_LOOP('',(#2388,#2389,#2390,#2391,#2392));
#1157=EDGE_LOOP('',(#2393,#2394,#2395,#2396,#2397));
#1158=EDGE_LOOP('',(#2398,#2399,#2400,#2401,#2402));
#1159=EDGE_LOOP('',(#2403,#2404,#2405,#2406,#2407,#2408));
#1160=EDGE_LOOP('',(#2409));
#1161=EDGE_LOOP('',(#2410));
#1162=EDGE_LOOP('',(#2411,#2412,#2413,#2414,#2415,#2416));
#1163=EDGE_LOOP('',(#2417,#2418,#2419,#2420,#2421));
#1164=EDGE_LOOP('',(#2422,#2423,#2424,#2425,#2426,#2427));
#1165=EDGE_LOOP('',(#2428,#2429,#2430,#2431));
#1166=EDGE_LOOP('',(#2432,#2433,#2434,#2435));
#1167=EDGE_LOOP('',(#2436,#2437,#2438,#2439));
#1168=EDGE_LOOP('',(#2440,#2441,#2442,#2443));
#1169=EDGE_LOOP('',(#2444,#2445,#2446,#2447,#2448));
#1170=EDGE_LOOP('',(#2449,#2450,#2451,#2452,#2453));
#1171=EDGE_LOOP('',(#2454));
#1172=EDGE_LOOP('',(#2455));
#1173=EDGE_LOOP('',(#2456,#2457,#2458,#2459,#2460));
#1174=EDGE_LOOP('',(#2461,#2462,#2463,#2464));
#1175=EDGE_LOOP('',(#2465,#2466,#2467,#2468));
#1176=EDGE_LOOP('',(#2469,#2470,#2471,#2472));
#1177=EDGE_LOOP('',(#2473,#2474,#2475,#2476));
#1178=EDGE_LOOP('',(#2477,#2478,#2479,#2480));
#1179=EDGE_LOOP('',(#2481,#2482,#2483,#2484));
#1180=EDGE_LOOP('',(#2485,#2486,#2487,#2488));
#1181=EDGE_LOOP('',(#2489,#2490,#2491,#2492));
#1182=EDGE_LOOP('',(#2493,#2494,#2495,#2496));
#1183=EDGE_LOOP('',(#2497,#2498,#2499,#2500));
#1184=EDGE_LOOP('',(#2501,#2502,#2503,#2504));
#1185=EDGE_LOOP('',(#2505,#2506,#2507));
#1186=EDGE_LOOP('',(#2508,#2509,#2510,#2511));
#1187=EDGE_LOOP('',(#2512,#2513,#2514,#2515));
#1188=EDGE_LOOP('',(#2516,#2517,#2518));
#1189=EDGE_LOOP('',(#2519,#2520,#2521,#2522));
#1190=EDGE_LOOP('',(#2523,#2524,#2525));
#1191=EDGE_LOOP('',(#2526,#2527,#2528,#2529));
#1192=EDGE_LOOP('',(#2530,#2531,#2532));
#1193=EDGE_LOOP('',(#2533,#2534,#2535,#2536));
#1194=EDGE_LOOP('',(#2537,#2538,#2539,#2540));
#1195=EDGE_LOOP('',(#2541,#2542,#2543,#2544));
#1196=EDGE_LOOP('',(#2545,#2546,#2547,#2548));
#1197=EDGE_LOOP('',(#2549,#2550,#2551,#2552));
#1198=EDGE_LOOP('',(#2553,#2554,#2555,#2556));
#1199=EDGE_LOOP('',(#2557,#2558,#2559,#2560));
#1200=EDGE_LOOP('',(#2561,#2562,#2563));
#1201=EDGE_LOOP('',(#2564,#2565,#2566,#2567));
#1202=EDGE_LOOP('',(#2568,#2569,#2570,#2571));
#1203=EDGE_LOOP('',(#2572,#2573,#2574));
#1204=EDGE_LOOP('',(#2575,#2576,#2577,#2578));
#1205=EDGE_LOOP('',(#2579,#2580,#2581));
#1206=EDGE_LOOP('',(#2582,#2583,#2584,#2585));
#1207=EDGE_LOOP('',(#2586,#2587,#2588));
#1208=EDGE_LOOP('',(#2589,#2590,#2591,#2592));
#1209=EDGE_LOOP('',(#2593,#2594,#2595,#2596));
#1210=EDGE_LOOP('',(#2597,#2598,#2599,#2600));
#1211=EDGE_LOOP('',(#2601,#2602,#2603,#2604));
#1212=EDGE_LOOP('',(#2605,#2606,#2607,#2608));
#1213=EDGE_LOOP('',(#2609,#2610,#2611,#2612));
#1214=EDGE_LOOP('',(#2613,#2614,#2615,#2616));
#1215=EDGE_LOOP('',(#2617,#2618,#2619,#2620));
#1216=EDGE_LOOP('',(#2621,#2622,#2623,#2624));
#1217=EDGE_LOOP('',(#2625,#2626,#2627,#2628));
#1218=EDGE_LOOP('',(#2629,#2630,#2631,#2632));
#1219=EDGE_LOOP('',(#2633,#2634,#2635,#2636));
#1220=EDGE_LOOP('',(#2637,#2638,#2639,#2640));
#1221=EDGE_LOOP('',(#2641,#2642,#2643,#2644));
#1222=EDGE_LOOP('',(#2645,#2646,#2647,#2648));
#1223=EDGE_LOOP('',(#2649,#2650,#2651,#2652));
#1224=EDGE_LOOP('',(#2653));
#1225=EDGE_LOOP('',(#2654,#2655,#2656,#2657));
#1226=EDGE_LOOP('',(#2658,#2659,#2660,#2661));
#1227=EDGE_LOOP('',(#2662,#2663,#2664,#2665));
#1228=EDGE_LOOP('',(#2666,#2667,#2668,#2669));
#1229=EDGE_LOOP('',(#2670,#2671,#2672,#2673));
#1230=EDGE_LOOP('',(#2674));
#1231=EDGE_LOOP('',(#2675,#2676,#2677,#2678));
#1232=EDGE_LOOP('',(#2679));
#1233=EDGE_LOOP('',(#2680,#2681,#2682,#2683));
#1234=EDGE_LOOP('',(#2684,#2685,#2686,#2687));
#1235=EDGE_LOOP('',(#2688,#2689,#2690,#2691));
#1236=EDGE_LOOP('',(#2692,#2693,#2694,#2695,#2696,#2697,#2698,#2699,#2700,
#2701,#2702,#2703,#2704,#2705,#2706,#2707,#2708,#2709,#2710,#2711,#2712));
#1237=EDGE_LOOP('',(#2713,#2714,#2715,#2716));
#1238=EDGE_LOOP('',(#2717));
#1239=EDGE_LOOP('',(#2718,#2719,#2720,#2721));
#1240=EDGE_LOOP('',(#2722,#2723,#2724,#2725));
#1241=EDGE_LOOP('',(#2726,#2727,#2728,#2729));
#1242=EDGE_LOOP('',(#2730,#2731,#2732,#2733,#2734,#2735,#2736,#2737,#2738,
#2739,#2740,#2741,#2742,#2743,#2744,#2745,#2746,#2747,#2748,#2749,#2750));
#1243=EDGE_LOOP('',(#2751,#2752,#2753,#2754));
#1244=EDGE_LOOP('',(#2755));
#1245=EDGE_LOOP('',(#2756,#2757,#2758,#2759,#2760,#2761,#2762,#2763,#2764,
#2765,#2766,#2767,#2768,#2769,#2770,#2771,#2772,#2773,#2774,#2775,#2776));
#1246=EDGE_LOOP('',(#2777,#2778,#2779,#2780));
#1247=EDGE_LOOP('',(#2781));
#1248=EDGE_LOOP('',(#2782,#2783,#2784,#2785,#2786,#2787,#2788,#2789,#2790,
#2791,#2792,#2793,#2794,#2795,#2796,#2797,#2798,#2799,#2800,#2801,#2802));
#1249=EDGE_LOOP('',(#2803,#2804,#2805,#2806,#2807,#2808));
#1250=EDGE_LOOP('',(#2809,#2810,#2811,#2812));
#1251=EDGE_LOOP('',(#2813,#2814,#2815,#2816));
#1252=EDGE_LOOP('',(#2817,#2818,#2819,#2820));
#1253=EDGE_LOOP('',(#2821,#2822,#2823,#2824,#2825,#2826));
#1254=EDGE_LOOP('',(#2827,#2828,#2829,#2830));
#1255=EDGE_LOOP('',(#2831,#2832,#2833,#2834));
#1256=EDGE_LOOP('',(#2835,#2836,#2837,#2838));
#1257=EDGE_LOOP('',(#2839,#2840,#2841,#2842,#2843,#2844));
#1258=EDGE_LOOP('',(#2845,#2846,#2847,#2848));
#1259=EDGE_LOOP('',(#2849,#2850,#2851,#2852));
#1260=EDGE_LOOP('',(#2853,#2854,#2855,#2856));
#1261=EDGE_LOOP('',(#2857,#2858,#2859,#2860,#2861,#2862));
#1262=EDGE_LOOP('',(#2863,#2864,#2865,#2866));
#1263=EDGE_LOOP('',(#2867,#2868,#2869,#2870));
#1264=EDGE_LOOP('',(#2871,#2872,#2873,#2874));
#1265=EDGE_LOOP('',(#2875,#2876,#2877,#2878));
#1266=EDGE_LOOP('',(#2879,#2880,#2881,#2882));
#1267=EDGE_LOOP('',(#2883,#2884,#2885,#2886));
#1268=EDGE_LOOP('',(#2887,#2888,#2889,#2890));
#1269=EDGE_LOOP('',(#2891,#2892,#2893,#2894));
#1270=EDGE_LOOP('',(#2895,#2896,#2897,#2898));
#1271=EDGE_LOOP('',(#2899,#2900,#2901,#2902));
#1272=EDGE_LOOP('',(#2903,#2904,#2905,#2906));
#1273=EDGE_LOOP('',(#2907,#2908,#2909,#2910));
#1274=EDGE_LOOP('',(#2911,#2912,#2913,#2914));
#1275=EDGE_LOOP('',(#2915,#2916,#2917,#2918));
#1276=EDGE_LOOP('',(#2919,#2920,#2921,#2922));
#1277=EDGE_LOOP('',(#2923,#2924));
#1278=EDGE_LOOP('',(#2925,#2926));
#1279=EDGE_LOOP('',(#2927,#2928));
#1280=EDGE_LOOP('',(#2929,#2930));
#1281=EDGE_LOOP('',(#2931,#2932));
#1282=EDGE_LOOP('',(#2933,#2934));
#1283=EDGE_LOOP('',(#2935,#2936));
#1284=EDGE_LOOP('',(#2937,#2938));
#1285=EDGE_LOOP('',(#2939,#2940));
#1286=EDGE_LOOP('',(#2941,#2942));
#1287=EDGE_LOOP('',(#2943,#2944));
#1288=EDGE_LOOP('',(#2945,#2946));
#1289=EDGE_LOOP('',(#2947,#2948));
#1290=EDGE_LOOP('',(#2949,#2950));
#1291=EDGE_LOOP('',(#2951,#2952));
#1292=EDGE_LOOP('',(#2953,#2954));
#1293=EDGE_LOOP('',(#2955,#2956));
#1294=EDGE_LOOP('',(#2957,#2958));
#1295=EDGE_LOOP('',(#2959,#2960));
#1296=EDGE_LOOP('',(#2961,#2962));
#1297=EDGE_LOOP('',(#2963,#2964));
#1298=EDGE_LOOP('',(#2965,#2966));
#1299=EDGE_LOOP('',(#2967,#2968));
#1300=EDGE_LOOP('',(#2969,#2970));
#1301=EDGE_LOOP('',(#2971,#2972,#2973,#2974,#2975,#2976,#2977,#2978,#2979,
#2980,#2981,#2982,#2983,#2984,#2985,#2986,#2987,#2988,#2989,#2990));
#1302=EDGE_LOOP('',(#2991,#2992,#2993,#2994));
#1303=EDGE_LOOP('',(#2995,#2996,#2997,#2998));
#1304=EDGE_LOOP('',(#2999,#3000,#3001,#3002));
#1305=EDGE_LOOP('',(#3003,#3004,#3005,#3006));
#1306=EDGE_LOOP('',(#3007,#3008,#3009,#3010));
#1307=EDGE_LOOP('',(#3011,#3012,#3013,#3014));
#1308=EDGE_LOOP('',(#3015,#3016,#3017,#3018));
#1309=EDGE_LOOP('',(#3019,#3020,#3021,#3022));
#1310=EDGE_LOOP('',(#3023,#3024,#3025,#3026));
#1311=EDGE_LOOP('',(#3027,#3028,#3029,#3030));
#1312=EDGE_LOOP('',(#3031,#3032,#3033,#3034));
#1313=EDGE_LOOP('',(#3035,#3036,#3037,#3038));
#1314=EDGE_LOOP('',(#3039,#3040,#3041,#3042));
#1315=EDGE_LOOP('',(#3043,#3044,#3045,#3046));
#1316=EDGE_LOOP('',(#3047,#3048,#3049,#3050));
#1317=EDGE_LOOP('',(#3051,#3052,#3053,#3054));
#1318=EDGE_LOOP('',(#3055,#3056,#3057,#3058));
#1319=EDGE_LOOP('',(#3059,#3060,#3061,#3062));
#1320=EDGE_LOOP('',(#3063,#3064,#3065,#3066));
#1321=EDGE_LOOP('',(#3067,#3068,#3069,#3070));
#1322=EDGE_LOOP('',(#3071,#3072,#3073,#3074));
#1323=EDGE_LOOP('',(#3075,#3076,#3077,#3078,#3079));
#1324=EDGE_LOOP('',(#3080,#3081,#3082,#3083));
#1325=EDGE_LOOP('',(#3084));
#1326=EDGE_LOOP('',(#3085));
#1327=EDGE_LOOP('',(#3086,#3087,#3088,#3089,#3090,#3091,#3092,#3093,#3094,
#3095,#3096,#3097,#3098,#3099,#3100,#3101));
#1328=EDGE_LOOP('',(#3102));
#1329=EDGE_LOOP('',(#3103));
#1330=EDGE_LOOP('',(#3104));
#1331=EDGE_LOOP('',(#3105,#3106,#3107,#3108));
#1332=EDGE_LOOP('',(#3109,#3110,#3111,#3112));
#1333=EDGE_LOOP('',(#3113));
#1334=EDGE_LOOP('',(#3114));
#1335=EDGE_LOOP('',(#3115));
#1336=EDGE_LOOP('',(#3116));
#1337=EDGE_LOOP('',(#3117));
#1338=EDGE_LOOP('',(#3118));
#1339=EDGE_LOOP('',(#3119,#3120,#3121,#3122));
#1340=EDGE_LOOP('',(#3123,#3124,#3125,#3126));
#1341=EDGE_LOOP('',(#3127,#3128,#3129,#3130));
#1342=EDGE_LOOP('',(#3131,#3132,#3133,#3134));
#1343=EDGE_LOOP('',(#3135,#3136,#3137,#3138));
#1344=EDGE_LOOP('',(#3139,#3140,#3141,#3142));
#1345=EDGE_LOOP('',(#3143,#3144,#3145,#3146,#3147,#3148,#3149,#3150,#3151,
#3152,#3153,#3154,#3155,#3156,#3157,#3158,#3159,#3160,#3161,#3162));
#1346=EDGE_LOOP('',(#3163,#3164,#3165,#3166,#3167,#3168));
#1347=EDGE_LOOP('',(#3169,#3170,#3171,#3172,#3173,#3174,#3175,#3176,#3177,
#3178,#3179,#3180));
#1348=EDGE_LOOP('',(#3181,#3182,#3183,#3184,#3185,#3186));
#1349=EDGE_LOOP('',(#3187,#3188,#3189,#3190,#3191,#3192,#3193));
#1350=EDGE_LOOP('',(#3194,#3195,#3196,#3197,#3198,#3199));
#1351=EDGE_LOOP('',(#3200,#3201,#3202,#3203,#3204,#3205));
#1352=EDGE_LOOP('',(#3206,#3207,#3208,#3209,#3210,#3211));
#1353=EDGE_LOOP('',(#3212,#3213,#3214,#3215,#3216,#3217));
#1354=EDGE_LOOP('',(#3218,#3219,#3220,#3221));
#1355=EDGE_LOOP('',(#3222,#3223,#3224,#3225,#3226,#3227));
#1356=EDGE_LOOP('',(#3228,#3229,#3230,#3231));
#1357=EDGE_LOOP('',(#3232,#3233,#3234,#3235));
#1358=EDGE_LOOP('',(#3236,#3237,#3238,#3239));
#1359=EDGE_LOOP('',(#3240));
#1360=EDGE_LOOP('',(#3241));
#1361=EDGE_LOOP('',(#3242,#3243,#3244,#3245));
#1362=EDGE_LOOP('',(#3246,#3247,#3248,#3249));
#1363=B_SPLINE_CURVE_WITH_KNOTS('',3,(#4943,#4944,#4945,#4946,#4947,#4948,
#4949),.UNSPECIFIED.,.F.,.F.,(4,1,1,1,4),(0.,0.25,0.5,0.75,1.),
 .UNSPECIFIED.);
#1364=B_SPLINE_CURVE_WITH_KNOTS('',3,(#4951,#4952,#4953,#4954,#4955,#4956),
 .UNSPECIFIED.,.F.,.F.,(4,1,1,4),(0.,0.333333333333333,0.666666666666667,
1.),.UNSPECIFIED.);
#1365=B_SPLINE_CURVE_WITH_KNOTS('',3,(#4958,#4959,#4960,#4961,#4962,#4963,
#4964,#4965,#4966,#4967,#4968,#4969,#4970,#4971,#4972,#4973,#4974,#4975,
#4976,#4977,#4978,#4979,#4980,#4981,#4982,#4983,#4984,#4985,#4986,#4987,
#4988,#4989,#4990,#4991,#4992,#4993,#4994,#4995,#4996,#4997,#4998,#4999,
#5000,#5001,#5002,#5003,#5004,#5005,#5006),.UNSPECIFIED.,.F.,.F.,(4,3,3,
3,3,3,3,3,3,3,3,3,3,3,3,3,4),(0.500000000000001,0.548931410073812,0.605314983814585,
0.651764191906345,0.692111725954409,0.730597760210108,0.765485134300626,
0.792373518374895,0.82022392619475,0.85081235971558,0.874188373082661,0.903809920622673,
0.927522816980182,0.954807161677976,0.976055438518405,0.994726528595054,
1.),.UNSPECIFIED.);
#1366=B_SPLINE_CURVE_WITH_KNOTS('',3,(#5007,#5008,#5009,#5010,#5011),
 .UNSPECIFIED.,.F.,.F.,(4,1,4),(-0.500010537068029,-0.285714285714286,0.),
 .UNSPECIFIED.);
#1367=B_SPLINE_CURVE_WITH_KNOTS('',3,(#5049,#5050,#5051,#5052,#5053,#5054),
 .UNSPECIFIED.,.F.,.F.,(4,1,1,4),(0.,0.333333333333333,0.666666666666667,
1.),.UNSPECIFIED.);
#1368=B_SPLINE_CURVE_WITH_KNOTS('',3,(#5056,#5057,#5058,#5059,#5060),
 .UNSPECIFIED.,.F.,.F.,(4,1,4),(0.,0.285714285714286,0.500011849957059),
 .UNSPECIFIED.);
#1369=B_SPLINE_CURVE_WITH_KNOTS('',3,(#5061,#5062,#5063,#5064,#5065,#5066,
#5067,#5068,#5069,#5070,#5071,#5072,#5073,#5074,#5075,#5076,#5077,#5078,
#5079,#5080,#5081,#5082,#5083,#5084,#5085,#5086,#5087,#5088,#5089,#5090,
#5091,#5092,#5093,#5094,#5095,#5096,#5097,#5098,#5099,#5100),
 .UNSPECIFIED.,.F.,.F.,(4,3,3,3,3,3,3,3,3,3,3,3,3,4),(0.,0.0325528883794608,
0.0665282567619215,0.102393989454123,0.141002399152491,0.184642113091265,
0.263481584818449,0.305836432557601,0.343812893748278,0.379158181296623,
0.416604452210183,0.454124234365662,0.495042171732969,0.500000000000001),
 .UNSPECIFIED.);
#1370=B_SPLINE_CURVE_WITH_KNOTS('',3,(#5138,#5139,#5140,#5141,#5142,#5143),
 .UNSPECIFIED.,.F.,.F.,(4,1,1,4),(0.,0.333333333333333,0.666666666666667,
1.),.UNSPECIFIED.);
#1371=B_SPLINE_CURVE_WITH_KNOTS('',3,(#5145,#5146,#5147,#5148,#5149,#5150,
#5151,#5152,#5153,#5154,#5155,#5156,#5157,#5158,#5159,#5160,#5161,#5162,
#5163,#5164,#5165,#5166,#5167,#5168,#5169,#5170,#5171,#5172,#5173,#5174,
#5175),.UNSPECIFIED.,.F.,.F.,(4,3,3,3,3,3,3,3,3,3,4),(0.499999999999987,
0.58581715898975,0.651012953504036,0.70927171980185,0.7659371249118,0.82445284368385,
0.868480577428552,0.9058230522337,0.94930197861771,0.979567585135077,1.),
 .UNSPECIFIED.);
#1372=B_SPLINE_CURVE_WITH_KNOTS('',3,(#5176,#5177,#5178,#5179,#5180),
 .UNSPECIFIED.,.F.,.F.,(4,1,4),(0.500011849957059,0.571428571428571,1.),
 .UNSPECIFIED.);
#1373=B_SPLINE_CURVE_WITH_KNOTS('',3,(#5218,#5219,#5220,#5221,#5222,#5223),
 .UNSPECIFIED.,.F.,.F.,(4,1,1,4),(0.,0.333333333333333,0.666666666666667,
1.),.UNSPECIFIED.);
#1374=B_SPLINE_CURVE_WITH_KNOTS('',3,(#5225,#5226,#5227,#5228),
 .UNSPECIFIED.,.F.,.F.,(4,4),(0.,0.499981563944541),.UNSPECIFIED.);
#1375=B_SPLINE_CURVE_WITH_KNOTS('',3,(#5229,#5230,#5231,#5232,#5233,#5234,
#5235,#5236,#5237,#5238,#5239,#5240,#5241,#5242,#5243,#5244,#5245,#5246,
#5247,#5248,#5249,#5250,#5251,#5252,#5253,#5254,#5255,#5256),
 .UNSPECIFIED.,.F.,.F.,(4,3,3,3,3,3,3,3,3,4),(0.,0.0475633130057501,0.097814648522138,
0.154657906796382,0.219258608816269,0.289443956612199,0.351320035029994,
0.414274198000232,0.480884293177987,0.499999999999987),.UNSPECIFIED.);
#1376=B_SPLINE_CURVE_WITH_KNOTS('',3,(#5294,#5295,#5296,#5297,#5298,#5299),
 .UNSPECIFIED.,.F.,.F.,(4,1,1,4),(6.21195166984376E-10,0.333333333333333,
0.666666666666667,1.),.UNSPECIFIED.);
#1377=B_SPLINE_CURVE_WITH_KNOTS('',3,(#5302,#5303,#5304,#5305,#5306),
 .UNSPECIFIED.,.F.,.F.,(4,1,4),(0.499981563944541,0.571428571428571,1.),
 .UNSPECIFIED.);
#1378=B_SPLINE_CURVE_WITH_KNOTS('',3,(#5351,#5352,#5353,#5354,#5355,#5356,
#5357),.UNSPECIFIED.,.F.,.F.,(4,1,1,1,4),(0.,0.25,0.5,0.75,1.),
 .UNSPECIFIED.);
#1379=B_SPLINE_CURVE_WITH_KNOTS('',3,(#5359,#5360,#5361,#5362,#5363,#5364),
 .UNSPECIFIED.,.F.,.F.,(4,1,1,4),(0.,0.333333333333333,0.666666666666667,
1.),.UNSPECIFIED.);
#1380=B_SPLINE_CURVE_WITH_KNOTS('',3,(#5366,#5367,#5368,#5369,#5370,#5371,
#5372,#5373,#5374,#5375,#5376,#5377,#5378,#5379,#5380,#5381,#5382,#5383,
#5384,#5385,#5386,#5387,#5388,#5389,#5390,#5391,#5392,#5393,#5394,#5395,
#5396,#5397,#5398,#5399,#5400,#5401,#5402,#5403,#5404,#5405,#5406,#5407,
#5408,#5409,#5410,#5411),.UNSPECIFIED.,.F.,.F.,(4,3,3,3,3,3,3,3,3,3,3,3,
3,3,3,4),(0.500000000000001,0.547309550971751,0.612677410402426,0.661092734102122,
0.703456142339357,0.740524124546938,0.776895750569235,0.805196483076285,
0.830426376712833,0.872819782534625,0.897047312940405,0.920231261561171,
0.957989494165674,0.978994747082837,0.998000957014888,1.),.UNSPECIFIED.);
#1381=B_SPLINE_CURVE_WITH_KNOTS('',3,(#5412,#5413,#5414,#5415,#5416),
 .UNSPECIFIED.,.F.,.F.,(4,1,4),(-0.500011849957198,-0.285714285714286,0.),
 .UNSPECIFIED.);
#1382=B_SPLINE_CURVE_WITH_KNOTS('',3,(#5454,#5455,#5456,#5457,#5458,#5459),
 .UNSPECIFIED.,.F.,.F.,(4,1,1,4),(0.,0.333333333333333,0.666666666666667,
1.),.UNSPECIFIED.);
#1383=B_SPLINE_CURVE_WITH_KNOTS('',3,(#5461,#5462,#5463,#5464,#5465),
 .UNSPECIFIED.,.F.,.F.,(4,1,4),(0.,0.285714285714286,0.500010537068239),
 .UNSPECIFIED.);
#1384=B_SPLINE_CURVE_WITH_KNOTS('',3,(#5466,#5467,#5468,#5469,#5470,#5471,
#5472,#5473,#5474,#5475,#5476,#5477,#5478,#5479,#5480,#5481,#5482,#5483,
#5484,#5485,#5486,#5487,#5488,#5489,#5490,#5491,#5492,#5493,#5494,#5495,
#5496,#5497,#5498,#5499,#5500,#5501,#5502,#5503,#5504,#5505),
 .UNSPECIFIED.,.F.,.F.,(4,3,3,3,3,3,3,3,3,3,3,3,3,4),(0.,0.0327483229225354,
0.0668875820271838,0.10285923882122,0.14145022020841,0.185095512997713,
0.247218196628544,0.294191289645389,0.334369050525539,0.371321115665823,
0.409028159643881,0.445800448218713,0.485482254051293,0.500000000000001),
 .UNSPECIFIED.);
#1385=B_SPLINE_CURVE_WITH_KNOTS('',3,(#5543,#5544,#5545,#5546,#5547,#5548),
 .UNSPECIFIED.,.F.,.F.,(4,1,1,4),(0.,0.333333333333333,0.666666666666667,
1.),.UNSPECIFIED.);
#1386=B_SPLINE_CURVE_WITH_KNOTS('',3,(#5551,#5552,#5553,#5554,#5555),
 .UNSPECIFIED.,.F.,.F.,(4,1,4),(0.500010537068239,0.571428571428571,1.),
 .UNSPECIFIED.);
#1387=B_SPLINE_CURVE_WITH_KNOTS('',3,(#5593,#5594,#5595,#5596,#5597,#5598),
 .UNSPECIFIED.,.F.,.F.,(4,1,1,4),(0.,0.333333333333333,0.666666666666667,
1.),.UNSPECIFIED.);
#1388=B_SPLINE_CURVE_WITH_KNOTS('',3,(#5600,#5601,#5602,#5603,#5604),
 .UNSPECIFIED.,.F.,.F.,(4,1,4),(-1.,-0.571428571428571,-0.499981563944592),
 .UNSPECIFIED.);
#1389=B_SPLINE_CURVE_WITH_KNOTS('',3,(#5643,#5644,#5645,#5646,#5647,#5648),
 .UNSPECIFIED.,.F.,.F.,(4,1,1,4),(0.,0.333333333333333,0.666666666666667,
1.),.UNSPECIFIED.);
#1390=B_SPLINE_CURVE_WITH_KNOTS('',3,(#5650,#5651,#5652,#5653,#5654,#5655,
#5656,#5657,#5658,#5659,#5660,#5661,#5662,#5663,#5664,#5665,#5666,#5667,
#5668,#5669,#5670,#5671,#5672,#5673,#5674,#5675,#5676,#5677,#5678,#5679,
#5680),.UNSPECIFIED.,.F.,.F.,(4,3,3,3,3,3,3,3,3,3,4),(0.500000000000009,
0.567275978726539,0.623587532346048,0.677997301755046,0.724309700820171,
0.793232275615128,0.836064955891788,0.875078373835419,0.937539186917709,
0.971701703276472,1.),.UNSPECIFIED.);
#1391=B_SPLINE_CURVE_WITH_KNOTS('',3,(#5681,#5682,#5683,#5684),
 .UNSPECIFIED.,.F.,.F.,(4,4),(-0.499981563944592,0.),.UNSPECIFIED.);
#1392=B_SPLINE_CURVE_WITH_KNOTS('',3,(#5723,#5724,#5725,#5726,#5727,#5728),
 .UNSPECIFIED.,.F.,.F.,(4,1,1,4),(0.,0.333333333333333,0.666666666666667,
1.),.UNSPECIFIED.);
#1393=B_SPLINE_CURVE_WITH_KNOTS('',3,(#5730,#5731,#5732,#5733,#5734,#5735),
 .UNSPECIFIED.,.F.,.F.,(4,1,1,4),(0.,0.333333333333333,0.666666666666667,
1.),.UNSPECIFIED.);
#1394=B_SPLINE_CURVE_WITH_KNOTS('',3,(#5740,#5741,#5742,#5743,#5744),
 .UNSPECIFIED.,.F.,.F.,(4,1,4),(-0.499846158910739,-0.285714285714286,0.),
 .UNSPECIFIED.);
#1395=B_SPLINE_CURVE_WITH_KNOTS('',3,(#5782,#5783,#5784,#5785,#5786,#5787),
 .UNSPECIFIED.,.F.,.F.,(4,1,1,4),(0.,0.333333333333333,0.666666666666667,
1.),.UNSPECIFIED.);
#1396=B_SPLINE_CURVE_WITH_KNOTS('',3,(#5789,#5790,#5791,#5792,#5793),
 .UNSPECIFIED.,.F.,.F.,(4,1,4),(-1.,-0.571428571428571,-0.499981563944582),
 .UNSPECIFIED.);
#1397=B_SPLINE_CURVE_WITH_KNOTS('',3,(#5834,#5835,#5836,#5837,#5838,#5839),
 .UNSPECIFIED.,.F.,.F.,(4,1,1,4),(0.,0.333333333333333,0.666666666666667,
1.),.UNSPECIFIED.);
#1398=B_SPLINE_CURVE_WITH_KNOTS('',3,(#5841,#5842,#5843,#5844,#5845,#5846,
#5847),.UNSPECIFIED.,.F.,.F.,(4,3,4),(0.5,0.595463255549915,0.688796900317015),
 .UNSPECIFIED.);
#1399=B_SPLINE_CURVE_WITH_KNOTS('',3,(#5849,#5850,#5851,#5852,#5853,#5854,
#5855,#5856,#5857,#5858,#5859,#5860,#5861),.UNSPECIFIED.,.F.,.F.,(4,3,3,
3,4),(0.688796900317015,0.784548824848328,0.880327999117998,0.976115203186544,
1.),.UNSPECIFIED.);
#1400=B_SPLINE_CURVE_WITH_KNOTS('',3,(#5862,#5863,#5864,#5865),
 .UNSPECIFIED.,.F.,.F.,(4,4),(-0.499981563944582,0.),.UNSPECIFIED.);
#1401=B_SPLINE_CURVE_WITH_KNOTS('',3,(#5903,#5904,#5905,#5906,#5907,#5908),
 .UNSPECIFIED.,.F.,.F.,(4,1,1,4),(0.,0.333333333333333,0.666666666666667,
1.),.UNSPECIFIED.);
#1402=B_SPLINE_CURVE_WITH_KNOTS('',3,(#5910,#5911,#5912,#5913,#5914),
 .UNSPECIFIED.,.F.,.F.,(4,1,4),(0.,0.285714285714286,0.499851307515936),
 .UNSPECIFIED.);
#1403=B_SPLINE_CURVE_WITH_KNOTS('',3,(#5916,#5917,#5918,#5919,#5920,#5921,
#5922,#5923,#5924,#5925,#5926,#5927,#5928,#5929,#5930,#5931,#5932,#5933,
#5934),.UNSPECIFIED.,.F.,.F.,(4,3,3,3,3,3,4),(0.,0.0889718715742536,0.179521671027766,
0.272108752823953,0.365631549348888,0.460190876109832,0.494090371796464),
 .UNSPECIFIED.);
#1404=B_SPLINE_CURVE_WITH_KNOTS('',3,(#5935,#5936,#5937,#5938),
 .UNSPECIFIED.,.F.,.F.,(4,4),(0.494090371796464,0.5),.UNSPECIFIED.);
#1405=B_SPLINE_CURVE_WITH_KNOTS('',3,(#5976,#5977,#5978,#5979,#5980,#5981),
 .UNSPECIFIED.,.F.,.F.,(4,1,1,4),(0.,0.333333333333333,0.666666666666667,
1.),.UNSPECIFIED.);
#1406=B_SPLINE_CURVE_WITH_KNOTS('',3,(#5986,#5987,#5988,#5989,#5990),
 .UNSPECIFIED.,.F.,.F.,(4,1,4),(0.499851307515936,0.571428571428571,1.),
 .UNSPECIFIED.);
#1407=B_SPLINE_CURVE_WITH_KNOTS('',3,(#6029,#6030,#6031,#6032,#6033,#6034),
 .UNSPECIFIED.,.F.,.F.,(4,1,1,4),(0.,0.333333333333333,0.666666666666667,
1.),.UNSPECIFIED.);
#1408=B_SPLINE_CURVE_WITH_KNOTS('',3,(#6036,#6037,#6038,#6039,#6040,#6041),
 .UNSPECIFIED.,.F.,.F.,(4,1,1,4),(0.,0.333333333333333,0.666666666666667,
1.),.UNSPECIFIED.);
#1409=B_SPLINE_CURVE_WITH_KNOTS('',3,(#6043,#6044,#6045,#6046),
 .UNSPECIFIED.,.F.,.F.,(4,4),(0.5,0.505909628203537),.UNSPECIFIED.);
#1410=B_SPLINE_CURVE_WITH_KNOTS('',3,(#6048,#6049,#6050,#6051,#6052,#6053,
#6054,#6055,#6056,#6057,#6058,#6059,#6060,#6061,#6062,#6063,#6064,#6065,
#6066),.UNSPECIFIED.,.F.,.F.,(4,3,3,3,3,3,4),(0.505909628203537,0.600488642316935,
0.694267882301564,0.786407445263525,0.877345780259273,0.966308290883279,
1.),.UNSPECIFIED.);
#1411=B_SPLINE_CURVE_WITH_KNOTS('',3,(#6067,#6068,#6069,#6070,#6071),
 .UNSPECIFIED.,.F.,.F.,(4,1,4),(-0.49985130751593,-0.285714285714286,0.),
 .UNSPECIFIED.);
#1412=B_SPLINE_CURVE_WITH_KNOTS('',3,(#6109,#6110,#6111,#6112,#6113,#6114),
 .UNSPECIFIED.,.F.,.F.,(4,1,1,4),(0.,0.333333333333333,0.666666666666667,
1.),.UNSPECIFIED.);
#1413=B_SPLINE_CURVE_WITH_KNOTS('',3,(#6116,#6117,#6118,#6119),
 .UNSPECIFIED.,.F.,.F.,(4,4),(0.,0.499981563944531),.UNSPECIFIED.);
#1414=B_SPLINE_CURVE_WITH_KNOTS('',3,(#6121,#6122,#6123,#6124,#6125,#6126,
#6127,#6128,#6129,#6130,#6131,#6132,#6133),.UNSPECIFIED.,.F.,.F.,(4,3,3,
3,4),(0.,0.0957870060630665,0.191568375446867,0.2873072975693,0.311203125729536),
 .UNSPECIFIED.);
#1415=B_SPLINE_CURVE_WITH_KNOTS('',3,(#6134,#6135,#6136,#6137,#6138,#6139,
#6140),.UNSPECIFIED.,.F.,.F.,(4,3,4),(0.311203125729536,0.406666389340199,
0.5),.UNSPECIFIED.);
#1416=B_SPLINE_CURVE_WITH_KNOTS('',3,(#6178,#6179,#6180,#6181,#6182,#6183),
 .UNSPECIFIED.,.F.,.F.,(4,1,1,4),(0.,0.333333333333333,0.666666666666667,
1.),.UNSPECIFIED.);
#1417=B_SPLINE_CURVE_WITH_KNOTS('',3,(#6188,#6189,#6190,#6191,#6192),
 .UNSPECIFIED.,.F.,.F.,(4,1,4),(0.499981563944531,0.571428571428571,1.),
 .UNSPECIFIED.);
#1418=B_SPLINE_CURVE_WITH_KNOTS('',3,(#6230,#6231,#6232,#6233,#6234,#6235),
 .UNSPECIFIED.,.F.,.F.,(4,1,1,4),(0.,0.333333333333333,0.666666666666667,
1.),.UNSPECIFIED.);
#1419=B_SPLINE_CURVE_WITH_KNOTS('',3,(#6237,#6238,#6239,#6240,#6241),
 .UNSPECIFIED.,.F.,.F.,(4,1,4),(0.,0.285714285714286,0.499846158910745),
 .UNSPECIFIED.);
#1420=B_SPLINE_CURVE_WITH_KNOTS('',3,(#6282,#6283,#6284,#6285,#6286,#6287),
 .UNSPECIFIED.,.F.,.F.,(4,1,1,4),(0.,0.333333333333333,0.666666666666667,
1.),.UNSPECIFIED.);
#1421=B_SPLINE_CURVE_WITH_KNOTS('',3,(#6292,#6293,#6294,#6295,#6296),
 .UNSPECIFIED.,.F.,.F.,(4,1,4),(0.499846158910745,0.571428571428571,1.),
 .UNSPECIFIED.);
#1422=B_SPLINE_CURVE_WITH_KNOTS('',3,(#7008,#7009,#7010,#7011),
 .UNSPECIFIED.,.F.,.F.,(4,4),(0.,0.069774166694483),.UNSPECIFIED.);
#1423=B_SPLINE_CURVE_WITH_KNOTS('',3,(#7019,#7020,#7021,#7022),
 .UNSPECIFIED.,.F.,.F.,(4,4),(0.,0.069774155394516),.UNSPECIFIED.);
#1424=B_SPLINE_CURVE_WITH_KNOTS('',3,(#7028,#7029,#7030,#7031),
 .UNSPECIFIED.,.F.,.F.,(4,4),(0.,0.06977416669439),.UNSPECIFIED.);
#1425=B_SPLINE_CURVE_WITH_KNOTS('',3,(#7039,#7040,#7041,#7042),
 .UNSPECIFIED.,.F.,.F.,(4,4),(0.,0.0697741553945336),.UNSPECIFIED.);
#1426=B_SPLINE_CURVE_WITH_KNOTS('',3,(#7048,#7049,#7050,#7051),
 .UNSPECIFIED.,.F.,.F.,(4,4),(0.,0.0697741666944415),.UNSPECIFIED.);
#1427=B_SPLINE_CURVE_WITH_KNOTS('',3,(#7059,#7060,#7061,#7062),
 .UNSPECIFIED.,.F.,.F.,(4,4),(0.,0.0697741553945095),.UNSPECIFIED.);
#1428=B_SPLINE_CURVE_WITH_KNOTS('',3,(#7068,#7069,#7070,#7071),
 .UNSPECIFIED.,.F.,.F.,(4,4),(0.,0.0697741666944432),.UNSPECIFIED.);
#1429=B_SPLINE_CURVE_WITH_KNOTS('',3,(#7079,#7080,#7081,#7082),
 .UNSPECIFIED.,.F.,.F.,(4,4),(0.,0.0697741553943738),.UNSPECIFIED.);
#1430=B_SPLINE_CURVE_WITH_KNOTS('',3,(#7140,#7141,#7142,#7143,#7144),
 .UNSPECIFIED.,.F.,.F.,(4,1,4),(-0.473128808159645,-0.283560695909739,-0.093992583659834),
 .UNSPECIFIED.);
#1431=B_SPLINE_CURVE_WITH_KNOTS('',3,(#7145,#7146,#7147,#7148),
 .UNSPECIFIED.,.F.,.F.,(4,4),(-2.15257184899796,-0.379513742713221),
 .UNSPECIFIED.);
#1432=B_SPLINE_CURVE_WITH_KNOTS('',3,(#7150,#7151,#7152,#7153,#7154,#7155,
#7156,#7157,#7158,#7159,#7160,#7161,#7162,#7163,#7164,#7165,#7166,#7167,
#7168,#7169,#7170,#7171,#7172,#7173,#7174,#7175,#7176,#7177),
 .UNSPECIFIED.,.F.,.F.,(4,3,3,3,3,3,3,3,3,4),(0.,0.0443328680353127,0.0914854172746114,
0.143193754589728,0.205694748213332,0.274222418142771,0.327462226906684,
0.383270947654053,0.442572867594963,0.500000000000009),.UNSPECIFIED.);
#1433=B_SPLINE_CURVE_WITH_KNOTS('',3,(#7179,#7180,#7181,#7182,#7183,#7184,
#7185),.UNSPECIFIED.,.F.,.F.,(4,1,1,1,4),(0.887937517571742,1.01104594804054,
1.25594370196659,1.50084145589263,1.74573920981868),.UNSPECIFIED.);
#1434=B_SPLINE_CURVE_WITH_KNOTS('',3,(#7187,#7188,#7189,#7190,#7191,#7192,
#7193),.UNSPECIFIED.,.F.,.F.,(4,1,1,1,4),(0.0314549323363688,0.276352686262413,
0.521250440188457,0.766148194114501,0.887937517571742),.UNSPECIFIED.);
#1435=B_SPLINE_CURVE_WITH_KNOTS('',3,(#7194,#7195,#7196,#7197),
 .UNSPECIFIED.,.F.,.F.,(4,4),(0.379513742713221,2.15257184899796),
 .UNSPECIFIED.);
#1436=B_SPLINE_CURVE_WITH_KNOTS('',3,(#7203,#7204,#7205,#7206,#7207),
 .UNSPECIFIED.,.F.,.F.,(4,1,4),(0.093992583659834,0.283560695909739,0.473128808159645),
 .UNSPECIFIED.);
#1437=B_SPLINE_CURVE_WITH_KNOTS('',3,(#7212,#7213,#7214,#7215),
 .UNSPECIFIED.,.F.,.F.,(4,4),(0.0963443584578463,0.453655641542154),
 .UNSPECIFIED.);
#1438=B_SPLINE_CURVE_WITH_KNOTS('',3,(#7217,#7218,#7219,#7220),
 .UNSPECIFIED.,.F.,.F.,(4,4),(-0.453655641542154,-0.0963443584578463),
 .UNSPECIFIED.);
#1439=B_SPLINE_CURVE_WITH_KNOTS('',3,(#7221,#7222,#7223,#7224),
 .UNSPECIFIED.,.F.,.F.,(4,4),(-2.15257184899796,-0.379513742713221),
 .UNSPECIFIED.);
#1440=B_SPLINE_CURVE_WITH_KNOTS('',3,(#7227,#7228,#7229,#7230),
 .UNSPECIFIED.,.F.,.F.,(4,4),(-0.105326824964538,0.380326824964511),
 .UNSPECIFIED.);
#1441=B_SPLINE_CURVE_WITH_KNOTS('',3,(#7231,#7232,#7233,#7234),
 .UNSPECIFIED.,.F.,.F.,(4,4),(0.379513742713221,2.15257184899796),
 .UNSPECIFIED.);
#1442=B_SPLINE_CURVE_WITH_KNOTS('',3,(#7236,#7237,#7238,#7239),
 .UNSPECIFIED.,.F.,.F.,(4,4),(-0.380326824964511,0.105326824964538),
 .UNSPECIFIED.);
#1443=B_SPLINE_CURVE_WITH_KNOTS('',3,(#7240,#7241,#7242,#7243,#7244,#7245,
#7246,#7247,#7248,#7249),.UNSPECIFIED.,.F.,.F.,(4,1,1,1,1,1,1,4),(-1.74573920981868,
-1.50084145589263,-1.25594370196659,-1.01104594804054,-0.766148194114501,
-0.521250440188457,-0.276352686262413,-0.0314549323363688),
 .UNSPECIFIED.);
#1444=B_SPLINE_CURVE_WITH_KNOTS('',3,(#7310,#7311,#7312,#7313,#7314),
 .UNSPECIFIED.,.F.,.F.,(4,1,4),(-1.,-0.571428571428571,-0.500011849957198),
 .UNSPECIFIED.);
#1445=B_SPLINE_CURVE_WITH_KNOTS('',3,(#7339,#7340,#7341,#7342,#7343),
 .UNSPECIFIED.,.F.,.F.,(4,1,4),(-1.,-0.571428571428571,-0.500010537068029),
 .UNSPECIFIED.);
#1446=B_SPLINE_CURVE_WITH_KNOTS('',3,(#7368,#7369,#7370,#7371,#7372),
 .UNSPECIFIED.,.F.,.F.,(4,1,4),(-1.,-0.571428571428571,-0.499846158910739),
 .UNSPECIFIED.);
#1447=B_SPLINE_CURVE_WITH_KNOTS('',3,(#7403,#7404,#7405,#7406,#7407),
 .UNSPECIFIED.,.F.,.F.,(4,1,4),(-1.,-0.571428571428571,-0.49985130751593),
 .UNSPECIFIED.);
#1448=VERTEX_POINT('',#4941);
#1449=VERTEX_POINT('',#4942);
#1450=VERTEX_POINT('',#4950);
#1451=VERTEX_POINT('',#4957);
#1452=VERTEX_POINT('',#5048);
#1453=VERTEX_POINT('',#5055);
#1454=VERTEX_POINT('',#5137);
#1455=VERTEX_POINT('',#5144);
#1456=VERTEX_POINT('',#5217);
#1457=VERTEX_POINT('',#5224);
#1458=VERTEX_POINT('',#5293);
#1459=VERTEX_POINT('',#5300);
#1460=VERTEX_POINT('',#5349);
#1461=VERTEX_POINT('',#5350);
#1462=VERTEX_POINT('',#5358);
#1463=VERTEX_POINT('',#5365);
#1464=VERTEX_POINT('',#5453);
#1465=VERTEX_POINT('',#5460);
#1466=VERTEX_POINT('',#5542);
#1467=VERTEX_POINT('',#5549);
#1468=VERTEX_POINT('',#5592);
#1469=VERTEX_POINT('',#5599);
#1470=VERTEX_POINT('',#5642);
#1471=VERTEX_POINT('',#5649);
#1472=VERTEX_POINT('',#5721);
#1473=VERTEX_POINT('',#5722);
#1474=VERTEX_POINT('',#5729);
#1475=VERTEX_POINT('',#5736);
#1476=VERTEX_POINT('',#5781);
#1477=VERTEX_POINT('',#5788);
#1478=VERTEX_POINT('',#5833);
#1479=VERTEX_POINT('',#5840);
#1480=VERTEX_POINT('',#5848);
#1481=VERTEX_POINT('',#5902);
#1482=VERTEX_POINT('',#5909);
#1483=VERTEX_POINT('',#5915);
#1484=VERTEX_POINT('',#5975);
#1485=VERTEX_POINT('',#5982);
#1486=VERTEX_POINT('',#6027);
#1487=VERTEX_POINT('',#6028);
#1488=VERTEX_POINT('',#6035);
#1489=VERTEX_POINT('',#6042);
#1490=VERTEX_POINT('',#6047);
#1491=VERTEX_POINT('',#6108);
#1492=VERTEX_POINT('',#6115);
#1493=VERTEX_POINT('',#6120);
#1494=VERTEX_POINT('',#6177);
#1495=VERTEX_POINT('',#6184);
#1496=VERTEX_POINT('',#6229);
#1497=VERTEX_POINT('',#6236);
#1498=VERTEX_POINT('',#6281);
#1499=VERTEX_POINT('',#6288);
#1500=VERTEX_POINT('',#6298);
#1501=VERTEX_POINT('',#6300);
#1502=VERTEX_POINT('',#6304);
#1503=VERTEX_POINT('',#6308);
#1504=VERTEX_POINT('',#6310);
#1505=VERTEX_POINT('',#6314);
#1506=VERTEX_POINT('',#6318);
#1507=VERTEX_POINT('',#6324);
#1508=VERTEX_POINT('',#6325);
#1509=VERTEX_POINT('',#6327);
#1510=VERTEX_POINT('',#6332);
#1511=VERTEX_POINT('',#6334);
#1512=VERTEX_POINT('',#6336);
#1513=VERTEX_POINT('',#6340);
#1514=VERTEX_POINT('',#6342);
#1515=VERTEX_POINT('',#6343);
#1516=VERTEX_POINT('',#6345);
#1517=VERTEX_POINT('',#6347);
#1518=VERTEX_POINT('',#6349);
#1519=VERTEX_POINT('',#6351);
#1520=VERTEX_POINT('',#6353);
#1521=VERTEX_POINT('',#6355);
#1522=VERTEX_POINT('',#6358);
#1523=VERTEX_POINT('',#6359);
#1524=VERTEX_POINT('',#6361);
#1525=VERTEX_POINT('',#6363);
#1526=VERTEX_POINT('',#6365);
#1527=VERTEX_POINT('',#6367);
#1528=VERTEX_POINT('',#6369);
#1529=VERTEX_POINT('',#6371);
#1530=VERTEX_POINT('',#6374);
#1531=VERTEX_POINT('',#6379);
#1532=VERTEX_POINT('',#6381);
#1533=VERTEX_POINT('',#6384);
#1534=VERTEX_POINT('',#6386);
#1535=VERTEX_POINT('',#6391);
#1536=VERTEX_POINT('',#6394);
#1537=VERTEX_POINT('',#6395);
#1538=VERTEX_POINT('',#6402);
#1539=VERTEX_POINT('',#6404);
#1540=VERTEX_POINT('',#6408);
#1541=VERTEX_POINT('',#6410);
#1542=VERTEX_POINT('',#6414);
#1543=VERTEX_POINT('',#6417);
#1544=VERTEX_POINT('',#6419);
#1545=VERTEX_POINT('',#6425);
#1546=VERTEX_POINT('',#6426);
#1547=VERTEX_POINT('',#6430);
#1548=VERTEX_POINT('',#6431);
#1549=VERTEX_POINT('',#6433);
#1550=VERTEX_POINT('',#6435);
#1551=VERTEX_POINT('',#6438);
#1552=VERTEX_POINT('',#6439);
#1553=VERTEX_POINT('',#6441);
#1554=VERTEX_POINT('',#6443);
#1555=VERTEX_POINT('',#6446);
#1556=VERTEX_POINT('',#6447);
#1557=VERTEX_POINT('',#6449);
#1558=VERTEX_POINT('',#6451);
#1559=VERTEX_POINT('',#6454);
#1560=VERTEX_POINT('',#6455);
#1561=VERTEX_POINT('',#6457);
#1562=VERTEX_POINT('',#6459);
#1563=VERTEX_POINT('',#6463);
#1564=VERTEX_POINT('',#6467);
#1565=VERTEX_POINT('',#6468);
#1566=VERTEX_POINT('',#6473);
#1567=VERTEX_POINT('',#6478);
#1568=VERTEX_POINT('',#6480);
#1569=VERTEX_POINT('',#6484);
#1570=VERTEX_POINT('',#6486);
#1571=VERTEX_POINT('',#6490);
#1572=VERTEX_POINT('',#6492);
#1573=VERTEX_POINT('',#6496);
#1574=VERTEX_POINT('',#6498);
#1575=VERTEX_POINT('',#6502);
#1576=VERTEX_POINT('',#6503);
#1577=VERTEX_POINT('',#6505);
#1578=VERTEX_POINT('',#6507);
#1579=VERTEX_POINT('',#6511);
#1580=VERTEX_POINT('',#6513);
#1581=VERTEX_POINT('',#6517);
#1582=VERTEX_POINT('',#6519);
#1583=VERTEX_POINT('',#6547);
#1584=VERTEX_POINT('',#6548);
#1585=VERTEX_POINT('',#6550);
#1586=VERTEX_POINT('',#6552);
#1587=VERTEX_POINT('',#6556);
#1588=VERTEX_POINT('',#6558);
#1589=VERTEX_POINT('',#6562);
#1590=VERTEX_POINT('',#6564);
#1591=VERTEX_POINT('',#6592);
#1592=VERTEX_POINT('',#6593);
#1593=VERTEX_POINT('',#6598);
#1594=VERTEX_POINT('',#6602);
#1595=VERTEX_POINT('',#6603);
#1596=VERTEX_POINT('',#6608);
#1597=VERTEX_POINT('',#6612);
#1598=VERTEX_POINT('',#6613);
#1599=VERTEX_POINT('',#6618);
#1600=VERTEX_POINT('',#6622);
#1601=VERTEX_POINT('',#6623);
#1602=VERTEX_POINT('',#6628);
#1603=VERTEX_POINT('',#6632);
#1604=VERTEX_POINT('',#6638);
#1605=VERTEX_POINT('',#6644);
#1606=VERTEX_POINT('',#6650);
#1607=VERTEX_POINT('',#6656);
#1608=VERTEX_POINT('',#6659);
#1609=VERTEX_POINT('',#6664);
#1610=VERTEX_POINT('',#6665);
#1611=VERTEX_POINT('',#6667);
#1612=VERTEX_POINT('',#6669);
#1613=VERTEX_POINT('',#6672);
#1614=VERTEX_POINT('',#6675);
#1615=VERTEX_POINT('',#6676);
#1616=VERTEX_POINT('',#6681);
#1617=VERTEX_POINT('',#6682);
#1618=VERTEX_POINT('',#6689);
#1619=VERTEX_POINT('',#6690);
#1620=VERTEX_POINT('',#6692);
#1621=VERTEX_POINT('',#6696);
#1622=VERTEX_POINT('',#6698);
#1623=VERTEX_POINT('',#6701);
#1624=VERTEX_POINT('',#6703);
#1625=VERTEX_POINT('',#6706);
#1626=VERTEX_POINT('',#6708);
#1627=VERTEX_POINT('',#6711);
#1628=VERTEX_POINT('',#6713);
#1629=VERTEX_POINT('',#6717);
#1630=VERTEX_POINT('',#6721);
#1631=VERTEX_POINT('',#6722);
#1632=VERTEX_POINT('',#6724);
#1633=VERTEX_POINT('',#6726);
#1634=VERTEX_POINT('',#6729);
#1635=VERTEX_POINT('',#6732);
#1636=VERTEX_POINT('',#6733);
#1637=VERTEX_POINT('',#6738);
#1638=VERTEX_POINT('',#6742);
#1639=VERTEX_POINT('',#6746);
#1640=VERTEX_POINT('',#6747);
#1641=VERTEX_POINT('',#6749);
#1642=VERTEX_POINT('',#6753);
#1643=VERTEX_POINT('',#6755);
#1644=VERTEX_POINT('',#6758);
#1645=VERTEX_POINT('',#6760);
#1646=VERTEX_POINT('',#6763);
#1647=VERTEX_POINT('',#6765);
#1648=VERTEX_POINT('',#6768);
#1649=VERTEX_POINT('',#6770);
#1650=VERTEX_POINT('',#6774);
#1651=VERTEX_POINT('',#6778);
#1652=VERTEX_POINT('',#6779);
#1653=VERTEX_POINT('',#6781);
#1654=VERTEX_POINT('',#6783);
#1655=VERTEX_POINT('',#6786);
#1656=VERTEX_POINT('',#6789);
#1657=VERTEX_POINT('',#6790);
#1658=VERTEX_POINT('',#6792);
#1659=VERTEX_POINT('',#6796);
#1660=VERTEX_POINT('',#6798);
#1661=VERTEX_POINT('',#6801);
#1662=VERTEX_POINT('',#6803);
#1663=VERTEX_POINT('',#6806);
#1664=VERTEX_POINT('',#6808);
#1665=VERTEX_POINT('',#6811);
#1666=VERTEX_POINT('',#6813);
#1667=VERTEX_POINT('',#6817);
#1668=VERTEX_POINT('',#6821);
#1669=VERTEX_POINT('',#6822);
#1670=VERTEX_POINT('',#6824);
#1671=VERTEX_POINT('',#6826);
#1672=VERTEX_POINT('',#6829);
#1673=VERTEX_POINT('',#6832);
#1674=VERTEX_POINT('',#6833);
#1675=VERTEX_POINT('',#6835);
#1676=VERTEX_POINT('',#6839);
#1677=VERTEX_POINT('',#6841);
#1678=VERTEX_POINT('',#6844);
#1679=VERTEX_POINT('',#6846);
#1680=VERTEX_POINT('',#6849);
#1681=VERTEX_POINT('',#6851);
#1682=VERTEX_POINT('',#6854);
#1683=VERTEX_POINT('',#6856);
#1684=VERTEX_POINT('',#6860);
#1685=VERTEX_POINT('',#6964);
#1686=VERTEX_POINT('',#6967);
#1687=VERTEX_POINT('',#6970);
#1688=VERTEX_POINT('',#6972);
#1689=VERTEX_POINT('',#6975);
#1690=VERTEX_POINT('',#6980);
#1691=VERTEX_POINT('',#6984);
#1692=VERTEX_POINT('',#6988);
#1693=VERTEX_POINT('',#6994);
#1694=VERTEX_POINT('',#6998);
#1695=VERTEX_POINT('',#7004);
#1696=VERTEX_POINT('',#7005);
#1697=VERTEX_POINT('',#7013);
#1698=VERTEX_POINT('',#7017);
#1699=VERTEX_POINT('',#7024);
#1700=VERTEX_POINT('',#7025);
#1701=VERTEX_POINT('',#7033);
#1702=VERTEX_POINT('',#7037);
#1703=VERTEX_POINT('',#7044);
#1704=VERTEX_POINT('',#7045);
#1705=VERTEX_POINT('',#7053);
#1706=VERTEX_POINT('',#7057);
#1707=VERTEX_POINT('',#7064);
#1708=VERTEX_POINT('',#7065);
#1709=VERTEX_POINT('',#7073);
#1710=VERTEX_POINT('',#7077);
#1711=VERTEX_POINT('',#7093);
#1712=VERTEX_POINT('',#7096);
#1713=VERTEX_POINT('',#7098);
#1714=VERTEX_POINT('',#7101);
#1715=VERTEX_POINT('',#7105);
#1716=VERTEX_POINT('',#7109);
#1717=VERTEX_POINT('',#7111);
#1718=VERTEX_POINT('',#7114);
#1719=VERTEX_POINT('',#7116);
#1720=VERTEX_POINT('',#7119);
#1721=VERTEX_POINT('',#7122);
#1722=VERTEX_POINT('',#7128);
#1723=VERTEX_POINT('',#7134);
#1724=VERTEX_POINT('',#7149);
#1725=VERTEX_POINT('',#7178);
#1726=VERTEX_POINT('',#7199);
#1727=VERTEX_POINT('',#7208);
#1728=VERTEX_POINT('',#7225);
#1729=VERTEX_POINT('',#7605);
#1730=VERTEX_POINT('',#7607);
#1731=VERTEX_POINT('',#7610);
#1732=EDGE_CURVE('',#1448,#1449,#1363,.T.);
#1733=EDGE_CURVE('',#1448,#1450,#1364,.T.);
#1734=EDGE_CURVE('',#1450,#1451,#1365,.T.);
#1735=EDGE_CURVE('',#1449,#1451,#1366,.T.);
#1736=EDGE_CURVE('',#1448,#1452,#1367,.T.);
#1737=EDGE_CURVE('',#1453,#1452,#1368,.T.);
#1738=EDGE_CURVE('',#1453,#1450,#1369,.T.);
#1739=EDGE_CURVE('',#1448,#1454,#1370,.T.);
#1740=EDGE_CURVE('',#1454,#1455,#1371,.T.);
#1741=EDGE_CURVE('',#1452,#1455,#1372,.T.);
#1742=EDGE_CURVE('',#1448,#1456,#1373,.T.);
#1743=EDGE_CURVE('',#1457,#1456,#1374,.T.);
#1744=EDGE_CURVE('',#1457,#1454,#1375,.T.);
#1745=EDGE_CURVE('',#1448,#1458,#1376,.T.);
#1746=EDGE_CURVE('',#1458,#1459,#730,.T.);
#1747=EDGE_CURVE('',#1456,#1459,#1377,.T.);
#1748=EDGE_CURVE('',#1460,#1461,#1378,.T.);
#1749=EDGE_CURVE('',#1460,#1462,#1379,.T.);
#1750=EDGE_CURVE('',#1462,#1463,#1380,.T.);
#1751=EDGE_CURVE('',#1461,#1463,#1381,.T.);
#1752=EDGE_CURVE('',#1460,#1464,#1382,.T.);
#1753=EDGE_CURVE('',#1465,#1464,#1383,.T.);
#1754=EDGE_CURVE('',#1465,#1462,#1384,.T.);
#1755=EDGE_CURVE('',#1460,#1466,#1385,.T.);
#1756=EDGE_CURVE('',#1466,#1467,#731,.T.);
#1757=EDGE_CURVE('',#1464,#1467,#1386,.T.);
#1758=EDGE_CURVE('',#1460,#1468,#1387,.T.);
#1759=EDGE_CURVE('',#1469,#1468,#1388,.T.);
#1760=EDGE_CURVE('',#1469,#1466,#732,.T.);
#1761=EDGE_CURVE('',#1460,#1470,#1389,.T.);
#1762=EDGE_CURVE('',#1470,#1471,#1390,.T.);
#1763=EDGE_CURVE('',#1468,#1471,#1391,.T.);
#1764=EDGE_CURVE('',#1472,#1473,#1392,.T.);
#1765=EDGE_CURVE('',#1472,#1474,#1393,.T.);
#1766=EDGE_CURVE('',#1474,#1475,#722,.T.);
#1767=EDGE_CURVE('',#1473,#1475,#1394,.T.);
#1768=EDGE_CURVE('',#1472,#1476,#1395,.T.);
#1769=EDGE_CURVE('',#1477,#1476,#1396,.T.);
#1770=EDGE_CURVE('',#1477,#1474,#723,.T.);
#1771=EDGE_CURVE('',#1472,#1478,#1397,.T.);
#1772=EDGE_CURVE('',#1478,#1479,#1398,.T.);
#1773=EDGE_CURVE('',#1479,#1480,#1399,.T.);
#1774=EDGE_CURVE('',#1476,#1480,#1400,.T.);
#1775=EDGE_CURVE('',#1472,#1481,#1401,.T.);
#1776=EDGE_CURVE('',#1482,#1481,#1402,.T.);
#1777=EDGE_CURVE('',#1482,#1483,#1403,.T.);
#1778=EDGE_CURVE('',#1483,#1478,#1404,.T.);
#1779=EDGE_CURVE('',#1472,#1484,#1405,.T.);
#1780=EDGE_CURVE('',#1484,#1485,#724,.T.);
#1781=EDGE_CURVE('',#1481,#1485,#1406,.T.);
#1782=EDGE_CURVE('',#1486,#1487,#1407,.T.);
#1783=EDGE_CURVE('',#1486,#1488,#1408,.T.);
#1784=EDGE_CURVE('',#1488,#1489,#1409,.T.);
#1785=EDGE_CURVE('',#1489,#1490,#1410,.T.);
#1786=EDGE_CURVE('',#1487,#1490,#1411,.T.);
#1787=EDGE_CURVE('',#1486,#1491,#1412,.T.);
#1788=EDGE_CURVE('',#1492,#1491,#1413,.T.);
#1789=EDGE_CURVE('',#1492,#1493,#1414,.T.);
#1790=EDGE_CURVE('',#1493,#1488,#1415,.T.);
#1791=EDGE_CURVE('',#1486,#1494,#1416,.T.);
#1792=EDGE_CURVE('',#1494,#1495,#725,.T.);
#1793=EDGE_CURVE('',#1491,#1495,#1417,.T.);
#1794=EDGE_CURVE('',#1486,#1496,#1418,.T.);
#1795=EDGE_CURVE('',#1497,#1496,#1419,.T.);
#1796=EDGE_CURVE('',#1497,#1494,#726,.T.);
#1797=EDGE_CURVE('',#1486,#1498,#1420,.T.);
#1798=EDGE_CURVE('',#1498,#1499,#727,.T.);
#1799=EDGE_CURVE('',#1496,#1499,#1421,.T.);
#1800=EDGE_CURVE('',#1500,#1500,#733,.T.);
#1801=EDGE_CURVE('',#1500,#1501,#208,.T.);
#1802=EDGE_CURVE('',#1501,#1501,#734,.T.);
#1803=EDGE_CURVE('',#1502,#1502,#735,.T.);
#1804=EDGE_CURVE('',#1502,#1500,#209,.T.);
#1805=EDGE_CURVE('',#1503,#1503,#736,.T.);
#1806=EDGE_CURVE('',#1503,#1504,#210,.T.);
#1807=EDGE_CURVE('',#1504,#1504,#737,.T.);
#1808=EDGE_CURVE('',#1505,#1505,#738,.T.);
#1809=EDGE_CURVE('',#1505,#1503,#211,.T.);
#1810=EDGE_CURVE('',#1506,#1506,#739,.T.);
#1811=EDGE_CURVE('',#1506,#1505,#212,.T.);
#1812=EDGE_CURVE('',#1504,#1502,#213,.T.);
#1813=EDGE_CURVE('',#1507,#1508,#740,.T.);
#1814=EDGE_CURVE('',#1508,#1509,#741,.T.);
#1815=EDGE_CURVE('',#1509,#1509,#742,.T.);
#1816=EDGE_CURVE('',#1508,#1507,#743,.T.);
#1817=EDGE_CURVE('',#1510,#1510,#744,.T.);
#1818=EDGE_CURVE('',#1510,#1511,#745,.T.);
#1819=EDGE_CURVE('',#1512,#1511,#746,.T.);
#1820=EDGE_CURVE('',#1511,#1512,#747,.T.);
#1821=EDGE_CURVE('',#1513,#1513,#748,.T.);
#1822=EDGE_CURVE('',#1514,#1515,#214,.T.);
#1823=EDGE_CURVE('',#1516,#1515,#749,.F.);
#1824=EDGE_CURVE('',#1516,#1517,#215,.T.);
#1825=EDGE_CURVE('',#1518,#1517,#750,.F.);
#1826=EDGE_CURVE('',#1518,#1519,#216,.T.);
#1827=EDGE_CURVE('',#1520,#1519,#751,.F.);
#1828=EDGE_CURVE('',#1520,#1521,#217,.T.);
#1829=EDGE_CURVE('',#1514,#1521,#752,.F.);
#1830=EDGE_CURVE('',#1522,#1523,#218,.T.);
#1831=EDGE_CURVE('',#1524,#1523,#753,.F.);
#1832=EDGE_CURVE('',#1524,#1525,#219,.T.);
#1833=EDGE_CURVE('',#1526,#1525,#754,.F.);
#1834=EDGE_CURVE('',#1526,#1527,#220,.T.);
#1835=EDGE_CURVE('',#1528,#1527,#755,.F.);
#1836=EDGE_CURVE('',#1528,#1529,#221,.T.);
#1837=EDGE_CURVE('',#1522,#1529,#756,.F.);
#1838=EDGE_CURVE('',#1530,#1530,#757,.T.);
#1839=EDGE_CURVE('',#1512,#1530,#758,.T.);
#1840=EDGE_CURVE('',#1531,#1531,#759,.T.);
#1841=EDGE_CURVE('',#1532,#1532,#760,.T.);
#1842=EDGE_CURVE('',#1533,#1533,#761,.T.);
#1843=EDGE_CURVE('',#1534,#1534,#762,.T.);
#1844=EDGE_CURVE('',#1532,#1533,#222,.T.);
#1845=EDGE_CURVE('',#1535,#1535,#763,.T.);
#1846=EDGE_CURVE('',#1536,#1537,#764,.T.);
#1847=EDGE_CURVE('',#1536,#1534,#223,.T.);
#1848=EDGE_CURVE('',#1537,#1536,#765,.T.);
#1849=EDGE_CURVE('',#1535,#1537,#766,.T.);
#1850=EDGE_CURVE('',#1531,#1538,#224,.T.);
#1851=EDGE_CURVE('',#1539,#1538,#767,.T.);
#1852=EDGE_CURVE('',#1538,#1539,#768,.T.);
#1853=EDGE_CURVE('',#1539,#1540,#769,.T.);
#1854=EDGE_CURVE('',#1540,#1541,#770,.T.);
#1855=EDGE_CURVE('',#1541,#1540,#771,.T.);
#1856=EDGE_CURVE('',#1542,#1542,#772,.T.);
#1857=EDGE_CURVE('',#1541,#1543,#225,.T.);
#1858=EDGE_CURVE('',#1544,#1543,#773,.T.);
#1859=EDGE_CURVE('',#1543,#1544,#774,.T.);
#1860=EDGE_CURVE('',#1544,#1542,#775,.T.);
#1861=EDGE_CURVE('',#1545,#1546,#776,.T.);
#1862=EDGE_CURVE('',#1545,#1507,#226,.T.);
#1863=EDGE_CURVE('',#1546,#1545,#777,.T.);
#1864=EDGE_CURVE('',#1547,#1548,#227,.T.);
#1865=EDGE_CURVE('',#1548,#1549,#778,.T.);
#1866=EDGE_CURVE('',#1549,#1550,#228,.T.);
#1867=EDGE_CURVE('',#1550,#1547,#779,.T.);
#1868=EDGE_CURVE('',#1551,#1552,#229,.T.);
#1869=EDGE_CURVE('',#1552,#1553,#780,.T.);
#1870=EDGE_CURVE('',#1553,#1554,#230,.T.);
#1871=EDGE_CURVE('',#1554,#1551,#781,.T.);
#1872=EDGE_CURVE('',#1555,#1556,#231,.T.);
#1873=EDGE_CURVE('',#1556,#1557,#782,.T.);
#1874=EDGE_CURVE('',#1557,#1558,#232,.T.);
#1875=EDGE_CURVE('',#1558,#1555,#783,.T.);
#1876=EDGE_CURVE('',#1559,#1560,#233,.T.);
#1877=EDGE_CURVE('',#1560,#1561,#784,.T.);
#1878=EDGE_CURVE('',#1561,#1562,#234,.T.);
#1879=EDGE_CURVE('',#1562,#1559,#785,.T.);
#1880=EDGE_CURVE('',#1563,#1563,#786,.T.);
#1881=EDGE_CURVE('',#1563,#1546,#787,.T.);
#1882=EDGE_CURVE('',#1564,#1565,#788,.T.);
#1883=EDGE_CURVE('',#1564,#1513,#235,.T.);
#1884=EDGE_CURVE('',#1565,#1564,#789,.T.);
#1885=EDGE_CURVE('',#1566,#1566,#790,.T.);
#1886=EDGE_CURVE('',#1566,#1565,#791,.T.);
#1887=EDGE_CURVE('',#1525,#1567,#236,.T.);
#1888=EDGE_CURVE('',#1568,#1524,#237,.T.);
#1889=EDGE_CURVE('',#1567,#1568,#238,.T.);
#1890=EDGE_CURVE('',#1523,#1569,#239,.T.);
#1891=EDGE_CURVE('',#1570,#1522,#240,.T.);
#1892=EDGE_CURVE('',#1569,#1570,#241,.T.);
#1893=EDGE_CURVE('',#1519,#1571,#242,.T.);
#1894=EDGE_CURVE('',#1572,#1518,#243,.T.);
#1895=EDGE_CURVE('',#1571,#1572,#244,.T.);
#1896=EDGE_CURVE('',#1517,#1573,#245,.T.);
#1897=EDGE_CURVE('',#1574,#1516,#246,.T.);
#1898=EDGE_CURVE('',#1573,#1574,#247,.T.);
#1899=EDGE_CURVE('',#1575,#1576,#248,.T.);
#1900=EDGE_CURVE('',#1577,#1575,#249,.T.);
#1901=EDGE_CURVE('',#1578,#1577,#250,.T.);
#1902=EDGE_CURVE('',#1576,#1578,#251,.T.);
#1903=EDGE_CURVE('',#1579,#1528,#252,.T.);
#1904=EDGE_CURVE('',#1580,#1579,#253,.T.);
#1905=EDGE_CURVE('',#1529,#1580,#254,.T.);
#1906=EDGE_CURVE('',#1581,#1526,#255,.T.);
#1907=EDGE_CURVE('',#1582,#1581,#256,.T.);
#1908=EDGE_CURVE('',#1527,#1582,#257,.T.);
#1909=EDGE_CURVE('',#1568,#1577,#792,.F.);
#1910=EDGE_CURVE('',#1575,#1567,#793,.F.);
#1911=EDGE_CURVE('',#1570,#1578,#794,.F.);
#1912=EDGE_CURVE('',#1577,#1569,#795,.F.);
#1913=EDGE_CURVE('',#1579,#1576,#796,.F.);
#1914=EDGE_CURVE('',#1578,#1580,#797,.F.);
#1915=EDGE_CURVE('',#1580,#1570,#798,.F.);
#1916=EDGE_CURVE('',#1581,#1575,#799,.F.);
#1917=EDGE_CURVE('',#1576,#1582,#800,.F.);
#1918=EDGE_CURVE('',#1582,#1579,#801,.F.);
#1919=EDGE_CURVE('',#1569,#1568,#802,.F.);
#1920=EDGE_CURVE('',#1567,#1581,#803,.F.);
#1921=EDGE_CURVE('',#1583,#1584,#258,.T.);
#1922=EDGE_CURVE('',#1585,#1583,#259,.T.);
#1923=EDGE_CURVE('',#1586,#1585,#260,.T.);
#1924=EDGE_CURVE('',#1584,#1586,#261,.T.);
#1925=EDGE_CURVE('',#1587,#1514,#262,.T.);
#1926=EDGE_CURVE('',#1588,#1587,#263,.T.);
#1927=EDGE_CURVE('',#1515,#1588,#264,.T.);
#1928=EDGE_CURVE('',#1589,#1520,#265,.T.);
#1929=EDGE_CURVE('',#1590,#1589,#266,.T.);
#1930=EDGE_CURVE('',#1521,#1590,#267,.T.);
#1931=EDGE_CURVE('',#1572,#1585,#804,.F.);
#1932=EDGE_CURVE('',#1583,#1571,#805,.F.);
#1933=EDGE_CURVE('',#1574,#1586,#806,.F.);
#1934=EDGE_CURVE('',#1585,#1573,#807,.F.);
#1935=EDGE_CURVE('',#1587,#1584,#808,.F.);
#1936=EDGE_CURVE('',#1586,#1588,#809,.F.);
#1937=EDGE_CURVE('',#1588,#1574,#810,.F.);
#1938=EDGE_CURVE('',#1589,#1583,#811,.F.);
#1939=EDGE_CURVE('',#1584,#1590,#812,.F.);
#1940=EDGE_CURVE('',#1590,#1587,#813,.F.);
#1941=EDGE_CURVE('',#1573,#1572,#814,.F.);
#1942=EDGE_CURVE('',#1571,#1589,#815,.F.);
#1943=EDGE_CURVE('',#1591,#1592,#816,.T.);
#1944=EDGE_CURVE('',#1559,#1592,#268,.T.);
#1945=EDGE_CURVE('',#1591,#1562,#269,.T.);
#1946=EDGE_CURVE('',#1593,#1591,#270,.T.);
#1947=EDGE_CURVE('',#1593,#1561,#271,.T.);
#1948=EDGE_CURVE('',#1594,#1595,#817,.T.);
#1949=EDGE_CURVE('',#1555,#1595,#272,.T.);
#1950=EDGE_CURVE('',#1594,#1558,#273,.T.);
#1951=EDGE_CURVE('',#1596,#1594,#274,.T.);
#1952=EDGE_CURVE('',#1557,#1596,#275,.T.);
#1953=EDGE_CURVE('',#1597,#1598,#818,.T.);
#1954=EDGE_CURVE('',#1598,#1551,#276,.T.);
#1955=EDGE_CURVE('',#1554,#1597,#277,.T.);
#1956=EDGE_CURVE('',#1599,#1597,#278,.T.);
#1957=EDGE_CURVE('',#1553,#1599,#279,.T.);
#1958=EDGE_CURVE('',#1600,#1601,#819,.T.);
#1959=EDGE_CURVE('',#1547,#1601,#280,.T.);
#1960=EDGE_CURVE('',#1600,#1550,#281,.T.);
#1961=EDGE_CURVE('',#1602,#1600,#282,.T.);
#1962=EDGE_CURVE('',#1549,#1602,#283,.T.);
#1963=EDGE_CURVE('',#1603,#1593,#820,.T.);
#1964=EDGE_CURVE('',#1560,#1603,#284,.T.);
#1965=EDGE_CURVE('',#1592,#1603,#285,.T.);
#1966=EDGE_CURVE('',#1604,#1596,#821,.T.);
#1967=EDGE_CURVE('',#1604,#1556,#286,.T.);
#1968=EDGE_CURVE('',#1595,#1604,#287,.T.);
#1969=EDGE_CURVE('',#1605,#1599,#822,.T.);
#1970=EDGE_CURVE('',#1605,#1552,#288,.T.);
#1971=EDGE_CURVE('',#1598,#1605,#289,.T.);
#1972=EDGE_CURVE('',#1606,#1602,#823,.T.);
#1973=EDGE_CURVE('',#1606,#1548,#290,.T.);
#1974=EDGE_CURVE('',#1601,#1606,#291,.T.);
#1975=EDGE_CURVE('',#1607,#1607,#824,.T.);
#1976=EDGE_CURVE('',#1608,#1608,#825,.T.);
#1977=EDGE_CURVE('',#1608,#1607,#292,.T.);
#1978=EDGE_CURVE('',#1609,#1610,#293,.T.);
#1979=EDGE_CURVE('',#1611,#1609,#826,.T.);
#1980=EDGE_CURVE('',#1612,#1611,#294,.T.);
#1981=EDGE_CURVE('',#1610,#1612,#827,.T.);
#1982=EDGE_CURVE('',#1613,#1613,#828,.T.);
#1983=EDGE_CURVE('',#1614,#1615,#295,.T.);
#1984=EDGE_CURVE('',#1614,#1609,#296,.T.);
#1985=EDGE_CURVE('',#1615,#1610,#297,.T.);
#1986=EDGE_CURVE('',#1616,#1617,#298,.T.);
#1987=EDGE_CURVE('',#1612,#1616,#299,.T.);
#1988=EDGE_CURVE('',#1617,#1611,#300,.T.);
#1989=EDGE_CURVE('',#1617,#1614,#829,.T.);
#1990=EDGE_CURVE('',#1618,#1619,#830,.T.);
#1991=EDGE_CURVE('',#1620,#1619,#301,.T.);
#1992=EDGE_CURVE('',#1620,#1613,#302,.T.);
#1993=EDGE_CURVE('',#1620,#1619,#303,.T.);
#1994=EDGE_CURVE('',#1619,#1621,#831,.T.);
#1995=EDGE_CURVE('',#1622,#1621,#304,.T.);
#1996=EDGE_CURVE('',#1622,#1621,#305,.T.);
#1997=EDGE_CURVE('',#1621,#1623,#832,.T.);
#1998=EDGE_CURVE('',#1623,#1624,#306,.T.);
#1999=EDGE_CURVE('',#1623,#1624,#307,.T.);
#2000=EDGE_CURVE('',#1623,#1625,#833,.T.);
#2001=EDGE_CURVE('',#1626,#1625,#308,.T.);
#2002=EDGE_CURVE('',#1626,#1625,#309,.T.);
#2003=EDGE_CURVE('',#1625,#1627,#834,.T.);
#2004=EDGE_CURVE('',#1628,#1627,#310,.T.);
#2005=EDGE_CURVE('',#1628,#1627,#311,.T.);
#2006=EDGE_CURVE('',#1627,#1618,#835,.T.);
#2007=EDGE_CURVE('',#1629,#1618,#312,.T.);
#2008=EDGE_CURVE('',#1629,#1618,#313,.T.);
#2009=EDGE_CURVE('',#1630,#1631,#836,.T.);
#2010=EDGE_CURVE('',#1632,#1630,#314,.T.);
#2011=EDGE_CURVE('',#1633,#1632,#837,.T.);
#2012=EDGE_CURVE('',#1631,#1633,#315,.T.);
#2013=EDGE_CURVE('',#1634,#1634,#838,.T.);
#2014=EDGE_CURVE('',#1635,#1636,#839,.T.);
#2015=EDGE_CURVE('',#1635,#1630,#316,.T.);
#2016=EDGE_CURVE('',#1636,#1631,#317,.T.);
#2017=EDGE_CURVE('',#1636,#1637,#318,.T.);
#2018=EDGE_CURVE('',#1637,#1633,#319,.T.);
#2019=EDGE_CURVE('',#1638,#1635,#320,.T.);
#2020=EDGE_CURVE('',#1632,#1638,#321,.T.);
#2021=EDGE_CURVE('',#1639,#1640,#840,.T.);
#2022=EDGE_CURVE('',#1641,#1640,#322,.T.);
#2023=EDGE_CURVE('',#1641,#1634,#323,.T.);
#2024=EDGE_CURVE('',#1641,#1640,#324,.T.);
#2025=EDGE_CURVE('',#1640,#1642,#841,.T.);
#2026=EDGE_CURVE('',#1643,#1642,#325,.T.);
#2027=EDGE_CURVE('',#1643,#1642,#326,.T.);
#2028=EDGE_CURVE('',#1642,#1644,#842,.T.);
#2029=EDGE_CURVE('',#1644,#1645,#327,.T.);
#2030=EDGE_CURVE('',#1644,#1645,#328,.T.);
#2031=EDGE_CURVE('',#1644,#1646,#843,.T.);
#2032=EDGE_CURVE('',#1647,#1646,#329,.T.);
#2033=EDGE_CURVE('',#1647,#1646,#330,.T.);
#2034=EDGE_CURVE('',#1646,#1648,#844,.T.);
#2035=EDGE_CURVE('',#1649,#1648,#331,.T.);
#2036=EDGE_CURVE('',#1649,#1648,#332,.T.);
#2037=EDGE_CURVE('',#1648,#1639,#845,.T.);
#2038=EDGE_CURVE('',#1650,#1639,#333,.T.);
#2039=EDGE_CURVE('',#1650,#1639,#334,.T.);
#2040=EDGE_CURVE('',#1651,#1652,#335,.T.);
#2041=EDGE_CURVE('',#1653,#1651,#846,.T.);
#2042=EDGE_CURVE('',#1654,#1653,#336,.T.);
#2043=EDGE_CURVE('',#1652,#1654,#847,.T.);
#2044=EDGE_CURVE('',#1655,#1655,#848,.T.);
#2045=EDGE_CURVE('',#1656,#1657,#849,.T.);
#2046=EDGE_CURVE('',#1658,#1657,#337,.T.);
#2047=EDGE_CURVE('',#1658,#1655,#338,.T.);
#2048=EDGE_CURVE('',#1658,#1657,#339,.T.);
#2049=EDGE_CURVE('',#1657,#1659,#850,.T.);
#2050=EDGE_CURVE('',#1660,#1659,#340,.T.);
#2051=EDGE_CURVE('',#1660,#1659,#341,.T.);
#2052=EDGE_CURVE('',#1659,#1661,#851,.T.);
#2053=EDGE_CURVE('',#1661,#1662,#342,.T.);
#2054=EDGE_CURVE('',#1661,#1662,#343,.T.);
#2055=EDGE_CURVE('',#1661,#1663,#852,.T.);
#2056=EDGE_CURVE('',#1664,#1663,#344,.T.);
#2057=EDGE_CURVE('',#1664,#1663,#345,.T.);
#2058=EDGE_CURVE('',#1663,#1665,#853,.T.);
#2059=EDGE_CURVE('',#1666,#1665,#346,.T.);
#2060=EDGE_CURVE('',#1666,#1665,#347,.T.);
#2061=EDGE_CURVE('',#1665,#1656,#854,.T.);
#2062=EDGE_CURVE('',#1667,#1656,#348,.T.);
#2063=EDGE_CURVE('',#1667,#1656,#349,.T.);
#2064=EDGE_CURVE('',#1668,#1669,#855,.T.);
#2065=EDGE_CURVE('',#1670,#1668,#350,.T.);
#2066=EDGE_CURVE('',#1671,#1670,#856,.T.);
#2067=EDGE_CURVE('',#1669,#1671,#351,.T.);
#2068=EDGE_CURVE('',#1672,#1672,#857,.T.);
#2069=EDGE_CURVE('',#1673,#1674,#858,.T.);
#2070=EDGE_CURVE('',#1675,#1674,#352,.T.);
#2071=EDGE_CURVE('',#1675,#1672,#353,.T.);
#2072=EDGE_CURVE('',#1675,#1674,#354,.T.);
#2073=EDGE_CURVE('',#1674,#1676,#859,.T.);
#2074=EDGE_CURVE('',#1677,#1676,#355,.T.);
#2075=EDGE_CURVE('',#1677,#1676,#356,.T.);
#2076=EDGE_CURVE('',#1676,#1678,#860,.T.);
#2077=EDGE_CURVE('',#1678,#1679,#357,.T.);
#2078=EDGE_CURVE('',#1678,#1679,#358,.T.);
#2079=EDGE_CURVE('',#1678,#1680,#861,.T.);
#2080=EDGE_CURVE('',#1681,#1680,#359,.T.);
#2081=EDGE_CURVE('',#1681,#1680,#360,.T.);
#2082=EDGE_CURVE('',#1680,#1682,#862,.T.);
#2083=EDGE_CURVE('',#1683,#1682,#361,.T.);
#2084=EDGE_CURVE('',#1683,#1682,#362,.T.);
#2085=EDGE_CURVE('',#1682,#1673,#863,.T.);
#2086=EDGE_CURVE('',#1684,#1673,#363,.T.);
#2087=EDGE_CURVE('',#1684,#1673,#364,.T.);
#2088=EDGE_CURVE('',#1679,#1681,#365,.T.);
#2089=EDGE_CURVE('',#1677,#1679,#366,.T.);
#2090=EDGE_CURVE('',#1675,#1677,#367,.T.);
#2091=EDGE_CURVE('',#1684,#1675,#368,.T.);
#2092=EDGE_CURVE('',#1683,#1684,#369,.T.);
#2093=EDGE_CURVE('',#1681,#1683,#370,.T.);
#2094=EDGE_CURVE('',#1680,#1678,#371,.T.);
#2095=EDGE_CURVE('',#1676,#1674,#372,.T.);
#2096=EDGE_CURVE('',#1678,#1676,#373,.T.);
#2097=EDGE_CURVE('',#1624,#1626,#374,.T.);
#2098=EDGE_CURVE('',#1622,#1624,#375,.T.);
#2099=EDGE_CURVE('',#1620,#1622,#376,.T.);
#2100=EDGE_CURVE('',#1629,#1620,#377,.T.);
#2101=EDGE_CURVE('',#1628,#1629,#378,.T.);
#2102=EDGE_CURVE('',#1626,#1628,#379,.T.);
#2103=EDGE_CURVE('',#1625,#1623,#380,.T.);
#2104=EDGE_CURVE('',#1621,#1619,#381,.T.);
#2105=EDGE_CURVE('',#1623,#1621,#382,.T.);
#2106=EDGE_CURVE('',#1645,#1647,#383,.T.);
#2107=EDGE_CURVE('',#1643,#1645,#384,.T.);
#2108=EDGE_CURVE('',#1641,#1643,#385,.T.);
#2109=EDGE_CURVE('',#1650,#1641,#386,.T.);
#2110=EDGE_CURVE('',#1649,#1650,#387,.T.);
#2111=EDGE_CURVE('',#1647,#1649,#388,.T.);
#2112=EDGE_CURVE('',#1646,#1644,#389,.T.);
#2113=EDGE_CURVE('',#1642,#1640,#390,.T.);
#2114=EDGE_CURVE('',#1644,#1642,#391,.T.);
#2115=EDGE_CURVE('',#1662,#1664,#392,.T.);
#2116=EDGE_CURVE('',#1660,#1662,#393,.T.);
#2117=EDGE_CURVE('',#1658,#1660,#394,.T.);
#2118=EDGE_CURVE('',#1667,#1658,#395,.T.);
#2119=EDGE_CURVE('',#1666,#1667,#396,.T.);
#2120=EDGE_CURVE('',#1664,#1666,#397,.T.);
#2121=EDGE_CURVE('',#1663,#1661,#398,.T.);
#2122=EDGE_CURVE('',#1659,#1657,#399,.T.);
#2123=EDGE_CURVE('',#1661,#1659,#400,.T.);
#2124=EDGE_CURVE('',#1682,#1680,#401,.T.);
#2125=EDGE_CURVE('',#1673,#1682,#402,.T.);
#2126=EDGE_CURVE('',#1674,#1673,#403,.T.);
#2127=EDGE_CURVE('',#1627,#1625,#404,.T.);
#2128=EDGE_CURVE('',#1618,#1627,#405,.T.);
#2129=EDGE_CURVE('',#1619,#1618,#406,.T.);
#2130=EDGE_CURVE('',#1648,#1646,#407,.T.);
#2131=EDGE_CURVE('',#1639,#1648,#408,.T.);
#2132=EDGE_CURVE('',#1640,#1639,#409,.T.);
#2133=EDGE_CURVE('',#1665,#1663,#410,.T.);
#2134=EDGE_CURVE('',#1656,#1665,#411,.T.);
#2135=EDGE_CURVE('',#1657,#1656,#412,.T.);
#2136=EDGE_CURVE('',#1501,#1685,#413,.T.);
#2137=EDGE_CURVE('',#1615,#1685,#864,.T.);
#2138=EDGE_CURVE('',#1686,#1616,#865,.T.);
#2139=EDGE_CURVE('',#1686,#1652,#414,.T.);
#2140=EDGE_CURVE('',#1654,#1687,#415,.T.);
#2141=EDGE_CURVE('',#1688,#1687,#866,.T.);
#2142=EDGE_CURVE('',#1688,#1671,#416,.T.);
#2143=EDGE_CURVE('',#1670,#1689,#417,.T.);
#2144=EDGE_CURVE('',#1637,#1689,#867,.T.);
#2145=EDGE_CURVE('',#1685,#1638,#868,.T.);
#2146=EDGE_CURVE('',#1690,#1690,#869,.T.);
#2147=EDGE_CURVE('',#1690,#1506,#418,.T.);
#2148=EDGE_CURVE('',#1689,#1691,#419,.T.);
#2149=EDGE_CURVE('',#1691,#1668,#420,.T.);
#2150=EDGE_CURVE('',#1691,#1692,#870,.T.);
#2151=EDGE_CURVE('',#1692,#1669,#421,.T.);
#2152=EDGE_CURVE('',#1692,#1688,#422,.T.);
#2153=EDGE_CURVE('',#1687,#1693,#423,.T.);
#2154=EDGE_CURVE('',#1693,#1653,#424,.T.);
#2155=EDGE_CURVE('',#1693,#1694,#871,.T.);
#2156=EDGE_CURVE('',#1694,#1651,#425,.T.);
#2157=EDGE_CURVE('',#1694,#1686,#426,.T.);
#2158=EDGE_CURVE('',#1695,#1696,#427,.T.);
#2159=EDGE_CURVE('',#1614,#1696,#428,.T.);
#2160=EDGE_CURVE('',#1695,#1615,#1422,.T.);
#2161=EDGE_CURVE('',#1696,#1697,#872,.T.);
#2162=EDGE_CURVE('',#1617,#1697,#429,.T.);
#2163=EDGE_CURVE('',#1697,#1698,#430,.T.);
#2164=EDGE_CURVE('',#1616,#1698,#1423,.T.);
#2165=EDGE_CURVE('',#1699,#1700,#431,.T.);
#2166=EDGE_CURVE('',#1694,#1700,#432,.T.);
#2167=EDGE_CURVE('',#1699,#1686,#1424,.T.);
#2168=EDGE_CURVE('',#1700,#1701,#873,.T.);
#2169=EDGE_CURVE('',#1693,#1701,#433,.T.);
#2170=EDGE_CURVE('',#1701,#1702,#434,.T.);
#2171=EDGE_CURVE('',#1687,#1702,#1425,.T.);
#2172=EDGE_CURVE('',#1703,#1704,#435,.T.);
#2173=EDGE_CURVE('',#1636,#1704,#436,.T.);
#2174=EDGE_CURVE('',#1703,#1637,#1426,.T.);
#2175=EDGE_CURVE('',#1704,#1705,#874,.T.);
#2176=EDGE_CURVE('',#1635,#1705,#437,.T.);
#2177=EDGE_CURVE('',#1705,#1706,#438,.T.);
#2178=EDGE_CURVE('',#1638,#1706,#1427,.T.);
#2179=EDGE_CURVE('',#1707,#1708,#439,.T.);
#2180=EDGE_CURVE('',#1692,#1708,#440,.T.);
#2181=EDGE_CURVE('',#1707,#1688,#1428,.T.);
#2182=EDGE_CURVE('',#1708,#1709,#875,.T.);
#2183=EDGE_CURVE('',#1691,#1709,#441,.T.);
#2184=EDGE_CURVE('',#1709,#1710,#442,.T.);
#2185=EDGE_CURVE('',#1689,#1710,#1429,.T.);
#2186=EDGE_CURVE('',#1710,#1703,#876,.T.);
#2187=EDGE_CURVE('',#1702,#1707,#877,.T.);
#2188=EDGE_CURVE('',#1706,#1695,#878,.T.);
#2189=EDGE_CURVE('',#1698,#1699,#879,.T.);
#2190=EDGE_CURVE('',#1711,#1711,#880,.T.);
#2191=EDGE_CURVE('',#1712,#1712,#881,.T.);
#2192=EDGE_CURVE('',#1713,#1713,#882,.T.);
#2193=EDGE_CURVE('',#1714,#1714,#883,.T.);
#2194=EDGE_CURVE('',#1714,#1711,#443,.T.);
#2195=EDGE_CURVE('',#1715,#1715,#884,.T.);
#2196=EDGE_CURVE('',#1715,#1714,#444,.T.);
#2197=EDGE_CURVE('',#1716,#1716,#885,.T.);
#2198=EDGE_CURVE('',#1717,#1717,#886,.T.);
#2199=EDGE_CURVE('',#1718,#1718,#887,.T.);
#2200=EDGE_CURVE('',#1719,#1719,#888,.T.);
#2201=EDGE_CURVE('',#1720,#1720,#889,.T.);
#2202=EDGE_CURVE('',#1721,#1721,#890,.T.);
#2203=EDGE_CURVE('',#1721,#1720,#445,.T.);
#2204=EDGE_CURVE('',#1721,#1712,#446,.T.);
#2205=EDGE_CURVE('',#1722,#1722,#891,.T.);
#2206=EDGE_CURVE('',#1722,#1718,#447,.T.);
#2207=EDGE_CURVE('',#1722,#1713,#448,.T.);
#2208=EDGE_CURVE('',#1723,#1723,#892,.T.);
#2209=EDGE_CURVE('',#1723,#1716,#449,.T.);
#2210=EDGE_CURVE('',#1723,#1719,#450,.T.);
#2211=EDGE_CURVE('',#1490,#1482,#1430,.T.);
#2212=EDGE_CURVE('',#1471,#1492,#1431,.T.);
#2213=EDGE_CURVE('',#1724,#1470,#1432,.T.);
#2214=EDGE_CURVE('',#1725,#1724,#1433,.T.);
#2215=EDGE_CURVE('',#1725,#1717,#451,.T.);
#2216=EDGE_CURVE('',#1455,#1725,#1434,.T.);
#2217=EDGE_CURVE('',#1480,#1457,#1435,.T.);
#2218=EDGE_CURVE('',#1726,#1498,#728,.T.);
#2219=EDGE_CURVE('',#1485,#1726,#1436,.T.);
#2220=EDGE_CURVE('',#1727,#1484,#729,.T.);
#2221=EDGE_CURVE('',#1499,#1727,#1437,.T.);
#2222=EDGE_CURVE('',#1475,#1497,#1438,.T.);
#2223=EDGE_CURVE('',#1459,#1477,#1439,.T.);
#2224=EDGE_CURVE('',#1728,#1458,#893,.T.);
#2225=EDGE_CURVE('',#1467,#1728,#1440,.T.);
#2226=EDGE_CURVE('',#1495,#1469,#1441,.T.);
#2227=EDGE_CURVE('',#1451,#1465,#1442,.T.);
#2228=EDGE_CURVE('',#1463,#1453,#1443,.T.);
#2229=EDGE_CURVE('',#1724,#1461,#1444,.T.);
#2230=EDGE_CURVE('',#1728,#1449,#1445,.T.);
#2231=EDGE_CURVE('',#1727,#1473,#1446,.T.);
#2232=EDGE_CURVE('',#1726,#1487,#1447,.T.);
#2233=EDGE_CURVE('',#1729,#1729,#894,.T.);
#2234=EDGE_CURVE('',#1730,#1730,#895,.T.);
#2235=EDGE_CURVE('',#1731,#1731,#896,.T.);
#2236=EDGE_CURVE('',#1731,#1729,#452,.T.);
#2237=EDGE_CURVE('',#1731,#1730,#453,.T.);
#2238=ORIENTED_EDGE('',*,*,#1732,.F.);
#2239=ORIENTED_EDGE('',*,*,#1733,.T.);
#2240=ORIENTED_EDGE('',*,*,#1734,.T.);
#2241=ORIENTED_EDGE('',*,*,#1735,.F.);
#2242=ORIENTED_EDGE('',*,*,#1733,.F.);
#2243=ORIENTED_EDGE('',*,*,#1736,.T.);
#2244=ORIENTED_EDGE('',*,*,#1737,.F.);
#2245=ORIENTED_EDGE('',*,*,#1738,.T.);
#2246=ORIENTED_EDGE('',*,*,#1736,.F.);
#2247=ORIENTED_EDGE('',*,*,#1739,.T.);
#2248=ORIENTED_EDGE('',*,*,#1740,.T.);
#2249=ORIENTED_EDGE('',*,*,#1741,.F.);
#2250=ORIENTED_EDGE('',*,*,#1739,.F.);
#2251=ORIENTED_EDGE('',*,*,#1742,.T.);
#2252=ORIENTED_EDGE('',*,*,#1743,.F.);
#2253=ORIENTED_EDGE('',*,*,#1744,.T.);
#2254=ORIENTED_EDGE('',*,*,#1742,.F.);
#2255=ORIENTED_EDGE('',*,*,#1745,.T.);
#2256=ORIENTED_EDGE('',*,*,#1746,.T.);
#2257=ORIENTED_EDGE('',*,*,#1747,.F.);
#2258=ORIENTED_EDGE('',*,*,#1748,.F.);
#2259=ORIENTED_EDGE('',*,*,#1749,.T.);
#2260=ORIENTED_EDGE('',*,*,#1750,.T.);
#2261=ORIENTED_EDGE('',*,*,#1751,.F.);
#2262=ORIENTED_EDGE('',*,*,#1749,.F.);
#2263=ORIENTED_EDGE('',*,*,#1752,.T.);
#2264=ORIENTED_EDGE('',*,*,#1753,.F.);
#2265=ORIENTED_EDGE('',*,*,#1754,.T.);
#2266=ORIENTED_EDGE('',*,*,#1752,.F.);
#2267=ORIENTED_EDGE('',*,*,#1755,.T.);
#2268=ORIENTED_EDGE('',*,*,#1756,.T.);
#2269=ORIENTED_EDGE('',*,*,#1757,.F.);
#2270=ORIENTED_EDGE('',*,*,#1755,.F.);
#2271=ORIENTED_EDGE('',*,*,#1758,.T.);
#2272=ORIENTED_EDGE('',*,*,#1759,.F.);
#2273=ORIENTED_EDGE('',*,*,#1760,.T.);
#2274=ORIENTED_EDGE('',*,*,#1758,.F.);
#2275=ORIENTED_EDGE('',*,*,#1761,.T.);
#2276=ORIENTED_EDGE('',*,*,#1762,.T.);
#2277=ORIENTED_EDGE('',*,*,#1763,.F.);
#2278=ORIENTED_EDGE('',*,*,#1764,.F.);
#2279=ORIENTED_EDGE('',*,*,#1765,.T.);
#2280=ORIENTED_EDGE('',*,*,#1766,.T.);
#2281=ORIENTED_EDGE('',*,*,#1767,.F.);
#2282=ORIENTED_EDGE('',*,*,#1765,.F.);
#2283=ORIENTED_EDGE('',*,*,#1768,.T.);
#2284=ORIENTED_EDGE('',*,*,#1769,.F.);
#2285=ORIENTED_EDGE('',*,*,#1770,.T.);
#2286=ORIENTED_EDGE('',*,*,#1768,.F.);
#2287=ORIENTED_EDGE('',*,*,#1771,.T.);
#2288=ORIENTED_EDGE('',*,*,#1772,.T.);
#2289=ORIENTED_EDGE('',*,*,#1773,.T.);
#2290=ORIENTED_EDGE('',*,*,#1774,.F.);
#2291=ORIENTED_EDGE('',*,*,#1771,.F.);
#2292=ORIENTED_EDGE('',*,*,#1775,.T.);
#2293=ORIENTED_EDGE('',*,*,#1776,.F.);
#2294=ORIENTED_EDGE('',*,*,#1777,.T.);
#2295=ORIENTED_EDGE('',*,*,#1778,.T.);
#2296=ORIENTED_EDGE('',*,*,#1775,.F.);
#2297=ORIENTED_EDGE('',*,*,#1779,.T.);
#2298=ORIENTED_EDGE('',*,*,#1780,.T.);
#2299=ORIENTED_EDGE('',*,*,#1781,.F.);
#2300=ORIENTED_EDGE('',*,*,#1782,.F.);
#2301=ORIENTED_EDGE('',*,*,#1783,.T.);
#2302=ORIENTED_EDGE('',*,*,#1784,.T.);
#2303=ORIENTED_EDGE('',*,*,#1785,.T.);
#2304=ORIENTED_EDGE('',*,*,#1786,.F.);
#2305=ORIENTED_EDGE('',*,*,#1783,.F.);
#2306=ORIENTED_EDGE('',*,*,#1787,.T.);
#2307=ORIENTED_EDGE('',*,*,#1788,.F.);
#2308=ORIENTED_EDGE('',*,*,#1789,.T.);
#2309=ORIENTED_EDGE('',*,*,#1790,.T.);
#2310=ORIENTED_EDGE('',*,*,#1787,.F.);
#2311=ORIENTED_EDGE('',*,*,#1791,.T.);
#2312=ORIENTED_EDGE('',*,*,#1792,.T.);
#2313=ORIENTED_EDGE('',*,*,#1793,.F.);
#2314=ORIENTED_EDGE('',*,*,#1791,.F.);
#2315=ORIENTED_EDGE('',*,*,#1794,.T.);
#2316=ORIENTED_EDGE('',*,*,#1795,.F.);
#2317=ORIENTED_EDGE('',*,*,#1796,.T.);
#2318=ORIENTED_EDGE('',*,*,#1794,.F.);
#2319=ORIENTED_EDGE('',*,*,#1797,.T.);
#2320=ORIENTED_EDGE('',*,*,#1798,.T.);
#2321=ORIENTED_EDGE('',*,*,#1799,.F.);
#2322=ORIENTED_EDGE('',*,*,#1800,.T.);
#2323=ORIENTED_EDGE('',*,*,#1801,.T.);
#2324=ORIENTED_EDGE('',*,*,#1802,.F.);
#2325=ORIENTED_EDGE('',*,*,#1801,.F.);
#2326=ORIENTED_EDGE('',*,*,#1803,.F.);
#2327=ORIENTED_EDGE('',*,*,#1804,.T.);
#2328=ORIENTED_EDGE('',*,*,#1800,.F.);
#2329=ORIENTED_EDGE('',*,*,#1804,.F.);
#2330=ORIENTED_EDGE('',*,*,#1805,.T.);
#2331=ORIENTED_EDGE('',*,*,#1806,.T.);
#2332=ORIENTED_EDGE('',*,*,#1807,.F.);
#2333=ORIENTED_EDGE('',*,*,#1806,.F.);
#2334=ORIENTED_EDGE('',*,*,#1808,.F.);
#2335=ORIENTED_EDGE('',*,*,#1809,.T.);
#2336=ORIENTED_EDGE('',*,*,#1805,.F.);
#2337=ORIENTED_EDGE('',*,*,#1809,.F.);
#2338=ORIENTED_EDGE('',*,*,#1810,.F.);
#2339=ORIENTED_EDGE('',*,*,#1811,.T.);
#2340=ORIENTED_EDGE('',*,*,#1808,.T.);
#2341=ORIENTED_EDGE('',*,*,#1811,.F.);
#2342=ORIENTED_EDGE('',*,*,#1807,.T.);
#2343=ORIENTED_EDGE('',*,*,#1812,.T.);
#2344=ORIENTED_EDGE('',*,*,#1803,.T.);
#2345=ORIENTED_EDGE('',*,*,#1812,.F.);
#2346=ORIENTED_EDGE('',*,*,#1813,.T.);
#2347=ORIENTED_EDGE('',*,*,#1814,.T.);
#2348=ORIENTED_EDGE('',*,*,#1815,.T.);
#2349=ORIENTED_EDGE('',*,*,#1814,.F.);
#2350=ORIENTED_EDGE('',*,*,#1816,.T.);
#2351=ORIENTED_EDGE('',*,*,#1817,.T.);
#2352=ORIENTED_EDGE('',*,*,#1818,.T.);
#2353=ORIENTED_EDGE('',*,*,#1819,.F.);
#2354=ORIENTED_EDGE('',*,*,#1820,.F.);
#2355=ORIENTED_EDGE('',*,*,#1818,.F.);
#2356=ORIENTED_EDGE('',*,*,#1821,.T.);
#2357=ORIENTED_EDGE('',*,*,#1822,.T.);
#2358=ORIENTED_EDGE('',*,*,#1823,.F.);
#2359=ORIENTED_EDGE('',*,*,#1824,.T.);
#2360=ORIENTED_EDGE('',*,*,#1825,.F.);
#2361=ORIENTED_EDGE('',*,*,#1826,.T.);
#2362=ORIENTED_EDGE('',*,*,#1827,.F.);
#2363=ORIENTED_EDGE('',*,*,#1828,.T.);
#2364=ORIENTED_EDGE('',*,*,#1829,.F.);
#2365=ORIENTED_EDGE('',*,*,#1830,.T.);
#2366=ORIENTED_EDGE('',*,*,#1831,.F.);
#2367=ORIENTED_EDGE('',*,*,#1832,.T.);
#2368=ORIENTED_EDGE('',*,*,#1833,.F.);
#2369=ORIENTED_EDGE('',*,*,#1834,.T.);
#2370=ORIENTED_EDGE('',*,*,#1835,.F.);
#2371=ORIENTED_EDGE('',*,*,#1836,.T.);
#2372=ORIENTED_EDGE('',*,*,#1837,.F.);
#2373=ORIENTED_EDGE('',*,*,#1838,.F.);
#2374=ORIENTED_EDGE('',*,*,#1820,.T.);
#2375=ORIENTED_EDGE('',*,*,#1839,.T.);
#2376=ORIENTED_EDGE('',*,*,#1838,.T.);
#2377=ORIENTED_EDGE('',*,*,#1839,.F.);
#2378=ORIENTED_EDGE('',*,*,#1819,.T.);
#2379=ORIENTED_EDGE('',*,*,#1840,.F.);
#2380=ORIENTED_EDGE('',*,*,#1841,.T.);
#2381=ORIENTED_EDGE('',*,*,#1842,.F.);
#2382=ORIENTED_EDGE('',*,*,#1843,.T.);
#2383=ORIENTED_EDGE('',*,*,#1841,.F.);
#2384=ORIENTED_EDGE('',*,*,#1844,.T.);
#2385=ORIENTED_EDGE('',*,*,#1842,.T.);
#2386=ORIENTED_EDGE('',*,*,#1844,.F.);
#2387=ORIENTED_EDGE('',*,*,#1845,.F.);
#2388=ORIENTED_EDGE('',*,*,#1846,.F.);
#2389=ORIENTED_EDGE('',*,*,#1847,.T.);
#2390=ORIENTED_EDGE('',*,*,#1843,.F.);
#2391=ORIENTED_EDGE('',*,*,#1847,.F.);
#2392=ORIENTED_EDGE('',*,*,#1848,.F.);
#2393=ORIENTED_EDGE('',*,*,#1845,.T.);
#2394=ORIENTED_EDGE('',*,*,#1849,.T.);
#2395=ORIENTED_EDGE('',*,*,#1848,.T.);
#2396=ORIENTED_EDGE('',*,*,#1846,.T.);
#2397=ORIENTED_EDGE('',*,*,#1849,.F.);
#2398=ORIENTED_EDGE('',*,*,#1840,.T.);
#2399=ORIENTED_EDGE('',*,*,#1850,.T.);
#2400=ORIENTED_EDGE('',*,*,#1851,.F.);
#2401=ORIENTED_EDGE('',*,*,#1852,.F.);
#2402=ORIENTED_EDGE('',*,*,#1850,.F.);
#2403=ORIENTED_EDGE('',*,*,#1852,.T.);
#2404=ORIENTED_EDGE('',*,*,#1853,.T.);
#2405=ORIENTED_EDGE('',*,*,#1854,.T.);
#2406=ORIENTED_EDGE('',*,*,#1855,.T.);
#2407=ORIENTED_EDGE('',*,*,#1853,.F.);
#2408=ORIENTED_EDGE('',*,*,#1851,.T.);
#2409=ORIENTED_EDGE('',*,*,#1817,.F.);
#2410=ORIENTED_EDGE('',*,*,#1856,.F.);
#2411=ORIENTED_EDGE('',*,*,#1854,.F.);
#2412=ORIENTED_EDGE('',*,*,#1855,.F.);
#2413=ORIENTED_EDGE('',*,*,#1857,.T.);
#2414=ORIENTED_EDGE('',*,*,#1858,.F.);
#2415=ORIENTED_EDGE('',*,*,#1859,.F.);
#2416=ORIENTED_EDGE('',*,*,#1857,.F.);
#2417=ORIENTED_EDGE('',*,*,#1859,.T.);
#2418=ORIENTED_EDGE('',*,*,#1860,.T.);
#2419=ORIENTED_EDGE('',*,*,#1856,.T.);
#2420=ORIENTED_EDGE('',*,*,#1860,.F.);
#2421=ORIENTED_EDGE('',*,*,#1858,.T.);
#2422=ORIENTED_EDGE('',*,*,#1861,.F.);
#2423=ORIENTED_EDGE('',*,*,#1862,.T.);
#2424=ORIENTED_EDGE('',*,*,#1816,.F.);
#2425=ORIENTED_EDGE('',*,*,#1813,.F.);
#2426=ORIENTED_EDGE('',*,*,#1862,.F.);
#2427=ORIENTED_EDGE('',*,*,#1863,.F.);
#2428=ORIENTED_EDGE('',*,*,#1864,.T.);
#2429=ORIENTED_EDGE('',*,*,#1865,.T.);
#2430=ORIENTED_EDGE('',*,*,#1866,.T.);
#2431=ORIENTED_EDGE('',*,*,#1867,.T.);
#2432=ORIENTED_EDGE('',*,*,#1868,.T.);
#2433=ORIENTED_EDGE('',*,*,#1869,.T.);
#2434=ORIENTED_EDGE('',*,*,#1870,.T.);
#2435=ORIENTED_EDGE('',*,*,#1871,.T.);
#2436=ORIENTED_EDGE('',*,*,#1872,.T.);
#2437=ORIENTED_EDGE('',*,*,#1873,.T.);
#2438=ORIENTED_EDGE('',*,*,#1874,.T.);
#2439=ORIENTED_EDGE('',*,*,#1875,.T.);
#2440=ORIENTED_EDGE('',*,*,#1876,.T.);
#2441=ORIENTED_EDGE('',*,*,#1877,.T.);
#2442=ORIENTED_EDGE('',*,*,#1878,.T.);
#2443=ORIENTED_EDGE('',*,*,#1879,.T.);
#2444=ORIENTED_EDGE('',*,*,#1880,.T.);
#2445=ORIENTED_EDGE('',*,*,#1881,.T.);
#2446=ORIENTED_EDGE('',*,*,#1863,.T.);
#2447=ORIENTED_EDGE('',*,*,#1861,.T.);
#2448=ORIENTED_EDGE('',*,*,#1881,.F.);
#2449=ORIENTED_EDGE('',*,*,#1882,.F.);
#2450=ORIENTED_EDGE('',*,*,#1883,.T.);
#2451=ORIENTED_EDGE('',*,*,#1821,.F.);
#2452=ORIENTED_EDGE('',*,*,#1883,.F.);
#2453=ORIENTED_EDGE('',*,*,#1884,.F.);
#2454=ORIENTED_EDGE('',*,*,#1880,.F.);
#2455=ORIENTED_EDGE('',*,*,#1885,.F.);
#2456=ORIENTED_EDGE('',*,*,#1885,.T.);
#2457=ORIENTED_EDGE('',*,*,#1886,.T.);
#2458=ORIENTED_EDGE('',*,*,#1884,.T.);
#2459=ORIENTED_EDGE('',*,*,#1882,.T.);
#2460=ORIENTED_EDGE('',*,*,#1886,.F.);
#2461=ORIENTED_EDGE('',*,*,#1887,.F.);
#2462=ORIENTED_EDGE('',*,*,#1832,.F.);
#2463=ORIENTED_EDGE('',*,*,#1888,.F.);
#2464=ORIENTED_EDGE('',*,*,#1889,.F.);
#2465=ORIENTED_EDGE('',*,*,#1890,.F.);
#2466=ORIENTED_EDGE('',*,*,#1830,.F.);
#2467=ORIENTED_EDGE('',*,*,#1891,.F.);
#2468=ORIENTED_EDGE('',*,*,#1892,.F.);
#2469=ORIENTED_EDGE('',*,*,#1893,.F.);
#2470=ORIENTED_EDGE('',*,*,#1826,.F.);
#2471=ORIENTED_EDGE('',*,*,#1894,.F.);
#2472=ORIENTED_EDGE('',*,*,#1895,.F.);
#2473=ORIENTED_EDGE('',*,*,#1896,.F.);
#2474=ORIENTED_EDGE('',*,*,#1824,.F.);
#2475=ORIENTED_EDGE('',*,*,#1897,.F.);
#2476=ORIENTED_EDGE('',*,*,#1898,.F.);
#2477=ORIENTED_EDGE('',*,*,#1899,.F.);
#2478=ORIENTED_EDGE('',*,*,#1900,.F.);
#2479=ORIENTED_EDGE('',*,*,#1901,.F.);
#2480=ORIENTED_EDGE('',*,*,#1902,.F.);
#2481=ORIENTED_EDGE('',*,*,#1903,.F.);
#2482=ORIENTED_EDGE('',*,*,#1904,.F.);
#2483=ORIENTED_EDGE('',*,*,#1905,.F.);
#2484=ORIENTED_EDGE('',*,*,#1836,.F.);
#2485=ORIENTED_EDGE('',*,*,#1906,.F.);
#2486=ORIENTED_EDGE('',*,*,#1907,.F.);
#2487=ORIENTED_EDGE('',*,*,#1908,.F.);
#2488=ORIENTED_EDGE('',*,*,#1834,.F.);
#2489=ORIENTED_EDGE('',*,*,#1909,.T.);
#2490=ORIENTED_EDGE('',*,*,#1900,.T.);
#2491=ORIENTED_EDGE('',*,*,#1910,.T.);
#2492=ORIENTED_EDGE('',*,*,#1889,.T.);
#2493=ORIENTED_EDGE('',*,*,#1911,.T.);
#2494=ORIENTED_EDGE('',*,*,#1901,.T.);
#2495=ORIENTED_EDGE('',*,*,#1912,.T.);
#2496=ORIENTED_EDGE('',*,*,#1892,.T.);
#2497=ORIENTED_EDGE('',*,*,#1913,.T.);
#2498=ORIENTED_EDGE('',*,*,#1902,.T.);
#2499=ORIENTED_EDGE('',*,*,#1914,.T.);
#2500=ORIENTED_EDGE('',*,*,#1904,.T.);
#2501=ORIENTED_EDGE('',*,*,#1837,.T.);
#2502=ORIENTED_EDGE('',*,*,#1905,.T.);
#2503=ORIENTED_EDGE('',*,*,#1915,.T.);
#2504=ORIENTED_EDGE('',*,*,#1891,.T.);
#2505=ORIENTED_EDGE('',*,*,#1911,.F.);
#2506=ORIENTED_EDGE('',*,*,#1915,.F.);
#2507=ORIENTED_EDGE('',*,*,#1914,.F.);
#2508=ORIENTED_EDGE('',*,*,#1916,.T.);
#2509=ORIENTED_EDGE('',*,*,#1899,.T.);
#2510=ORIENTED_EDGE('',*,*,#1917,.T.);
#2511=ORIENTED_EDGE('',*,*,#1907,.T.);
#2512=ORIENTED_EDGE('',*,*,#1835,.T.);
#2513=ORIENTED_EDGE('',*,*,#1908,.T.);
#2514=ORIENTED_EDGE('',*,*,#1918,.T.);
#2515=ORIENTED_EDGE('',*,*,#1903,.T.);
#2516=ORIENTED_EDGE('',*,*,#1913,.F.);
#2517=ORIENTED_EDGE('',*,*,#1918,.F.);
#2518=ORIENTED_EDGE('',*,*,#1917,.F.);
#2519=ORIENTED_EDGE('',*,*,#1831,.T.);
#2520=ORIENTED_EDGE('',*,*,#1890,.T.);
#2521=ORIENTED_EDGE('',*,*,#1919,.T.);
#2522=ORIENTED_EDGE('',*,*,#1888,.T.);
#2523=ORIENTED_EDGE('',*,*,#1909,.F.);
#2524=ORIENTED_EDGE('',*,*,#1919,.F.);
#2525=ORIENTED_EDGE('',*,*,#1912,.F.);
#2526=ORIENTED_EDGE('',*,*,#1833,.T.);
#2527=ORIENTED_EDGE('',*,*,#1887,.T.);
#2528=ORIENTED_EDGE('',*,*,#1920,.T.);
#2529=ORIENTED_EDGE('',*,*,#1906,.T.);
#2530=ORIENTED_EDGE('',*,*,#1916,.F.);
#2531=ORIENTED_EDGE('',*,*,#1920,.F.);
#2532=ORIENTED_EDGE('',*,*,#1910,.F.);
#2533=ORIENTED_EDGE('',*,*,#1921,.F.);
#2534=ORIENTED_EDGE('',*,*,#1922,.F.);
#2535=ORIENTED_EDGE('',*,*,#1923,.F.);
#2536=ORIENTED_EDGE('',*,*,#1924,.F.);
#2537=ORIENTED_EDGE('',*,*,#1925,.F.);
#2538=ORIENTED_EDGE('',*,*,#1926,.F.);
#2539=ORIENTED_EDGE('',*,*,#1927,.F.);
#2540=ORIENTED_EDGE('',*,*,#1822,.F.);
#2541=ORIENTED_EDGE('',*,*,#1928,.F.);
#2542=ORIENTED_EDGE('',*,*,#1929,.F.);
#2543=ORIENTED_EDGE('',*,*,#1930,.F.);
#2544=ORIENTED_EDGE('',*,*,#1828,.F.);
#2545=ORIENTED_EDGE('',*,*,#1931,.T.);
#2546=ORIENTED_EDGE('',*,*,#1922,.T.);
#2547=ORIENTED_EDGE('',*,*,#1932,.T.);
#2548=ORIENTED_EDGE('',*,*,#1895,.T.);
#2549=ORIENTED_EDGE('',*,*,#1933,.T.);
#2550=ORIENTED_EDGE('',*,*,#1923,.T.);
#2551=ORIENTED_EDGE('',*,*,#1934,.T.);
#2552=ORIENTED_EDGE('',*,*,#1898,.T.);
#2553=ORIENTED_EDGE('',*,*,#1935,.T.);
#2554=ORIENTED_EDGE('',*,*,#1924,.T.);
#2555=ORIENTED_EDGE('',*,*,#1936,.T.);
#2556=ORIENTED_EDGE('',*,*,#1926,.T.);
#2557=ORIENTED_EDGE('',*,*,#1823,.T.);
#2558=ORIENTED_EDGE('',*,*,#1927,.T.);
#2559=ORIENTED_EDGE('',*,*,#1937,.T.);
#2560=ORIENTED_EDGE('',*,*,#1897,.T.);
#2561=ORIENTED_EDGE('',*,*,#1933,.F.);
#2562=ORIENTED_EDGE('',*,*,#1937,.F.);
#2563=ORIENTED_EDGE('',*,*,#1936,.F.);
#2564=ORIENTED_EDGE('',*,*,#1938,.T.);
#2565=ORIENTED_EDGE('',*,*,#1921,.T.);
#2566=ORIENTED_EDGE('',*,*,#1939,.T.);
#2567=ORIENTED_EDGE('',*,*,#1929,.T.);
#2568=ORIENTED_EDGE('',*,*,#1829,.T.);
#2569=ORIENTED_EDGE('',*,*,#1930,.T.);
#2570=ORIENTED_EDGE('',*,*,#1940,.T.);
#2571=ORIENTED_EDGE('',*,*,#1925,.T.);
#2572=ORIENTED_EDGE('',*,*,#1935,.F.);
#2573=ORIENTED_EDGE('',*,*,#1940,.F.);
#2574=ORIENTED_EDGE('',*,*,#1939,.F.);
#2575=ORIENTED_EDGE('',*,*,#1825,.T.);
#2576=ORIENTED_EDGE('',*,*,#1896,.T.);
#2577=ORIENTED_EDGE('',*,*,#1941,.T.);
#2578=ORIENTED_EDGE('',*,*,#1894,.T.);
#2579=ORIENTED_EDGE('',*,*,#1931,.F.);
#2580=ORIENTED_EDGE('',*,*,#1941,.F.);
#2581=ORIENTED_EDGE('',*,*,#1934,.F.);
#2582=ORIENTED_EDGE('',*,*,#1827,.T.);
#2583=ORIENTED_EDGE('',*,*,#1893,.T.);
#2584=ORIENTED_EDGE('',*,*,#1942,.T.);
#2585=ORIENTED_EDGE('',*,*,#1928,.T.);
#2586=ORIENTED_EDGE('',*,*,#1938,.F.);
#2587=ORIENTED_EDGE('',*,*,#1942,.F.);
#2588=ORIENTED_EDGE('',*,*,#1932,.F.);
#2589=ORIENTED_EDGE('',*,*,#1943,.T.);
#2590=ORIENTED_EDGE('',*,*,#1944,.F.);
#2591=ORIENTED_EDGE('',*,*,#1879,.F.);
#2592=ORIENTED_EDGE('',*,*,#1945,.F.);
#2593=ORIENTED_EDGE('',*,*,#1946,.T.);
#2594=ORIENTED_EDGE('',*,*,#1945,.T.);
#2595=ORIENTED_EDGE('',*,*,#1878,.F.);
#2596=ORIENTED_EDGE('',*,*,#1947,.F.);
#2597=ORIENTED_EDGE('',*,*,#1948,.T.);
#2598=ORIENTED_EDGE('',*,*,#1949,.F.);
#2599=ORIENTED_EDGE('',*,*,#1875,.F.);
#2600=ORIENTED_EDGE('',*,*,#1950,.F.);
#2601=ORIENTED_EDGE('',*,*,#1951,.T.);
#2602=ORIENTED_EDGE('',*,*,#1950,.T.);
#2603=ORIENTED_EDGE('',*,*,#1874,.F.);
#2604=ORIENTED_EDGE('',*,*,#1952,.T.);
#2605=ORIENTED_EDGE('',*,*,#1953,.T.);
#2606=ORIENTED_EDGE('',*,*,#1954,.T.);
#2607=ORIENTED_EDGE('',*,*,#1871,.F.);
#2608=ORIENTED_EDGE('',*,*,#1955,.T.);
#2609=ORIENTED_EDGE('',*,*,#1956,.T.);
#2610=ORIENTED_EDGE('',*,*,#1955,.F.);
#2611=ORIENTED_EDGE('',*,*,#1870,.F.);
#2612=ORIENTED_EDGE('',*,*,#1957,.T.);
#2613=ORIENTED_EDGE('',*,*,#1958,.T.);
#2614=ORIENTED_EDGE('',*,*,#1959,.F.);
#2615=ORIENTED_EDGE('',*,*,#1867,.F.);
#2616=ORIENTED_EDGE('',*,*,#1960,.F.);
#2617=ORIENTED_EDGE('',*,*,#1961,.T.);
#2618=ORIENTED_EDGE('',*,*,#1960,.T.);
#2619=ORIENTED_EDGE('',*,*,#1866,.F.);
#2620=ORIENTED_EDGE('',*,*,#1962,.T.);
#2621=ORIENTED_EDGE('',*,*,#1963,.T.);
#2622=ORIENTED_EDGE('',*,*,#1947,.T.);
#2623=ORIENTED_EDGE('',*,*,#1877,.F.);
#2624=ORIENTED_EDGE('',*,*,#1964,.T.);
#2625=ORIENTED_EDGE('',*,*,#1965,.T.);
#2626=ORIENTED_EDGE('',*,*,#1964,.F.);
#2627=ORIENTED_EDGE('',*,*,#1876,.F.);
#2628=ORIENTED_EDGE('',*,*,#1944,.T.);
#2629=ORIENTED_EDGE('',*,*,#1966,.T.);
#2630=ORIENTED_EDGE('',*,*,#1952,.F.);
#2631=ORIENTED_EDGE('',*,*,#1873,.F.);
#2632=ORIENTED_EDGE('',*,*,#1967,.F.);
#2633=ORIENTED_EDGE('',*,*,#1968,.T.);
#2634=ORIENTED_EDGE('',*,*,#1967,.T.);
#2635=ORIENTED_EDGE('',*,*,#1872,.F.);
#2636=ORIENTED_EDGE('',*,*,#1949,.T.);
#2637=ORIENTED_EDGE('',*,*,#1969,.T.);
#2638=ORIENTED_EDGE('',*,*,#1957,.F.);
#2639=ORIENTED_EDGE('',*,*,#1869,.F.);
#2640=ORIENTED_EDGE('',*,*,#1970,.F.);
#2641=ORIENTED_EDGE('',*,*,#1971,.T.);
#2642=ORIENTED_EDGE('',*,*,#1970,.T.);
#2643=ORIENTED_EDGE('',*,*,#1868,.F.);
#2644=ORIENTED_EDGE('',*,*,#1954,.F.);
#2645=ORIENTED_EDGE('',*,*,#1972,.T.);
#2646=ORIENTED_EDGE('',*,*,#1962,.F.);
#2647=ORIENTED_EDGE('',*,*,#1865,.F.);
#2648=ORIENTED_EDGE('',*,*,#1973,.F.);
#2649=ORIENTED_EDGE('',*,*,#1974,.T.);
#2650=ORIENTED_EDGE('',*,*,#1973,.T.);
#2651=ORIENTED_EDGE('',*,*,#1864,.F.);
#2652=ORIENTED_EDGE('',*,*,#1959,.T.);
#2653=ORIENTED_EDGE('',*,*,#1975,.F.);
#2654=ORIENTED_EDGE('',*,*,#1976,.T.);
#2655=ORIENTED_EDGE('',*,*,#1977,.T.);
#2656=ORIENTED_EDGE('',*,*,#1975,.T.);
#2657=ORIENTED_EDGE('',*,*,#1977,.F.);
#2658=ORIENTED_EDGE('',*,*,#1961,.F.);
#2659=ORIENTED_EDGE('',*,*,#1972,.F.);
#2660=ORIENTED_EDGE('',*,*,#1974,.F.);
#2661=ORIENTED_EDGE('',*,*,#1958,.F.);
#2662=ORIENTED_EDGE('',*,*,#1956,.F.);
#2663=ORIENTED_EDGE('',*,*,#1969,.F.);
#2664=ORIENTED_EDGE('',*,*,#1971,.F.);
#2665=ORIENTED_EDGE('',*,*,#1953,.F.);
#2666=ORIENTED_EDGE('',*,*,#1951,.F.);
#2667=ORIENTED_EDGE('',*,*,#1966,.F.);
#2668=ORIENTED_EDGE('',*,*,#1968,.F.);
#2669=ORIENTED_EDGE('',*,*,#1948,.F.);
#2670=ORIENTED_EDGE('',*,*,#1946,.F.);
#2671=ORIENTED_EDGE('',*,*,#1963,.F.);
#2672=ORIENTED_EDGE('',*,*,#1965,.F.);
#2673=ORIENTED_EDGE('',*,*,#1943,.F.);
#2674=ORIENTED_EDGE('',*,*,#1976,.F.);
#2675=ORIENTED_EDGE('',*,*,#1978,.F.);
#2676=ORIENTED_EDGE('',*,*,#1979,.F.);
#2677=ORIENTED_EDGE('',*,*,#1980,.F.);
#2678=ORIENTED_EDGE('',*,*,#1981,.F.);
#2679=ORIENTED_EDGE('',*,*,#1982,.F.);
#2680=ORIENTED_EDGE('',*,*,#1983,.F.);
#2681=ORIENTED_EDGE('',*,*,#1984,.T.);
#2682=ORIENTED_EDGE('',*,*,#1978,.T.);
#2683=ORIENTED_EDGE('',*,*,#1985,.F.);
#2684=ORIENTED_EDGE('',*,*,#1986,.F.);
#2685=ORIENTED_EDGE('',*,*,#1987,.F.);
#2686=ORIENTED_EDGE('',*,*,#1980,.T.);
#2687=ORIENTED_EDGE('',*,*,#1988,.F.);
#2688=ORIENTED_EDGE('',*,*,#1989,.F.);
#2689=ORIENTED_EDGE('',*,*,#1988,.T.);
#2690=ORIENTED_EDGE('',*,*,#1979,.T.);
#2691=ORIENTED_EDGE('',*,*,#1984,.F.);
#2692=ORIENTED_EDGE('',*,*,#1990,.T.);
#2693=ORIENTED_EDGE('',*,*,#1991,.F.);
#2694=ORIENTED_EDGE('',*,*,#1992,.T.);
#2695=ORIENTED_EDGE('',*,*,#1982,.T.);
#2696=ORIENTED_EDGE('',*,*,#1992,.F.);
#2697=ORIENTED_EDGE('',*,*,#1993,.T.);
#2698=ORIENTED_EDGE('',*,*,#1994,.T.);
#2699=ORIENTED_EDGE('',*,*,#1995,.F.);
#2700=ORIENTED_EDGE('',*,*,#1996,.T.);
#2701=ORIENTED_EDGE('',*,*,#1997,.T.);
#2702=ORIENTED_EDGE('',*,*,#1998,.T.);
#2703=ORIENTED_EDGE('',*,*,#1999,.F.);
#2704=ORIENTED_EDGE('',*,*,#2000,.T.);
#2705=ORIENTED_EDGE('',*,*,#2001,.F.);
#2706=ORIENTED_EDGE('',*,*,#2002,.T.);
#2707=ORIENTED_EDGE('',*,*,#2003,.T.);
#2708=ORIENTED_EDGE('',*,*,#2004,.F.);
#2709=ORIENTED_EDGE('',*,*,#2005,.T.);
#2710=ORIENTED_EDGE('',*,*,#2006,.T.);
#2711=ORIENTED_EDGE('',*,*,#2007,.F.);
#2712=ORIENTED_EDGE('',*,*,#2008,.T.);
#2713=ORIENTED_EDGE('',*,*,#2009,.F.);
#2714=ORIENTED_EDGE('',*,*,#2010,.F.);
#2715=ORIENTED_EDGE('',*,*,#2011,.F.);
#2716=ORIENTED_EDGE('',*,*,#2012,.F.);
#2717=ORIENTED_EDGE('',*,*,#2013,.F.);
#2718=ORIENTED_EDGE('',*,*,#2014,.F.);
#2719=ORIENTED_EDGE('',*,*,#2015,.T.);
#2720=ORIENTED_EDGE('',*,*,#2009,.T.);
#2721=ORIENTED_EDGE('',*,*,#2016,.F.);
#2722=ORIENTED_EDGE('',*,*,#2017,.F.);
#2723=ORIENTED_EDGE('',*,*,#2016,.T.);
#2724=ORIENTED_EDGE('',*,*,#2012,.T.);
#2725=ORIENTED_EDGE('',*,*,#2018,.F.);
#2726=ORIENTED_EDGE('',*,*,#2019,.F.);
#2727=ORIENTED_EDGE('',*,*,#2020,.F.);
#2728=ORIENTED_EDGE('',*,*,#2010,.T.);
#2729=ORIENTED_EDGE('',*,*,#2015,.F.);
#2730=ORIENTED_EDGE('',*,*,#2021,.T.);
#2731=ORIENTED_EDGE('',*,*,#2022,.F.);
#2732=ORIENTED_EDGE('',*,*,#2023,.T.);
#2733=ORIENTED_EDGE('',*,*,#2013,.T.);
#2734=ORIENTED_EDGE('',*,*,#2023,.F.);
#2735=ORIENTED_EDGE('',*,*,#2024,.T.);
#2736=ORIENTED_EDGE('',*,*,#2025,.T.);
#2737=ORIENTED_EDGE('',*,*,#2026,.F.);
#2738=ORIENTED_EDGE('',*,*,#2027,.T.);
#2739=ORIENTED_EDGE('',*,*,#2028,.T.);
#2740=ORIENTED_EDGE('',*,*,#2029,.T.);
#2741=ORIENTED_EDGE('',*,*,#2030,.F.);
#2742=ORIENTED_EDGE('',*,*,#2031,.T.);
#2743=ORIENTED_EDGE('',*,*,#2032,.F.);
#2744=ORIENTED_EDGE('',*,*,#2033,.T.);
#2745=ORIENTED_EDGE('',*,*,#2034,.T.);
#2746=ORIENTED_EDGE('',*,*,#2035,.F.);
#2747=ORIENTED_EDGE('',*,*,#2036,.T.);
#2748=ORIENTED_EDGE('',*,*,#2037,.T.);
#2749=ORIENTED_EDGE('',*,*,#2038,.F.);
#2750=ORIENTED_EDGE('',*,*,#2039,.T.);
#2751=ORIENTED_EDGE('',*,*,#2040,.F.);
#2752=ORIENTED_EDGE('',*,*,#2041,.F.);
#2753=ORIENTED_EDGE('',*,*,#2042,.F.);
#2754=ORIENTED_EDGE('',*,*,#2043,.F.);
#2755=ORIENTED_EDGE('',*,*,#2044,.F.);
#2756=ORIENTED_EDGE('',*,*,#2045,.T.);
#2757=ORIENTED_EDGE('',*,*,#2046,.F.);
#2758=ORIENTED_EDGE('',*,*,#2047,.T.);
#2759=ORIENTED_EDGE('',*,*,#2044,.T.);
#2760=ORIENTED_EDGE('',*,*,#2047,.F.);
#2761=ORIENTED_EDGE('',*,*,#2048,.T.);
#2762=ORIENTED_EDGE('',*,*,#2049,.T.);
#2763=ORIENTED_EDGE('',*,*,#2050,.F.);
#2764=ORIENTED_EDGE('',*,*,#2051,.T.);
#2765=ORIENTED_EDGE('',*,*,#2052,.T.);
#2766=ORIENTED_EDGE('',*,*,#2053,.T.);
#2767=ORIENTED_EDGE('',*,*,#2054,.F.);
#2768=ORIENTED_EDGE('',*,*,#2055,.T.);
#2769=ORIENTED_EDGE('',*,*,#2056,.F.);
#2770=ORIENTED_EDGE('',*,*,#2057,.T.);
#2771=ORIENTED_EDGE('',*,*,#2058,.T.);
#2772=ORIENTED_EDGE('',*,*,#2059,.F.);
#2773=ORIENTED_EDGE('',*,*,#2060,.T.);
#2774=ORIENTED_EDGE('',*,*,#2061,.T.);
#2775=ORIENTED_EDGE('',*,*,#2062,.F.);
#2776=ORIENTED_EDGE('',*,*,#2063,.T.);
#2777=ORIENTED_EDGE('',*,*,#2064,.F.);
#2778=ORIENTED_EDGE('',*,*,#2065,.F.);
#2779=ORIENTED_EDGE('',*,*,#2066,.F.);
#2780=ORIENTED_EDGE('',*,*,#2067,.F.);
#2781=ORIENTED_EDGE('',*,*,#2068,.F.);
#2782=ORIENTED_EDGE('',*,*,#2069,.T.);
#2783=ORIENTED_EDGE('',*,*,#2070,.F.);
#2784=ORIENTED_EDGE('',*,*,#2071,.T.);
#2785=ORIENTED_EDGE('',*,*,#2068,.T.);
#2786=ORIENTED_EDGE('',*,*,#2071,.F.);
#2787=ORIENTED_EDGE('',*,*,#2072,.T.);
#2788=ORIENTED_EDGE('',*,*,#2073,.T.);
#2789=ORIENTED_EDGE('',*,*,#2074,.F.);
#2790=ORIENTED_EDGE('',*,*,#2075,.T.);
#2791=ORIENTED_EDGE('',*,*,#2076,.T.);
#2792=ORIENTED_EDGE('',*,*,#2077,.T.);
#2793=ORIENTED_EDGE('',*,*,#2078,.F.);
#2794=ORIENTED_EDGE('',*,*,#2079,.T.);
#2795=ORIENTED_EDGE('',*,*,#2080,.F.);
#2796=ORIENTED_EDGE('',*,*,#2081,.T.);
#2797=ORIENTED_EDGE('',*,*,#2082,.T.);
#2798=ORIENTED_EDGE('',*,*,#2083,.F.);
#2799=ORIENTED_EDGE('',*,*,#2084,.T.);
#2800=ORIENTED_EDGE('',*,*,#2085,.T.);
#2801=ORIENTED_EDGE('',*,*,#2086,.F.);
#2802=ORIENTED_EDGE('',*,*,#2087,.T.);
#2803=ORIENTED_EDGE('',*,*,#2088,.F.);
#2804=ORIENTED_EDGE('',*,*,#2089,.F.);
#2805=ORIENTED_EDGE('',*,*,#2090,.F.);
#2806=ORIENTED_EDGE('',*,*,#2091,.F.);
#2807=ORIENTED_EDGE('',*,*,#2092,.F.);
#2808=ORIENTED_EDGE('',*,*,#2093,.F.);
#2809=ORIENTED_EDGE('',*,*,#2094,.T.);
#2810=ORIENTED_EDGE('',*,*,#2078,.T.);
#2811=ORIENTED_EDGE('',*,*,#2088,.T.);
#2812=ORIENTED_EDGE('',*,*,#2080,.T.);
#2813=ORIENTED_EDGE('',*,*,#2095,.T.);
#2814=ORIENTED_EDGE('',*,*,#2072,.F.);
#2815=ORIENTED_EDGE('',*,*,#2090,.T.);
#2816=ORIENTED_EDGE('',*,*,#2074,.T.);
#2817=ORIENTED_EDGE('',*,*,#2096,.T.);
#2818=ORIENTED_EDGE('',*,*,#2075,.F.);
#2819=ORIENTED_EDGE('',*,*,#2089,.T.);
#2820=ORIENTED_EDGE('',*,*,#2077,.F.);
#2821=ORIENTED_EDGE('',*,*,#2097,.F.);
#2822=ORIENTED_EDGE('',*,*,#2098,.F.);
#2823=ORIENTED_EDGE('',*,*,#2099,.F.);
#2824=ORIENTED_EDGE('',*,*,#2100,.F.);
#2825=ORIENTED_EDGE('',*,*,#2101,.F.);
#2826=ORIENTED_EDGE('',*,*,#2102,.F.);
#2827=ORIENTED_EDGE('',*,*,#2103,.T.);
#2828=ORIENTED_EDGE('',*,*,#1999,.T.);
#2829=ORIENTED_EDGE('',*,*,#2097,.T.);
#2830=ORIENTED_EDGE('',*,*,#2001,.T.);
#2831=ORIENTED_EDGE('',*,*,#2104,.T.);
#2832=ORIENTED_EDGE('',*,*,#1993,.F.);
#2833=ORIENTED_EDGE('',*,*,#2099,.T.);
#2834=ORIENTED_EDGE('',*,*,#1995,.T.);
#2835=ORIENTED_EDGE('',*,*,#2105,.T.);
#2836=ORIENTED_EDGE('',*,*,#1996,.F.);
#2837=ORIENTED_EDGE('',*,*,#2098,.T.);
#2838=ORIENTED_EDGE('',*,*,#1998,.F.);
#2839=ORIENTED_EDGE('',*,*,#2106,.F.);
#2840=ORIENTED_EDGE('',*,*,#2107,.F.);
#2841=ORIENTED_EDGE('',*,*,#2108,.F.);
#2842=ORIENTED_EDGE('',*,*,#2109,.F.);
#2843=ORIENTED_EDGE('',*,*,#2110,.F.);
#2844=ORIENTED_EDGE('',*,*,#2111,.F.);
#2845=ORIENTED_EDGE('',*,*,#2112,.T.);
#2846=ORIENTED_EDGE('',*,*,#2030,.T.);
#2847=ORIENTED_EDGE('',*,*,#2106,.T.);
#2848=ORIENTED_EDGE('',*,*,#2032,.T.);
#2849=ORIENTED_EDGE('',*,*,#2113,.T.);
#2850=ORIENTED_EDGE('',*,*,#2024,.F.);
#2851=ORIENTED_EDGE('',*,*,#2108,.T.);
#2852=ORIENTED_EDGE('',*,*,#2026,.T.);
#2853=ORIENTED_EDGE('',*,*,#2114,.T.);
#2854=ORIENTED_EDGE('',*,*,#2027,.F.);
#2855=ORIENTED_EDGE('',*,*,#2107,.T.);
#2856=ORIENTED_EDGE('',*,*,#2029,.F.);
#2857=ORIENTED_EDGE('',*,*,#2115,.F.);
#2858=ORIENTED_EDGE('',*,*,#2116,.F.);
#2859=ORIENTED_EDGE('',*,*,#2117,.F.);
#2860=ORIENTED_EDGE('',*,*,#2118,.F.);
#2861=ORIENTED_EDGE('',*,*,#2119,.F.);
#2862=ORIENTED_EDGE('',*,*,#2120,.F.);
#2863=ORIENTED_EDGE('',*,*,#2121,.T.);
#2864=ORIENTED_EDGE('',*,*,#2054,.T.);
#2865=ORIENTED_EDGE('',*,*,#2115,.T.);
#2866=ORIENTED_EDGE('',*,*,#2056,.T.);
#2867=ORIENTED_EDGE('',*,*,#2122,.T.);
#2868=ORIENTED_EDGE('',*,*,#2048,.F.);
#2869=ORIENTED_EDGE('',*,*,#2117,.T.);
#2870=ORIENTED_EDGE('',*,*,#2050,.T.);
#2871=ORIENTED_EDGE('',*,*,#2123,.T.);
#2872=ORIENTED_EDGE('',*,*,#2051,.F.);
#2873=ORIENTED_EDGE('',*,*,#2116,.T.);
#2874=ORIENTED_EDGE('',*,*,#2053,.F.);
#2875=ORIENTED_EDGE('',*,*,#2124,.T.);
#2876=ORIENTED_EDGE('',*,*,#2081,.F.);
#2877=ORIENTED_EDGE('',*,*,#2093,.T.);
#2878=ORIENTED_EDGE('',*,*,#2083,.T.);
#2879=ORIENTED_EDGE('',*,*,#2125,.T.);
#2880=ORIENTED_EDGE('',*,*,#2084,.F.);
#2881=ORIENTED_EDGE('',*,*,#2092,.T.);
#2882=ORIENTED_EDGE('',*,*,#2086,.T.);
#2883=ORIENTED_EDGE('',*,*,#2126,.T.);
#2884=ORIENTED_EDGE('',*,*,#2087,.F.);
#2885=ORIENTED_EDGE('',*,*,#2091,.T.);
#2886=ORIENTED_EDGE('',*,*,#2070,.T.);
#2887=ORIENTED_EDGE('',*,*,#2127,.T.);
#2888=ORIENTED_EDGE('',*,*,#2002,.F.);
#2889=ORIENTED_EDGE('',*,*,#2102,.T.);
#2890=ORIENTED_EDGE('',*,*,#2004,.T.);
#2891=ORIENTED_EDGE('',*,*,#2128,.T.);
#2892=ORIENTED_EDGE('',*,*,#2005,.F.);
#2893=ORIENTED_EDGE('',*,*,#2101,.T.);
#2894=ORIENTED_EDGE('',*,*,#2007,.T.);
#2895=ORIENTED_EDGE('',*,*,#2129,.T.);
#2896=ORIENTED_EDGE('',*,*,#2008,.F.);
#2897=ORIENTED_EDGE('',*,*,#2100,.T.);
#2898=ORIENTED_EDGE('',*,*,#1991,.T.);
#2899=ORIENTED_EDGE('',*,*,#2130,.T.);
#2900=ORIENTED_EDGE('',*,*,#2033,.F.);
#2901=ORIENTED_EDGE('',*,*,#2111,.T.);
#2902=ORIENTED_EDGE('',*,*,#2035,.T.);
#2903=ORIENTED_EDGE('',*,*,#2131,.T.);
#2904=ORIENTED_EDGE('',*,*,#2036,.F.);
#2905=ORIENTED_EDGE('',*,*,#2110,.T.);
#2906=ORIENTED_EDGE('',*,*,#2038,.T.);
#2907=ORIENTED_EDGE('',*,*,#2132,.T.);
#2908=ORIENTED_EDGE('',*,*,#2039,.F.);
#2909=ORIENTED_EDGE('',*,*,#2109,.T.);
#2910=ORIENTED_EDGE('',*,*,#2022,.T.);
#2911=ORIENTED_EDGE('',*,*,#2133,.T.);
#2912=ORIENTED_EDGE('',*,*,#2057,.F.);
#2913=ORIENTED_EDGE('',*,*,#2120,.T.);
#2914=ORIENTED_EDGE('',*,*,#2059,.T.);
#2915=ORIENTED_EDGE('',*,*,#2134,.T.);
#2916=ORIENTED_EDGE('',*,*,#2060,.F.);
#2917=ORIENTED_EDGE('',*,*,#2119,.T.);
#2918=ORIENTED_EDGE('',*,*,#2062,.T.);
#2919=ORIENTED_EDGE('',*,*,#2135,.T.);
#2920=ORIENTED_EDGE('',*,*,#2063,.F.);
#2921=ORIENTED_EDGE('',*,*,#2118,.T.);
#2922=ORIENTED_EDGE('',*,*,#2046,.T.);
#2923=ORIENTED_EDGE('',*,*,#2124,.F.);
#2924=ORIENTED_EDGE('',*,*,#2082,.F.);
#2925=ORIENTED_EDGE('',*,*,#2125,.F.);
#2926=ORIENTED_EDGE('',*,*,#2085,.F.);
#2927=ORIENTED_EDGE('',*,*,#2126,.F.);
#2928=ORIENTED_EDGE('',*,*,#2069,.F.);
#2929=ORIENTED_EDGE('',*,*,#2095,.F.);
#2930=ORIENTED_EDGE('',*,*,#2073,.F.);
#2931=ORIENTED_EDGE('',*,*,#2096,.F.);
#2932=ORIENTED_EDGE('',*,*,#2076,.F.);
#2933=ORIENTED_EDGE('',*,*,#2094,.F.);
#2934=ORIENTED_EDGE('',*,*,#2079,.F.);
#2935=ORIENTED_EDGE('',*,*,#2127,.F.);
#2936=ORIENTED_EDGE('',*,*,#2003,.F.);
#2937=ORIENTED_EDGE('',*,*,#2128,.F.);
#2938=ORIENTED_EDGE('',*,*,#2006,.F.);
#2939=ORIENTED_EDGE('',*,*,#2129,.F.);
#2940=ORIENTED_EDGE('',*,*,#1990,.F.);
#2941=ORIENTED_EDGE('',*,*,#2104,.F.);
#2942=ORIENTED_EDGE('',*,*,#1994,.F.);
#2943=ORIENTED_EDGE('',*,*,#2105,.F.);
#2944=ORIENTED_EDGE('',*,*,#1997,.F.);
#2945=ORIENTED_EDGE('',*,*,#2103,.F.);
#2946=ORIENTED_EDGE('',*,*,#2000,.F.);
#2947=ORIENTED_EDGE('',*,*,#2130,.F.);
#2948=ORIENTED_EDGE('',*,*,#2034,.F.);
#2949=ORIENTED_EDGE('',*,*,#2131,.F.);
#2950=ORIENTED_EDGE('',*,*,#2037,.F.);
#2951=ORIENTED_EDGE('',*,*,#2132,.F.);
#2952=ORIENTED_EDGE('',*,*,#2021,.F.);
#2953=ORIENTED_EDGE('',*,*,#2113,.F.);
#2954=ORIENTED_EDGE('',*,*,#2025,.F.);
#2955=ORIENTED_EDGE('',*,*,#2114,.F.);
#2956=ORIENTED_EDGE('',*,*,#2028,.F.);
#2957=ORIENTED_EDGE('',*,*,#2112,.F.);
#2958=ORIENTED_EDGE('',*,*,#2031,.F.);
#2959=ORIENTED_EDGE('',*,*,#2133,.F.);
#2960=ORIENTED_EDGE('',*,*,#2058,.F.);
#2961=ORIENTED_EDGE('',*,*,#2134,.F.);
#2962=ORIENTED_EDGE('',*,*,#2061,.F.);
#2963=ORIENTED_EDGE('',*,*,#2135,.F.);
#2964=ORIENTED_EDGE('',*,*,#2045,.F.);
#2965=ORIENTED_EDGE('',*,*,#2122,.F.);
#2966=ORIENTED_EDGE('',*,*,#2049,.F.);
#2967=ORIENTED_EDGE('',*,*,#2123,.F.);
#2968=ORIENTED_EDGE('',*,*,#2052,.F.);
#2969=ORIENTED_EDGE('',*,*,#2121,.F.);
#2970=ORIENTED_EDGE('',*,*,#2055,.F.);
#2971=ORIENTED_EDGE('',*,*,#1802,.T.);
#2972=ORIENTED_EDGE('',*,*,#2136,.T.);
#2973=ORIENTED_EDGE('',*,*,#2137,.F.);
#2974=ORIENTED_EDGE('',*,*,#1985,.T.);
#2975=ORIENTED_EDGE('',*,*,#1981,.T.);
#2976=ORIENTED_EDGE('',*,*,#1987,.T.);
#2977=ORIENTED_EDGE('',*,*,#2138,.F.);
#2978=ORIENTED_EDGE('',*,*,#2139,.T.);
#2979=ORIENTED_EDGE('',*,*,#2043,.T.);
#2980=ORIENTED_EDGE('',*,*,#2140,.T.);
#2981=ORIENTED_EDGE('',*,*,#2141,.F.);
#2982=ORIENTED_EDGE('',*,*,#2142,.T.);
#2983=ORIENTED_EDGE('',*,*,#2066,.T.);
#2984=ORIENTED_EDGE('',*,*,#2143,.T.);
#2985=ORIENTED_EDGE('',*,*,#2144,.F.);
#2986=ORIENTED_EDGE('',*,*,#2018,.T.);
#2987=ORIENTED_EDGE('',*,*,#2011,.T.);
#2988=ORIENTED_EDGE('',*,*,#2020,.T.);
#2989=ORIENTED_EDGE('',*,*,#2145,.F.);
#2990=ORIENTED_EDGE('',*,*,#2136,.F.);
#2991=ORIENTED_EDGE('',*,*,#2146,.T.);
#2992=ORIENTED_EDGE('',*,*,#2147,.T.);
#2993=ORIENTED_EDGE('',*,*,#1810,.T.);
#2994=ORIENTED_EDGE('',*,*,#2147,.F.);
#2995=ORIENTED_EDGE('',*,*,#2148,.F.);
#2996=ORIENTED_EDGE('',*,*,#2143,.F.);
#2997=ORIENTED_EDGE('',*,*,#2065,.T.);
#2998=ORIENTED_EDGE('',*,*,#2149,.F.);
#2999=ORIENTED_EDGE('',*,*,#2150,.F.);
#3000=ORIENTED_EDGE('',*,*,#2149,.T.);
#3001=ORIENTED_EDGE('',*,*,#2064,.T.);
#3002=ORIENTED_EDGE('',*,*,#2151,.F.);
#3003=ORIENTED_EDGE('',*,*,#2152,.F.);
#3004=ORIENTED_EDGE('',*,*,#2151,.T.);
#3005=ORIENTED_EDGE('',*,*,#2067,.T.);
#3006=ORIENTED_EDGE('',*,*,#2142,.F.);
#3007=ORIENTED_EDGE('',*,*,#2153,.F.);
#3008=ORIENTED_EDGE('',*,*,#2140,.F.);
#3009=ORIENTED_EDGE('',*,*,#2042,.T.);
#3010=ORIENTED_EDGE('',*,*,#2154,.F.);
#3011=ORIENTED_EDGE('',*,*,#2155,.F.);
#3012=ORIENTED_EDGE('',*,*,#2154,.T.);
#3013=ORIENTED_EDGE('',*,*,#2041,.T.);
#3014=ORIENTED_EDGE('',*,*,#2156,.F.);
#3015=ORIENTED_EDGE('',*,*,#2157,.F.);
#3016=ORIENTED_EDGE('',*,*,#2156,.T.);
#3017=ORIENTED_EDGE('',*,*,#2040,.T.);
#3018=ORIENTED_EDGE('',*,*,#2139,.F.);
#3019=ORIENTED_EDGE('',*,*,#2158,.T.);
#3020=ORIENTED_EDGE('',*,*,#2159,.F.);
#3021=ORIENTED_EDGE('',*,*,#1983,.T.);
#3022=ORIENTED_EDGE('',*,*,#2160,.F.);
#3023=ORIENTED_EDGE('',*,*,#2159,.T.);
#3024=ORIENTED_EDGE('',*,*,#2161,.T.);
#3025=ORIENTED_EDGE('',*,*,#2162,.F.);
#3026=ORIENTED_EDGE('',*,*,#1989,.T.);
#3027=ORIENTED_EDGE('',*,*,#1986,.T.);
#3028=ORIENTED_EDGE('',*,*,#2162,.T.);
#3029=ORIENTED_EDGE('',*,*,#2163,.T.);
#3030=ORIENTED_EDGE('',*,*,#2164,.F.);
#3031=ORIENTED_EDGE('',*,*,#2165,.T.);
#3032=ORIENTED_EDGE('',*,*,#2166,.F.);
#3033=ORIENTED_EDGE('',*,*,#2157,.T.);
#3034=ORIENTED_EDGE('',*,*,#2167,.F.);
#3035=ORIENTED_EDGE('',*,*,#2166,.T.);
#3036=ORIENTED_EDGE('',*,*,#2168,.T.);
#3037=ORIENTED_EDGE('',*,*,#2169,.F.);
#3038=ORIENTED_EDGE('',*,*,#2155,.T.);
#3039=ORIENTED_EDGE('',*,*,#2153,.T.);
#3040=ORIENTED_EDGE('',*,*,#2169,.T.);
#3041=ORIENTED_EDGE('',*,*,#2170,.T.);
#3042=ORIENTED_EDGE('',*,*,#2171,.F.);
#3043=ORIENTED_EDGE('',*,*,#2172,.T.);
#3044=ORIENTED_EDGE('',*,*,#2173,.F.);
#3045=ORIENTED_EDGE('',*,*,#2017,.T.);
#3046=ORIENTED_EDGE('',*,*,#2174,.F.);
#3047=ORIENTED_EDGE('',*,*,#2173,.T.);
#3048=ORIENTED_EDGE('',*,*,#2175,.T.);
#3049=ORIENTED_EDGE('',*,*,#2176,.F.);
#3050=ORIENTED_EDGE('',*,*,#2014,.T.);
#3051=ORIENTED_EDGE('',*,*,#2019,.T.);
#3052=ORIENTED_EDGE('',*,*,#2176,.T.);
#3053=ORIENTED_EDGE('',*,*,#2177,.T.);
#3054=ORIENTED_EDGE('',*,*,#2178,.F.);
#3055=ORIENTED_EDGE('',*,*,#2179,.T.);
#3056=ORIENTED_EDGE('',*,*,#2180,.F.);
#3057=ORIENTED_EDGE('',*,*,#2152,.T.);
#3058=ORIENTED_EDGE('',*,*,#2181,.F.);
#3059=ORIENTED_EDGE('',*,*,#2180,.T.);
#3060=ORIENTED_EDGE('',*,*,#2182,.T.);
#3061=ORIENTED_EDGE('',*,*,#2183,.F.);
#3062=ORIENTED_EDGE('',*,*,#2150,.T.);
#3063=ORIENTED_EDGE('',*,*,#2148,.T.);
#3064=ORIENTED_EDGE('',*,*,#2183,.T.);
#3065=ORIENTED_EDGE('',*,*,#2184,.T.);
#3066=ORIENTED_EDGE('',*,*,#2185,.F.);
#3067=ORIENTED_EDGE('',*,*,#2144,.T.);
#3068=ORIENTED_EDGE('',*,*,#2185,.T.);
#3069=ORIENTED_EDGE('',*,*,#2186,.T.);
#3070=ORIENTED_EDGE('',*,*,#2174,.T.);
#3071=ORIENTED_EDGE('',*,*,#2187,.T.);
#3072=ORIENTED_EDGE('',*,*,#2181,.T.);
#3073=ORIENTED_EDGE('',*,*,#2141,.T.);
#3074=ORIENTED_EDGE('',*,*,#2171,.T.);
#3075=ORIENTED_EDGE('',*,*,#2137,.T.);
#3076=ORIENTED_EDGE('',*,*,#2145,.T.);
#3077=ORIENTED_EDGE('',*,*,#2178,.T.);
#3078=ORIENTED_EDGE('',*,*,#2188,.T.);
#3079=ORIENTED_EDGE('',*,*,#2160,.T.);
#3080=ORIENTED_EDGE('',*,*,#2189,.T.);
#3081=ORIENTED_EDGE('',*,*,#2167,.T.);
#3082=ORIENTED_EDGE('',*,*,#2138,.T.);
#3083=ORIENTED_EDGE('',*,*,#2164,.T.);
#3084=ORIENTED_EDGE('',*,*,#2146,.F.);
#3085=ORIENTED_EDGE('',*,*,#1815,.F.);
#3086=ORIENTED_EDGE('',*,*,#2186,.F.);
#3087=ORIENTED_EDGE('',*,*,#2184,.F.);
#3088=ORIENTED_EDGE('',*,*,#2182,.F.);
#3089=ORIENTED_EDGE('',*,*,#2179,.F.);
#3090=ORIENTED_EDGE('',*,*,#2187,.F.);
#3091=ORIENTED_EDGE('',*,*,#2170,.F.);
#3092=ORIENTED_EDGE('',*,*,#2168,.F.);
#3093=ORIENTED_EDGE('',*,*,#2165,.F.);
#3094=ORIENTED_EDGE('',*,*,#2189,.F.);
#3095=ORIENTED_EDGE('',*,*,#2163,.F.);
#3096=ORIENTED_EDGE('',*,*,#2161,.F.);
#3097=ORIENTED_EDGE('',*,*,#2158,.F.);
#3098=ORIENTED_EDGE('',*,*,#2188,.F.);
#3099=ORIENTED_EDGE('',*,*,#2177,.F.);
#3100=ORIENTED_EDGE('',*,*,#2175,.F.);
#3101=ORIENTED_EDGE('',*,*,#2172,.F.);
#3102=ORIENTED_EDGE('',*,*,#2190,.F.);
#3103=ORIENTED_EDGE('',*,*,#2191,.T.);
#3104=ORIENTED_EDGE('',*,*,#2192,.T.);
#3105=ORIENTED_EDGE('',*,*,#2193,.F.);
#3106=ORIENTED_EDGE('',*,*,#2194,.T.);
#3107=ORIENTED_EDGE('',*,*,#2190,.T.);
#3108=ORIENTED_EDGE('',*,*,#2194,.F.);
#3109=ORIENTED_EDGE('',*,*,#2195,.T.);
#3110=ORIENTED_EDGE('',*,*,#2196,.T.);
#3111=ORIENTED_EDGE('',*,*,#2193,.T.);
#3112=ORIENTED_EDGE('',*,*,#2196,.F.);
#3113=ORIENTED_EDGE('',*,*,#2197,.T.);
#3114=ORIENTED_EDGE('',*,*,#2198,.T.);
#3115=ORIENTED_EDGE('',*,*,#2199,.T.);
#3116=ORIENTED_EDGE('',*,*,#2200,.T.);
#3117=ORIENTED_EDGE('',*,*,#2195,.F.);
#3118=ORIENTED_EDGE('',*,*,#2201,.T.);
#3119=ORIENTED_EDGE('',*,*,#2202,.F.);
#3120=ORIENTED_EDGE('',*,*,#2203,.T.);
#3121=ORIENTED_EDGE('',*,*,#2201,.F.);
#3122=ORIENTED_EDGE('',*,*,#2203,.F.);
#3123=ORIENTED_EDGE('',*,*,#2202,.T.);
#3124=ORIENTED_EDGE('',*,*,#2204,.T.);
#3125=ORIENTED_EDGE('',*,*,#2191,.F.);
#3126=ORIENTED_EDGE('',*,*,#2204,.F.);
#3127=ORIENTED_EDGE('',*,*,#2205,.T.);
#3128=ORIENTED_EDGE('',*,*,#2206,.T.);
#3129=ORIENTED_EDGE('',*,*,#2199,.F.);
#3130=ORIENTED_EDGE('',*,*,#2206,.F.);
#3131=ORIENTED_EDGE('',*,*,#2205,.F.);
#3132=ORIENTED_EDGE('',*,*,#2207,.T.);
#3133=ORIENTED_EDGE('',*,*,#2192,.F.);
#3134=ORIENTED_EDGE('',*,*,#2207,.F.);
#3135=ORIENTED_EDGE('',*,*,#2208,.T.);
#3136=ORIENTED_EDGE('',*,*,#2209,.T.);
#3137=ORIENTED_EDGE('',*,*,#2197,.F.);
#3138=ORIENTED_EDGE('',*,*,#2209,.F.);
#3139=ORIENTED_EDGE('',*,*,#2208,.F.);
#3140=ORIENTED_EDGE('',*,*,#2210,.T.);
#3141=ORIENTED_EDGE('',*,*,#2200,.F.);
#3142=ORIENTED_EDGE('',*,*,#2210,.F.);
#3143=ORIENTED_EDGE('',*,*,#1773,.F.);
#3144=ORIENTED_EDGE('',*,*,#1772,.F.);
#3145=ORIENTED_EDGE('',*,*,#1778,.F.);
#3146=ORIENTED_EDGE('',*,*,#1777,.F.);
#3147=ORIENTED_EDGE('',*,*,#2211,.F.);
#3148=ORIENTED_EDGE('',*,*,#1785,.F.);
#3149=ORIENTED_EDGE('',*,*,#1784,.F.);
#3150=ORIENTED_EDGE('',*,*,#1790,.F.);
#3151=ORIENTED_EDGE('',*,*,#1789,.F.);
#3152=ORIENTED_EDGE('',*,*,#2212,.F.);
#3153=ORIENTED_EDGE('',*,*,#1762,.F.);
#3154=ORIENTED_EDGE('',*,*,#2213,.F.);
#3155=ORIENTED_EDGE('',*,*,#2214,.F.);
#3156=ORIENTED_EDGE('',*,*,#2215,.T.);
#3157=ORIENTED_EDGE('',*,*,#2198,.F.);
#3158=ORIENTED_EDGE('',*,*,#2215,.F.);
#3159=ORIENTED_EDGE('',*,*,#2216,.F.);
#3160=ORIENTED_EDGE('',*,*,#1740,.F.);
#3161=ORIENTED_EDGE('',*,*,#1744,.F.);
#3162=ORIENTED_EDGE('',*,*,#2217,.F.);
#3163=ORIENTED_EDGE('',*,*,#2218,.F.);
#3164=ORIENTED_EDGE('',*,*,#2219,.F.);
#3165=ORIENTED_EDGE('',*,*,#1780,.F.);
#3166=ORIENTED_EDGE('',*,*,#2220,.F.);
#3167=ORIENTED_EDGE('',*,*,#2221,.F.);
#3168=ORIENTED_EDGE('',*,*,#1798,.F.);
#3169=ORIENTED_EDGE('',*,*,#1796,.F.);
#3170=ORIENTED_EDGE('',*,*,#2222,.F.);
#3171=ORIENTED_EDGE('',*,*,#1766,.F.);
#3172=ORIENTED_EDGE('',*,*,#1770,.F.);
#3173=ORIENTED_EDGE('',*,*,#2223,.F.);
#3174=ORIENTED_EDGE('',*,*,#1746,.F.);
#3175=ORIENTED_EDGE('',*,*,#2224,.F.);
#3176=ORIENTED_EDGE('',*,*,#2225,.F.);
#3177=ORIENTED_EDGE('',*,*,#1756,.F.);
#3178=ORIENTED_EDGE('',*,*,#1760,.F.);
#3179=ORIENTED_EDGE('',*,*,#2226,.F.);
#3180=ORIENTED_EDGE('',*,*,#1792,.F.);
#3181=ORIENTED_EDGE('',*,*,#1754,.F.);
#3182=ORIENTED_EDGE('',*,*,#2227,.F.);
#3183=ORIENTED_EDGE('',*,*,#1734,.F.);
#3184=ORIENTED_EDGE('',*,*,#1738,.F.);
#3185=ORIENTED_EDGE('',*,*,#2228,.F.);
#3186=ORIENTED_EDGE('',*,*,#1750,.F.);
#3187=ORIENTED_EDGE('',*,*,#2229,.T.);
#3188=ORIENTED_EDGE('',*,*,#1751,.T.);
#3189=ORIENTED_EDGE('',*,*,#2228,.T.);
#3190=ORIENTED_EDGE('',*,*,#1737,.T.);
#3191=ORIENTED_EDGE('',*,*,#1741,.T.);
#3192=ORIENTED_EDGE('',*,*,#2216,.T.);
#3193=ORIENTED_EDGE('',*,*,#2214,.T.);
#3194=ORIENTED_EDGE('',*,*,#2230,.T.);
#3195=ORIENTED_EDGE('',*,*,#1735,.T.);
#3196=ORIENTED_EDGE('',*,*,#2227,.T.);
#3197=ORIENTED_EDGE('',*,*,#1753,.T.);
#3198=ORIENTED_EDGE('',*,*,#1757,.T.);
#3199=ORIENTED_EDGE('',*,*,#2225,.T.);
#3200=ORIENTED_EDGE('',*,*,#2231,.T.);
#3201=ORIENTED_EDGE('',*,*,#1767,.T.);
#3202=ORIENTED_EDGE('',*,*,#2222,.T.);
#3203=ORIENTED_EDGE('',*,*,#1795,.T.);
#3204=ORIENTED_EDGE('',*,*,#1799,.T.);
#3205=ORIENTED_EDGE('',*,*,#2221,.T.);
#3206=ORIENTED_EDGE('',*,*,#2232,.T.);
#3207=ORIENTED_EDGE('',*,*,#1786,.T.);
#3208=ORIENTED_EDGE('',*,*,#2211,.T.);
#3209=ORIENTED_EDGE('',*,*,#1776,.T.);
#3210=ORIENTED_EDGE('',*,*,#1781,.T.);
#3211=ORIENTED_EDGE('',*,*,#2219,.T.);
#3212=ORIENTED_EDGE('',*,*,#1759,.T.);
#3213=ORIENTED_EDGE('',*,*,#1763,.T.);
#3214=ORIENTED_EDGE('',*,*,#2212,.T.);
#3215=ORIENTED_EDGE('',*,*,#1788,.T.);
#3216=ORIENTED_EDGE('',*,*,#1793,.T.);
#3217=ORIENTED_EDGE('',*,*,#2226,.T.);
#3218=ORIENTED_EDGE('',*,*,#1782,.T.);
#3219=ORIENTED_EDGE('',*,*,#2232,.F.);
#3220=ORIENTED_EDGE('',*,*,#2218,.T.);
#3221=ORIENTED_EDGE('',*,*,#1797,.F.);
#3222=ORIENTED_EDGE('',*,*,#1769,.T.);
#3223=ORIENTED_EDGE('',*,*,#1774,.T.);
#3224=ORIENTED_EDGE('',*,*,#2217,.T.);
#3225=ORIENTED_EDGE('',*,*,#1743,.T.);
#3226=ORIENTED_EDGE('',*,*,#1747,.T.);
#3227=ORIENTED_EDGE('',*,*,#2223,.T.);
#3228=ORIENTED_EDGE('',*,*,#1764,.T.);
#3229=ORIENTED_EDGE('',*,*,#2231,.F.);
#3230=ORIENTED_EDGE('',*,*,#2220,.T.);
#3231=ORIENTED_EDGE('',*,*,#1779,.F.);
#3232=ORIENTED_EDGE('',*,*,#1748,.T.);
#3233=ORIENTED_EDGE('',*,*,#2229,.F.);
#3234=ORIENTED_EDGE('',*,*,#2213,.T.);
#3235=ORIENTED_EDGE('',*,*,#1761,.F.);
#3236=ORIENTED_EDGE('',*,*,#1732,.T.);
#3237=ORIENTED_EDGE('',*,*,#2230,.F.);
#3238=ORIENTED_EDGE('',*,*,#2224,.T.);
#3239=ORIENTED_EDGE('',*,*,#1745,.F.);
#3240=ORIENTED_EDGE('',*,*,#2233,.T.);
#3241=ORIENTED_EDGE('',*,*,#2234,.T.);
#3242=ORIENTED_EDGE('',*,*,#2235,.F.);
#3243=ORIENTED_EDGE('',*,*,#2236,.T.);
#3244=ORIENTED_EDGE('',*,*,#2233,.F.);
#3245=ORIENTED_EDGE('',*,*,#2236,.F.);
#3246=ORIENTED_EDGE('',*,*,#2235,.T.);
#3247=ORIENTED_EDGE('',*,*,#2237,.T.);
#3248=ORIENTED_EDGE('',*,*,#2234,.F.);
#3249=ORIENTED_EDGE('',*,*,#2237,.F.);
#3250=B_SPLINE_SURFACE_WITH_KNOTS('',3,3,((#4899,#4900,#4901,#4902,#4903,
#4904,#4905),(#4906,#4907,#4908,#4909,#4910,#4911,#4912),(#4913,#4914,#4915,
#4916,#4917,#4918,#4919),(#4920,#4921,#4922,#4923,#4924,#4925,#4926),(#4927,
#4928,#4929,#4930,#4931,#4932,#4933),(#4934,#4935,#4936,#4937,#4938,#4939,
#4940)),.UNSPECIFIED.,.F.,.F.,.F.,(4,1,1,4),(4,1,1,1,4),(0.,0.333333333333333,
0.666666666666667,1.),(0.,0.25,0.5,0.75,1.),.UNSPECIFIED.);
#3251=B_SPLINE_SURFACE_WITH_KNOTS('',3,3,((#5012,#5013,#5014,#5015,#5016,
#5017),(#5018,#5019,#5020,#5021,#5022,#5023),(#5024,#5025,#5026,#5027,#5028,
#5029),(#5030,#5031,#5032,#5033,#5034,#5035),(#5036,#5037,#5038,#5039,#5040,
#5041),(#5042,#5043,#5044,#5045,#5046,#5047)),.UNSPECIFIED.,.F.,.F.,.F.,
(4,1,1,4),(4,1,1,4),(0.,0.333333333333333,0.666666666666667,1.),(0.,0.333333333333333,
0.666666666666667,1.),.UNSPECIFIED.);
#3252=B_SPLINE_SURFACE_WITH_KNOTS('',3,3,((#5101,#5102,#5103,#5104,#5105,
#5106),(#5107,#5108,#5109,#5110,#5111,#5112),(#5113,#5114,#5115,#5116,#5117,
#5118),(#5119,#5120,#5121,#5122,#5123,#5124),(#5125,#5126,#5127,#5128,#5129,
#5130),(#5131,#5132,#5133,#5134,#5135,#5136)),.UNSPECIFIED.,.F.,.F.,.F.,
(4,1,1,4),(4,1,1,4),(0.,0.333333333333333,0.666666666666667,1.),(0.,0.333333333333333,
0.666666666666667,1.),.UNSPECIFIED.);
#3253=B_SPLINE_SURFACE_WITH_KNOTS('',3,3,((#5181,#5182,#5183,#5184,#5185,
#5186),(#5187,#5188,#5189,#5190,#5191,#5192),(#5193,#5194,#5195,#5196,#5197,
#5198),(#5199,#5200,#5201,#5202,#5203,#5204),(#5205,#5206,#5207,#5208,#5209,
#5210),(#5211,#5212,#5213,#5214,#5215,#5216)),.UNSPECIFIED.,.F.,.F.,.F.,
(4,1,1,4),(4,1,1,4),(0.,0.333333333333333,0.666666666666667,1.),(0.,0.333333333333333,
0.666666666666667,1.),.UNSPECIFIED.);
#3254=B_SPLINE_SURFACE_WITH_KNOTS('',3,3,((#5257,#5258,#5259,#5260,#5261,
#5262),(#5263,#5264,#5265,#5266,#5267,#5268),(#5269,#5270,#5271,#5272,#5273,
#5274),(#5275,#5276,#5277,#5278,#5279,#5280),(#5281,#5282,#5283,#5284,#5285,
#5286),(#5287,#5288,#5289,#5290,#5291,#5292)),.UNSPECIFIED.,.F.,.F.,.F.,
(4,1,1,4),(4,1,1,4),(0.,0.333333333333333,0.666666666666667,1.),(0.,0.333333333333333,
0.666666666666667,1.),.UNSPECIFIED.);
#3255=B_SPLINE_SURFACE_WITH_KNOTS('',3,3,((#5307,#5308,#5309,#5310,#5311,
#5312,#5313),(#5314,#5315,#5316,#5317,#5318,#5319,#5320),(#5321,#5322,#5323,
#5324,#5325,#5326,#5327),(#5328,#5329,#5330,#5331,#5332,#5333,#5334),(#5335,
#5336,#5337,#5338,#5339,#5340,#5341),(#5342,#5343,#5344,#5345,#5346,#5347,
#5348)),.UNSPECIFIED.,.F.,.F.,.F.,(4,1,1,4),(4,1,1,1,4),(0.,0.333333333333333,
0.666666666666667,1.),(0.,0.25,0.5,0.75,1.),.UNSPECIFIED.);
#3256=B_SPLINE_SURFACE_WITH_KNOTS('',3,3,((#5417,#5418,#5419,#5420,#5421,
#5422),(#5423,#5424,#5425,#5426,#5427,#5428),(#5429,#5430,#5431,#5432,#5433,
#5434),(#5435,#5436,#5437,#5438,#5439,#5440),(#5441,#5442,#5443,#5444,#5445,
#5446),(#5447,#5448,#5449,#5450,#5451,#5452)),.UNSPECIFIED.,.F.,.F.,.F.,
(4,1,1,4),(4,1,1,4),(0.,0.333333333333333,0.666666666666667,1.),(0.,0.333333333333333,
0.666666666666667,1.),.UNSPECIFIED.);
#3257=B_SPLINE_SURFACE_WITH_KNOTS('',3,3,((#5506,#5507,#5508,#5509,#5510,
#5511),(#5512,#5513,#5514,#5515,#5516,#5517),(#5518,#5519,#5520,#5521,#5522,
#5523),(#5524,#5525,#5526,#5527,#5528,#5529),(#5530,#5531,#5532,#5533,#5534,
#5535),(#5536,#5537,#5538,#5539,#5540,#5541)),.UNSPECIFIED.,.F.,.F.,.F.,
(4,1,1,4),(4,1,1,4),(0.,0.333333333333333,0.666666666666667,1.),(0.,0.333333333333333,
0.666666666666667,1.),.UNSPECIFIED.);
#3258=B_SPLINE_SURFACE_WITH_KNOTS('',3,3,((#5556,#5557,#5558,#5559,#5560,
#5561),(#5562,#5563,#5564,#5565,#5566,#5567),(#5568,#5569,#5570,#5571,#5572,
#5573),(#5574,#5575,#5576,#5577,#5578,#5579),(#5580,#5581,#5582,#5583,#5584,
#5585),(#5586,#5587,#5588,#5589,#5590,#5591)),.UNSPECIFIED.,.F.,.F.,.F.,
(4,1,1,4),(4,1,1,4),(0.,0.333333333333333,0.666666666666667,1.),(0.,0.333333333333333,
0.666666666666667,1.),.UNSPECIFIED.);
#3259=B_SPLINE_SURFACE_WITH_KNOTS('',3,3,((#5606,#5607,#5608,#5609,#5610,
#5611),(#5612,#5613,#5614,#5615,#5616,#5617),(#5618,#5619,#5620,#5621,#5622,
#5623),(#5624,#5625,#5626,#5627,#5628,#5629),(#5630,#5631,#5632,#5633,#5634,
#5635),(#5636,#5637,#5638,#5639,#5640,#5641)),.UNSPECIFIED.,.F.,.F.,.F.,
(4,1,1,4),(4,1,1,4),(0.,0.333333333333333,0.666666666666667,1.),(0.,0.333333333333333,
0.666666666666667,1.),.UNSPECIFIED.);
#3260=B_SPLINE_SURFACE_WITH_KNOTS('',3,3,((#5685,#5686,#5687,#5688,#5689,
#5690),(#5691,#5692,#5693,#5694,#5695,#5696),(#5697,#5698,#5699,#5700,#5701,
#5702),(#5703,#5704,#5705,#5706,#5707,#5708),(#5709,#5710,#5711,#5712,#5713,
#5714),(#5715,#5716,#5717,#5718,#5719,#5720)),.UNSPECIFIED.,.F.,.F.,.F.,
(4,1,1,4),(4,1,1,4),(0.,0.333333333333333,0.666666666666667,1.),(0.,0.333333333333333,
0.666666666666667,1.),.UNSPECIFIED.);
#3261=B_SPLINE_SURFACE_WITH_KNOTS('',3,3,((#5745,#5746,#5747,#5748,#5749,
#5750),(#5751,#5752,#5753,#5754,#5755,#5756),(#5757,#5758,#5759,#5760,#5761,
#5762),(#5763,#5764,#5765,#5766,#5767,#5768),(#5769,#5770,#5771,#5772,#5773,
#5774),(#5775,#5776,#5777,#5778,#5779,#5780)),.UNSPECIFIED.,.F.,.F.,.F.,
(4,1,1,4),(4,1,1,4),(0.,0.333333333333333,0.666666666666667,1.),(0.,0.333333333333333,
0.666666666666667,1.),.UNSPECIFIED.);
#3262=B_SPLINE_SURFACE_WITH_KNOTS('',3,3,((#5797,#5798,#5799,#5800,#5801,
#5802),(#5803,#5804,#5805,#5806,#5807,#5808),(#5809,#5810,#5811,#5812,#5813,
#5814),(#5815,#5816,#5817,#5818,#5819,#5820),(#5821,#5822,#5823,#5824,#5825,
#5826),(#5827,#5828,#5829,#5830,#5831,#5832)),.UNSPECIFIED.,.F.,.F.,.F.,
(4,1,1,4),(4,1,1,4),(0.,0.333333333333333,0.666666666666667,1.),(0.,0.333333333333333,
0.666666666666667,1.),.UNSPECIFIED.);
#3263=B_SPLINE_SURFACE_WITH_KNOTS('',3,3,((#5866,#5867,#5868,#5869,#5870,
#5871),(#5872,#5873,#5874,#5875,#5876,#5877),(#5878,#5879,#5880,#5881,#5882,
#5883),(#5884,#5885,#5886,#5887,#5888,#5889),(#5890,#5891,#5892,#5893,#5894,
#5895),(#5896,#5897,#5898,#5899,#5900,#5901)),.UNSPECIFIED.,.F.,.F.,.F.,
(4,1,1,4),(4,1,1,4),(0.,0.333333333333333,0.666666666666667,1.),(0.,0.333333333333333,
0.666666666666667,1.),.UNSPECIFIED.);
#3264=B_SPLINE_SURFACE_WITH_KNOTS('',3,3,((#5939,#5940,#5941,#5942,#5943,
#5944),(#5945,#5946,#5947,#5948,#5949,#5950),(#5951,#5952,#5953,#5954,#5955,
#5956),(#5957,#5958,#5959,#5960,#5961,#5962),(#5963,#5964,#5965,#5966,#5967,
#5968),(#5969,#5970,#5971,#5972,#5973,#5974)),.UNSPECIFIED.,.F.,.F.,.F.,
(4,1,1,4),(4,1,1,4),(0.,0.333333333333333,0.666666666666667,1.),(0.,0.333333333333333,
0.666666666666667,1.),.UNSPECIFIED.);
#3265=B_SPLINE_SURFACE_WITH_KNOTS('',3,3,((#5991,#5992,#5993,#5994,#5995,
#5996),(#5997,#5998,#5999,#6000,#6001,#6002),(#6003,#6004,#6005,#6006,#6007,
#6008),(#6009,#6010,#6011,#6012,#6013,#6014),(#6015,#6016,#6017,#6018,#6019,
#6020),(#6021,#6022,#6023,#6024,#6025,#6026)),.UNSPECIFIED.,.F.,.F.,.F.,
(4,1,1,4),(4,1,1,4),(0.,0.333333333333333,0.666666666666667,1.),(0.,0.333333333333333,
0.666666666666667,1.),.UNSPECIFIED.);
#3266=B_SPLINE_SURFACE_WITH_KNOTS('',3,3,((#6072,#6073,#6074,#6075,#6076,
#6077),(#6078,#6079,#6080,#6081,#6082,#6083),(#6084,#6085,#6086,#6087,#6088,
#6089),(#6090,#6091,#6092,#6093,#6094,#6095),(#6096,#6097,#6098,#6099,#6100,
#6101),(#6102,#6103,#6104,#6105,#6106,#6107)),.UNSPECIFIED.,.F.,.F.,.F.,
(4,1,1,4),(4,1,1,4),(0.,0.333333333333333,0.666666666666667,1.),(0.,0.333333333333333,
0.666666666666667,1.),.UNSPECIFIED.);
#3267=B_SPLINE_SURFACE_WITH_KNOTS('',3,3,((#6141,#6142,#6143,#6144,#6145,
#6146),(#6147,#6148,#6149,#6150,#6151,#6152),(#6153,#6154,#6155,#6156,#6157,
#6158),(#6159,#6160,#6161,#6162,#6163,#6164),(#6165,#6166,#6167,#6168,#6169,
#6170),(#6171,#6172,#6173,#6174,#6175,#6176)),.UNSPECIFIED.,.F.,.F.,.F.,
(4,1,1,4),(4,1,1,4),(0.,0.333333333333333,0.666666666666667,1.),(0.,0.333333333333333,
0.666666666666667,1.),.UNSPECIFIED.);
#3268=B_SPLINE_SURFACE_WITH_KNOTS('',3,3,((#6193,#6194,#6195,#6196,#6197,
#6198),(#6199,#6200,#6201,#6202,#6203,#6204),(#6205,#6206,#6207,#6208,#6209,
#6210),(#6211,#6212,#6213,#6214,#6215,#6216),(#6217,#6218,#6219,#6220,#6221,
#6222),(#6223,#6224,#6225,#6226,#6227,#6228)),.UNSPECIFIED.,.F.,.F.,.F.,
(4,1,1,4),(4,1,1,4),(0.,0.333333333333333,0.666666666666667,1.),(0.,0.333333333333333,
0.666666666666667,1.),.UNSPECIFIED.);
#3269=B_SPLINE_SURFACE_WITH_KNOTS('',3,3,((#6245,#6246,#6247,#6248,#6249,
#6250),(#6251,#6252,#6253,#6254,#6255,#6256),(#6257,#6258,#6259,#6260,#6261,
#6262),(#6263,#6264,#6265,#6266,#6267,#6268),(#6269,#6270,#6271,#6272,#6273,
#6274),(#6275,#6276,#6277,#6278,#6279,#6280)),.UNSPECIFIED.,.F.,.F.,.F.,
(4,1,1,4),(4,1,1,4),(0.,0.333333333333333,0.666666666666667,1.),(0.,0.333333333333333,
0.666666666666667,1.),.UNSPECIFIED.);
#3270=B_SPLINE_SURFACE_WITH_KNOTS('',3,3,((#7250,#7251,#7252,#7253,#7254,
#7255,#7256,#7257,#7258,#7259),(#7260,#7261,#7262,#7263,#7264,#7265,#7266,
#7267,#7268,#7269),(#7270,#7271,#7272,#7273,#7274,#7275,#7276,#7277,#7278,
#7279),(#7280,#7281,#7282,#7283,#7284,#7285,#7286,#7287,#7288,#7289),(#7290,
#7291,#7292,#7293,#7294,#7295,#7296,#7297,#7298,#7299),(#7300,#7301,#7302,
#7303,#7304,#7305,#7306,#7307,#7308,#7309)),.UNSPECIFIED.,.F.,.F.,.F.,(4,
1,1,4),(4,1,1,1,1,1,1,4),(0.,0.285714285714286,0.571428571428571,1.),(0.0314549323363688,
0.276352686262413,0.521250440188457,0.766148194114501,1.01104594804054,
1.25594370196659,1.50084145589263,1.74573920981868),.UNSPECIFIED.);
#3271=B_SPLINE_SURFACE_WITH_KNOTS('',3,3,((#7315,#7316,#7317,#7318),(#7319,
#7320,#7321,#7322),(#7323,#7324,#7325,#7326),(#7327,#7328,#7329,#7330),
(#7331,#7332,#7333,#7334),(#7335,#7336,#7337,#7338)),.UNSPECIFIED.,.F.,
 .F.,.F.,(4,1,1,4),(4,4),(0.,0.285714285714286,0.571428571428571,1.),(-0.105326824964538,
0.380326824964511),.UNSPECIFIED.);
#3272=B_SPLINE_SURFACE_WITH_KNOTS('',3,3,((#7344,#7345,#7346,#7347),(#7348,
#7349,#7350,#7351),(#7352,#7353,#7354,#7355),(#7356,#7357,#7358,#7359),
(#7360,#7361,#7362,#7363),(#7364,#7365,#7366,#7367)),.UNSPECIFIED.,.F.,
 .F.,.F.,(4,1,1,4),(4,4),(0.,0.285714285714286,0.571428571428571,1.),(0.0963443584578463,
0.453655641542154),.UNSPECIFIED.);
#3273=B_SPLINE_SURFACE_WITH_KNOTS('',3,3,((#7373,#7374,#7375,#7376,#7377),
(#7378,#7379,#7380,#7381,#7382),(#7383,#7384,#7385,#7386,#7387),(#7388,
#7389,#7390,#7391,#7392),(#7393,#7394,#7395,#7396,#7397),(#7398,#7399,#7400,
#7401,#7402)),.UNSPECIFIED.,.F.,.F.,.F.,(4,1,1,4),(4,1,4),(0.,0.285714285714286,
0.571428571428571,1.),(0.093992583659834,0.283560695909739,0.473128808159645),
 .UNSPECIFIED.);
#3274=B_SPLINE_SURFACE_WITH_KNOTS('',3,3,((#7408,#7409,#7410,#7411),(#7412,
#7413,#7414,#7415),(#7416,#7417,#7418,#7419),(#7420,#7421,#7422,#7423),
(#7424,#7425,#7426,#7427)),.UNSPECIFIED.,.F.,.F.,.F.,(4,1,4),(4,4),(0.,
0.571428571428571,1.),(0.379513742713221,2.15257184899796),
 .UNSPECIFIED.);
#3275=B_SPLINE_SURFACE_WITH_KNOTS('',3,3,((#7428,#7429,#7430,#7431,#7432,
#7433),(#7434,#7435,#7436,#7437,#7438,#7439),(#7440,#7441,#7442,#7443,#7444,
#7445),(#7446,#7447,#7448,#7449,#7450,#7451),(#7452,#7453,#7454,#7455,#7456,
#7457),(#7458,#7459,#7460,#7461,#7462,#7463)),.UNSPECIFIED.,.F.,.F.,.F.,
(4,1,1,4),(4,1,1,4),(0.,0.333333333333333,0.666666666666667,1.),(0.,0.333333333333333,
0.666666666666667,1.),.UNSPECIFIED.);
#3276=B_SPLINE_SURFACE_WITH_KNOTS('',3,3,((#7464,#7465,#7466,#7467),(#7468,
#7469,#7470,#7471),(#7472,#7473,#7474,#7475),(#7476,#7477,#7478,#7479),
(#7480,#7481,#7482,#7483)),.UNSPECIFIED.,.F.,.F.,.F.,(4,1,4),(4,4),(0.,
0.571428571428571,1.),(-2.15257184899796,-0.379513742713221),
 .UNSPECIFIED.);
#3277=B_SPLINE_SURFACE_WITH_KNOTS('',3,3,((#7484,#7485,#7486,#7487,#7488,
#7489),(#7490,#7491,#7492,#7493,#7494,#7495),(#7496,#7497,#7498,#7499,#7500,
#7501),(#7502,#7503,#7504,#7505,#7506,#7507),(#7508,#7509,#7510,#7511,#7512,
#7513),(#7514,#7515,#7516,#7517,#7518,#7519)),.UNSPECIFIED.,.F.,.F.,.F.,
(4,1,1,4),(4,1,1,4),(0.,0.333333333333333,0.666666666666667,1.),(0.,0.333333333333333,
0.666666666666667,1.),.UNSPECIFIED.);
#3278=B_SPLINE_SURFACE_WITH_KNOTS('',3,3,((#7520,#7521,#7522,#7523,#7524,
#7525),(#7526,#7527,#7528,#7529,#7530,#7531),(#7532,#7533,#7534,#7535,#7536,
#7537),(#7538,#7539,#7540,#7541,#7542,#7543),(#7544,#7545,#7546,#7547,#7548,
#7549),(#7550,#7551,#7552,#7553,#7554,#7555),(#7556,#7557,#7558,#7559,#7560,
#7561)),.UNSPECIFIED.,.F.,.F.,.F.,(4,1,1,1,4),(4,1,1,4),(0.,0.25,0.5,0.75,
1.),(0.,0.333333333333333,0.666666666666667,1.),.UNSPECIFIED.);
#3279=B_SPLINE_SURFACE_WITH_KNOTS('',3,3,((#7562,#7563,#7564,#7565,#7566,
#7567),(#7568,#7569,#7570,#7571,#7572,#7573),(#7574,#7575,#7576,#7577,#7578,
#7579),(#7580,#7581,#7582,#7583,#7584,#7585),(#7586,#7587,#7588,#7589,#7590,
#7591),(#7592,#7593,#7594,#7595,#7596,#7597),(#7598,#7599,#7600,#7601,#7602,
#7603)),.UNSPECIFIED.,.F.,.F.,.F.,(4,1,1,1,4),(4,1,1,4),(0.,0.25,0.5,0.75,
1.),(0.,0.333333333333333,0.666666666666667,1.),.UNSPECIFIED.);
#3280=STYLED_ITEM('',(#7635),#3343);
#3281=STYLED_ITEM('',(#7635),#3344);
#3282=STYLED_ITEM('',(#7635),#3345);
#3283=STYLED_ITEM('',(#7635),#3346);
#3284=STYLED_ITEM('',(#7635),#3347);
#3285=STYLED_ITEM('',(#7635),#3348);
#3286=STYLED_ITEM('',(#7635),#3349);
#3287=STYLED_ITEM('',(#7635),#3350);
#3288=STYLED_ITEM('',(#7635),#3351);
#3289=STYLED_ITEM('',(#7635),#3352);
#3290=STYLED_ITEM('',(#7635),#3353);
#3291=STYLED_ITEM('',(#7635),#3354);
#3292=STYLED_ITEM('',(#7635),#3355);
#3293=STYLED_ITEM('',(#7635),#3356);
#3294=STYLED_ITEM('',(#7635),#3357);
#3295=STYLED_ITEM('',(#7635),#3358);
#3296=STYLED_ITEM('',(#7635),#3359);
#3297=STYLED_ITEM('',(#7635),#3360);
#3298=STYLED_ITEM('',(#7635),#3361);
#3299=STYLED_ITEM('',(#7635),#3362);
#3300=STYLED_ITEM('',(#7635),#3363);
#3301=STYLED_ITEM('',(#7635),#3364);
#3302=STYLED_ITEM('',(#7635),#3365);
#3303=STYLED_ITEM('',(#7635),#3366);
#3304=STYLED_ITEM('',(#7635),#3367);
#3305=STYLED_ITEM('',(#7636),#3368);
#3306=STYLED_ITEM('',(#7637),#3370);
#3307=STYLED_ITEM('',(#7637),#3371);
#3308=STYLED_ITEM('',(#7637),#3372);
#3309=STYLED_ITEM('',(#7635),#3376);
#3310=STYLED_ITEM('',(#7635),#3377);
#3311=STYLED_ITEM('',(#7635),#3378);
#3312=STYLED_ITEM('',(#7635),#3379);
#3313=STYLED_ITEM('',(#7635),#3380);
#3314=STYLED_ITEM('',(#7635),#3382);
#3315=STYLED_ITEM('',(#7635),#3383);
#3316=STYLED_ITEM('',(#7637),#3384);
#3317=STYLED_ITEM('',(#7638),#3390);
#3318=STYLED_ITEM('',(#7638),#3391);
#3319=STYLED_ITEM('',(#7638),#3395);
#3320=STYLED_ITEM('',(#7638),#3409);
#3321=STYLED_ITEM('',(#7635),#3508);
#3322=STYLED_ITEM('',(#7635),#3529);
#3323=STYLED_ITEM('',(#7635),#3533);
#3324=STYLED_ITEM('',(#7635),#3534);
#3325=STYLED_ITEM('',(#7635),#3535);
#3326=STYLED_ITEM('',(#7635),#3538);
#3327=STYLED_ITEM('',(#7635),#3539);
#3328=STYLED_ITEM('',(#7635),#3546);
#3329=STYLED_ITEM('',(#7635),#3547);
#3330=STYLED_ITEM('',(#7635),#3548);
#3331=STYLED_ITEM('',(#7635),#3549);
#3332=STYLED_ITEM('',(#7635),#3550);
#3333=STYLED_ITEM('',(#7635),#3551);
#3334=STYLED_ITEM('',(#7635),#3552);
#3335=STYLED_ITEM('',(#7635),#3553);
#3336=STYLED_ITEM('',(#7635),#3554);
#3337=STYLED_ITEM('',(#7635),#3555);
#3338=STYLED_ITEM('',(#7635),#3556);
#3339=STYLED_ITEM('',(#7635),#3557);
#3340=STYLED_ITEM('',(#7635),#3558);
#3341=STYLED_ITEM('',(#7635),#3559);
#3342=STYLED_ITEM('',(#7634),#3565);
#3343=ADVANCED_FACE('',(#897),#3250,.T.);
#3344=ADVANCED_FACE('',(#898),#3251,.T.);
#3345=ADVANCED_FACE('',(#899),#3252,.T.);
#3346=ADVANCED_FACE('',(#900),#3253,.T.);
#3347=ADVANCED_FACE('',(#901),#3254,.T.);
#3348=ADVANCED_FACE('',(#902),#3255,.T.);
#3349=ADVANCED_FACE('',(#903),#3256,.T.);
#3350=ADVANCED_FACE('',(#904),#3257,.T.);
#3351=ADVANCED_FACE('',(#905),#3258,.T.);
#3352=ADVANCED_FACE('',(#906),#3259,.T.);
#3353=ADVANCED_FACE('',(#907),#3260,.T.);
#3354=ADVANCED_FACE('',(#908),#3261,.T.);
#3355=ADVANCED_FACE('',(#909),#3262,.T.);
#3356=ADVANCED_FACE('',(#910),#3263,.T.);
#3357=ADVANCED_FACE('',(#911),#3264,.T.);
#3358=ADVANCED_FACE('',(#912),#3265,.T.);
#3359=ADVANCED_FACE('',(#913),#3266,.T.);
#3360=ADVANCED_FACE('',(#914),#3267,.T.);
#3361=ADVANCED_FACE('',(#915),#3268,.T.);
#3362=ADVANCED_FACE('',(#916),#3269,.T.);
#3363=ADVANCED_FACE('',(#917),#700,.T.);
#3364=ADVANCED_FACE('',(#918),#701,.T.);
#3365=ADVANCED_FACE('',(#919),#702,.T.);
#3366=ADVANCED_FACE('',(#920),#703,.T.);
#3367=ADVANCED_FACE('',(#921),#172,.T.);
#3368=ADVANCED_FACE('',(#922),#173,.T.);
#3369=ADVANCED_FACE('',(#923),#164,.T.);
#3370=ADVANCED_FACE('',(#924),#165,.T.);
#3371=ADVANCED_FACE('',(#925,#22,#23,#24),#48,.T.);
#3372=ADVANCED_FACE('',(#926),#166,.F.);
#3373=ADVANCED_FACE('',(#927,#25),#49,.F.);
#3374=ADVANCED_FACE('',(#928,#26),#50,.T.);
#3375=ADVANCED_FACE('',(#929),#174,.F.);
#3376=ADVANCED_FACE('',(#930),#51,.T.);
#3377=ADVANCED_FACE('',(#931),#175,.T.);
#3378=ADVANCED_FACE('',(#932),#167,.T.);
#3379=ADVANCED_FACE('',(#933),#704,.T.);
#3380=ADVANCED_FACE('',(#934),#168,.T.);
#3381=ADVANCED_FACE('',(#935,#27),#52,.T.);
#3382=ADVANCED_FACE('',(#936),#176,.T.);
#3383=ADVANCED_FACE('',(#937),#169,.F.);
#3384=ADVANCED_FACE('',(#938,#28,#29,#30,#31),#177,.T.);
#3385=ADVANCED_FACE('',(#939),#170,.T.);
#3386=ADVANCED_FACE('',(#940),#178,.F.);
#3387=ADVANCED_FACE('',(#941,#32),#53,.T.);
#3388=ADVANCED_FACE('',(#942),#171,.T.);
#3389=ADVANCED_FACE('',(#943),#54,.T.);
#3390=ADVANCED_FACE('',(#944),#55,.T.);
#3391=ADVANCED_FACE('',(#945),#56,.T.);
#3392=ADVANCED_FACE('',(#946),#57,.T.);
#3393=ADVANCED_FACE('',(#947),#58,.T.);
#3394=ADVANCED_FACE('',(#948),#59,.T.);
#3395=ADVANCED_FACE('',(#949),#60,.T.);
#3396=ADVANCED_FACE('',(#950),#179,.T.);
#3397=ADVANCED_FACE('',(#951),#180,.T.);
#3398=ADVANCED_FACE('',(#952),#181,.T.);
#3399=ADVANCED_FACE('',(#953),#182,.T.);
#3400=ADVANCED_FACE('',(#954),#14,.T.);
#3401=ADVANCED_FACE('',(#955),#183,.T.);
#3402=ADVANCED_FACE('',(#956),#184,.T.);
#3403=ADVANCED_FACE('',(#957),#15,.T.);
#3404=ADVANCED_FACE('',(#958),#185,.T.);
#3405=ADVANCED_FACE('',(#959),#16,.T.);
#3406=ADVANCED_FACE('',(#960),#186,.T.);
#3407=ADVANCED_FACE('',(#961),#17,.T.);
#3408=ADVANCED_FACE('',(#962),#61,.T.);
#3409=ADVANCED_FACE('',(#963),#62,.T.);
#3410=ADVANCED_FACE('',(#964),#63,.T.);
#3411=ADVANCED_FACE('',(#965),#187,.T.);
#3412=ADVANCED_FACE('',(#966),#188,.T.);
#3413=ADVANCED_FACE('',(#967),#189,.T.);
#3414=ADVANCED_FACE('',(#968),#190,.T.);
#3415=ADVANCED_FACE('',(#969),#18,.T.);
#3416=ADVANCED_FACE('',(#970),#191,.T.);
#3417=ADVANCED_FACE('',(#971),#192,.T.);
#3418=ADVANCED_FACE('',(#972),#19,.T.);
#3419=ADVANCED_FACE('',(#973),#193,.T.);
#3420=ADVANCED_FACE('',(#974),#20,.T.);
#3421=ADVANCED_FACE('',(#975),#194,.T.);
#3422=ADVANCED_FACE('',(#976),#21,.T.);
#3423=ADVANCED_FACE('',(#977),#64,.F.);
#3424=ADVANCED_FACE('',(#978),#65,.F.);
#3425=ADVANCED_FACE('',(#979),#66,.F.);
#3426=ADVANCED_FACE('',(#980),#67,.F.);
#3427=ADVANCED_FACE('',(#981),#68,.F.);
#3428=ADVANCED_FACE('',(#982),#69,.F.);
#3429=ADVANCED_FACE('',(#983),#70,.F.);
#3430=ADVANCED_FACE('',(#984),#71,.F.);
#3431=ADVANCED_FACE('',(#985),#72,.F.);
#3432=ADVANCED_FACE('',(#986),#73,.F.);
#3433=ADVANCED_FACE('',(#987),#74,.F.);
#3434=ADVANCED_FACE('',(#988),#75,.F.);
#3435=ADVANCED_FACE('',(#989),#76,.F.);
#3436=ADVANCED_FACE('',(#990),#77,.F.);
#3437=ADVANCED_FACE('',(#991),#78,.F.);
#3438=ADVANCED_FACE('',(#992),#79,.F.);
#3439=ADVANCED_FACE('',(#993),#80,.F.);
#3440=ADVANCED_FACE('',(#994,#33,#34,#35,#36),#195,.F.);
#3441=ADVANCED_FACE('',(#995),#81,.T.);
#3442=ADVANCED_FACE('',(#996,#37),#82,.F.);
#3443=ADVANCED_FACE('',(#997),#83,.F.);
#3444=ADVANCED_FACE('',(#998),#84,.F.);
#3445=ADVANCED_FACE('',(#999),#196,.F.);
#3446=ADVANCED_FACE('',(#1000),#197,.T.);
#3447=ADVANCED_FACE('',(#1001,#38),#85,.F.);
#3448=ADVANCED_FACE('',(#1002),#198,.F.);
#3449=ADVANCED_FACE('',(#1003),#86,.F.);
#3450=ADVANCED_FACE('',(#1004),#87,.F.);
#3451=ADVANCED_FACE('',(#1005),#199,.T.);
#3452=ADVANCED_FACE('',(#1006,#39),#88,.F.);
#3453=ADVANCED_FACE('',(#1007),#200,.T.);
#3454=ADVANCED_FACE('',(#1008,#40),#89,.F.);
#3455=ADVANCED_FACE('',(#1009),#201,.T.);
#3456=ADVANCED_FACE('',(#1010),#90,.F.);
#3457=ADVANCED_FACE('',(#1011),#91,.F.);
#3458=ADVANCED_FACE('',(#1012),#92,.F.);
#3459=ADVANCED_FACE('',(#1013),#93,.F.);
#3460=ADVANCED_FACE('',(#1014),#94,.F.);
#3461=ADVANCED_FACE('',(#1015),#95,.F.);
#3462=ADVANCED_FACE('',(#1016),#96,.F.);
#3463=ADVANCED_FACE('',(#1017),#97,.F.);
#3464=ADVANCED_FACE('',(#1018),#98,.F.);
#3465=ADVANCED_FACE('',(#1019),#99,.F.);
#3466=ADVANCED_FACE('',(#1020),#100,.F.);
#3467=ADVANCED_FACE('',(#1021),#101,.F.);
#3468=ADVANCED_FACE('',(#1022),#102,.F.);
#3469=ADVANCED_FACE('',(#1023),#103,.F.);
#3470=ADVANCED_FACE('',(#1024),#104,.F.);
#3471=ADVANCED_FACE('',(#1025),#105,.F.);
#3472=ADVANCED_FACE('',(#1026),#106,.F.);
#3473=ADVANCED_FACE('',(#1027),#107,.F.);
#3474=ADVANCED_FACE('',(#1028),#108,.F.);
#3475=ADVANCED_FACE('',(#1029),#109,.F.);
#3476=ADVANCED_FACE('',(#1030),#110,.F.);
#3477=ADVANCED_FACE('',(#1031),#111,.F.);
#3478=ADVANCED_FACE('',(#1032),#112,.F.);
#3479=ADVANCED_FACE('',(#1033),#113,.F.);
#3480=ADVANCED_FACE('',(#1034),#114,.F.);
#3481=ADVANCED_FACE('',(#1035),#115,.F.);
#3482=ADVANCED_FACE('',(#1036),#116,.F.);
#3483=ADVANCED_FACE('',(#1037),#117,.F.);
#3484=ADVANCED_FACE('',(#1038),#118,.F.);
#3485=ADVANCED_FACE('',(#1039),#119,.F.);
#3486=ADVANCED_FACE('',(#1040),#120,.F.);
#3487=ADVANCED_FACE('',(#1041),#121,.F.);
#3488=ADVANCED_FACE('',(#1042),#122,.F.);
#3489=ADVANCED_FACE('',(#1043),#123,.F.);
#3490=ADVANCED_FACE('',(#1044),#124,.F.);
#3491=ADVANCED_FACE('',(#1045),#125,.F.);
#3492=ADVANCED_FACE('',(#1046),#126,.F.);
#3493=ADVANCED_FACE('',(#1047),#127,.F.);
#3494=ADVANCED_FACE('',(#1048),#128,.F.);
#3495=ADVANCED_FACE('',(#1049),#129,.F.);
#3496=ADVANCED_FACE('',(#1050),#130,.F.);
#3497=ADVANCED_FACE('',(#1051),#131,.F.);
#3498=ADVANCED_FACE('',(#1052),#132,.F.);
#3499=ADVANCED_FACE('',(#1053),#133,.F.);
#3500=ADVANCED_FACE('',(#1054),#134,.F.);
#3501=ADVANCED_FACE('',(#1055),#135,.F.);
#3502=ADVANCED_FACE('',(#1056),#136,.F.);
#3503=ADVANCED_FACE('',(#1057),#137,.F.);
#3504=ADVANCED_FACE('',(#1058),#138,.F.);
#3505=ADVANCED_FACE('',(#1059),#139,.F.);
#3506=ADVANCED_FACE('',(#1060),#140,.F.);
#3507=ADVANCED_FACE('',(#1061),#141,.F.);
#3508=ADVANCED_FACE('',(#1062),#202,.T.);
#3509=ADVANCED_FACE('',(#1063),#705,.T.);
#3510=ADVANCED_FACE('',(#1064),#142,.F.);
#3511=ADVANCED_FACE('',(#1065),#203,.F.);
#3512=ADVANCED_FACE('',(#1066),#143,.F.);
#3513=ADVANCED_FACE('',(#1067),#144,.F.);
#3514=ADVANCED_FACE('',(#1068),#204,.F.);
#3515=ADVANCED_FACE('',(#1069),#145,.F.);
#3516=ADVANCED_FACE('',(#1070),#146,.T.);
#3517=ADVANCED_FACE('',(#1071),#706,.F.);
#3518=ADVANCED_FACE('',(#1072),#147,.T.);
#3519=ADVANCED_FACE('',(#1073),#148,.T.);
#3520=ADVANCED_FACE('',(#1074),#707,.F.);
#3521=ADVANCED_FACE('',(#1075),#149,.T.);
#3522=ADVANCED_FACE('',(#1076),#150,.T.);
#3523=ADVANCED_FACE('',(#1077),#708,.F.);
#3524=ADVANCED_FACE('',(#1078),#151,.T.);
#3525=ADVANCED_FACE('',(#1079),#152,.T.);
#3526=ADVANCED_FACE('',(#1080),#709,.F.);
#3527=ADVANCED_FACE('',(#1081),#153,.T.);
#3528=ADVANCED_FACE('',(#1082),#710,.T.);
#3529=ADVANCED_FACE('',(#1083),#711,.T.);
#3530=ADVANCED_FACE('',(#1084),#712,.T.);
#3531=ADVANCED_FACE('',(#1085),#713,.T.);
#3532=ADVANCED_FACE('',(#1086,#41),#154,.T.);
#3533=ADVANCED_FACE('',(#1087,#42),#155,.F.);
#3534=ADVANCED_FACE('',(#1088,#43),#156,.T.);
#3535=ADVANCED_FACE('',(#1089),#205,.T.);
#3536=ADVANCED_FACE('',(#1090),#714,.T.);
#3537=ADVANCED_FACE('',(#1091,#44),#157,.T.);
#3538=ADVANCED_FACE('',(#1092,#45),#158,.T.);
#3539=ADVANCED_FACE('',(#1093,#46),#159,.T.);
#3540=ADVANCED_FACE('',(#1094),#715,.F.);
#3541=ADVANCED_FACE('',(#1095),#716,.T.);
#3542=ADVANCED_FACE('',(#1096),#206,.T.);
#3543=ADVANCED_FACE('',(#1097),#717,.F.);
#3544=ADVANCED_FACE('',(#1098),#718,.T.);
#3545=ADVANCED_FACE('',(#1099),#719,.F.);
#3546=ADVANCED_FACE('',(#1100),#207,.T.);
#3547=ADVANCED_FACE('',(#1101),#160,.T.);
#3548=ADVANCED_FACE('',(#1102),#161,.F.);
#3549=ADVANCED_FACE('',(#1103),#162,.T.);
#3550=ADVANCED_FACE('',(#1104),#3270,.T.);
#3551=ADVANCED_FACE('',(#1105),#3271,.T.);
#3552=ADVANCED_FACE('',(#1106),#3272,.T.);
#3553=ADVANCED_FACE('',(#1107),#3273,.T.);
#3554=ADVANCED_FACE('',(#1108),#3274,.T.);
#3555=ADVANCED_FACE('',(#1109),#3275,.T.);
#3556=ADVANCED_FACE('',(#1110),#3276,.T.);
#3557=ADVANCED_FACE('',(#1111),#3277,.T.);
#3558=ADVANCED_FACE('',(#1112),#3278,.T.);
#3559=ADVANCED_FACE('',(#1113),#3279,.T.);
#3560=ADVANCED_FACE('',(#1114,#47),#163,.F.);
#3561=ADVANCED_FACE('',(#1115),#720,.F.);
#3562=ADVANCED_FACE('',(#1116),#721,.T.);
#3563=CLOSED_SHELL('',(#3343,#3344,#3345,#3346,#3347,#3348,#3349,#3350,
#3351,#3352,#3353,#3354,#3355,#3356,#3357,#3358,#3359,#3360,#3361,#3362,
#3363,#3364,#3365,#3366,#3367,#3368,#3369,#3370,#3371,#3372,#3373,#3374,
#3375,#3376,#3377,#3378,#3379,#3380,#3381,#3382,#3383,#3384,#3385,#3386,
#3387,#3388,#3389,#3390,#3391,#3392,#3393,#3394,#3395,#3396,#3397,#3398,
#3399,#3400,#3401,#3402,#3403,#3404,#3405,#3406,#3407,#3408,#3409,#3410,
#3411,#3412,#3413,#3414,#3415,#3416,#3417,#3418,#3419,#3420,#3421,#3422,
#3423,#3424,#3425,#3426,#3427,#3428,#3429,#3430,#3431,#3432,#3433,#3434,
#3435,#3436,#3437,#3438,#3439,#3440,#3441,#3442,#3443,#3444,#3445,#3446,
#3447,#3448,#3449,#3450,#3451,#3452,#3453,#3454,#3455,#3456,#3457,#3458,
#3459,#3460,#3461,#3462,#3463,#3464,#3465,#3466,#3467,#3468,#3469,#3470,
#3471,#3472,#3473,#3474,#3475,#3476,#3477,#3478,#3479,#3480,#3481,#3482,
#3483,#3484,#3485,#3486,#3487,#3488,#3489,#3490,#3491,#3492,#3493,#3494,
#3495,#3496,#3497,#3498,#3499,#3500,#3501,#3502,#3503,#3504,#3505,#3506,
#3507,#3508,#3509,#3510,#3511,#3512,#3513,#3514,#3515,#3516,#3517,#3518,
#3519,#3520,#3521,#3522,#3523,#3524,#3525,#3526,#3527,#3528,#3529,#3530,
#3531,#3532,#3533,#3534,#3535,#3536,#3537,#3538,#3539,#3540,#3541,#3542,
#3543,#3544,#3545,#3546,#3547,#3548,#3549,#3550,#3551,#3552,#3553,#3554,
#3555,#3556,#3557,#3558,#3559));
#3564=CLOSED_SHELL('',(#3560,#3561,#3562));
#3565=BREP_WITH_VOIDS('Body6',#3563,(#13));
#3566=DERIVED_UNIT_ELEMENT(#3568,1.);
#3567=DERIVED_UNIT_ELEMENT(#7620,-3.);
#3568=(
MASS_UNIT()
NAMED_UNIT(*)
SI_UNIT(.KILO.,.GRAM.)
);
#3569=DERIVED_UNIT((#3566,#3567));
#3570=MEASURE_REPRESENTATION_ITEM('density measure',
POSITIVE_RATIO_MEASURE(7850.),#3569);
#3571=PROPERTY_DEFINITION_REPRESENTATION(#3576,#3573);
#3572=PROPERTY_DEFINITION_REPRESENTATION(#3577,#3574);
#3573=REPRESENTATION('material name',(#3575),#7617);
#3574=REPRESENTATION('density',(#3570),#7617);
#3575=DESCRIPTIVE_REPRESENTATION_ITEM('Steel','Steel');
#3576=PROPERTY_DEFINITION('material property','material name',#7627);
#3577=PROPERTY_DEFINITION('material property','density of part',#7627);
#3578=AXIS2_PLACEMENT_3D('',#4898,#3936,#3937);
#3579=AXIS2_PLACEMENT_3D('',#5301,#3938,#3939);
#3580=AXIS2_PLACEMENT_3D('',#5550,#3940,#3941);
#3581=AXIS2_PLACEMENT_3D('',#5605,#3942,#3943);
#3582=AXIS2_PLACEMENT_3D('',#6297,#3944,#3945);
#3583=AXIS2_PLACEMENT_3D('',#6299,#3946,#3947);
#3584=AXIS2_PLACEMENT_3D('',#6302,#3949,#3950);
#3585=AXIS2_PLACEMENT_3D('',#6303,#3951,#3952);
#3586=AXIS2_PLACEMENT_3D('',#6305,#3953,#3954);
#3587=AXIS2_PLACEMENT_3D('',#6307,#3956,#3957);
#3588=AXIS2_PLACEMENT_3D('',#6309,#3958,#3959);
#3589=AXIS2_PLACEMENT_3D('',#6312,#3961,#3962);
#3590=AXIS2_PLACEMENT_3D('',#6313,#3963,#3964);
#3591=AXIS2_PLACEMENT_3D('',#6315,#3965,#3966);
#3592=AXIS2_PLACEMENT_3D('',#6317,#3968,#3969);
#3593=AXIS2_PLACEMENT_3D('',#6319,#3970,#3971);
#3594=AXIS2_PLACEMENT_3D('',#6321,#3973,#3974);
#3595=AXIS2_PLACEMENT_3D('',#6323,#3976,#3977);
#3596=AXIS2_PLACEMENT_3D('',#6326,#3978,#3979);
#3597=AXIS2_PLACEMENT_3D('',#6328,#3980,#3981);
#3598=AXIS2_PLACEMENT_3D('',#6329,#3982,#3983);
#3599=AXIS2_PLACEMENT_3D('',#6330,#3984,#3985);
#3600=AXIS2_PLACEMENT_3D('',#6331,#3986,#3987);
#3601=AXIS2_PLACEMENT_3D('',#6333,#3988,#3989);
#3602=AXIS2_PLACEMENT_3D('',#6335,#3990,#3991);
#3603=AXIS2_PLACEMENT_3D('',#6337,#3992,#3993);
#3604=AXIS2_PLACEMENT_3D('',#6338,#3994,#3995);
#3605=AXIS2_PLACEMENT_3D('',#6339,#3996,#3997);
#3606=AXIS2_PLACEMENT_3D('',#6341,#3998,#3999);
#3607=AXIS2_PLACEMENT_3D('',#6346,#4001,#4002);
#3608=AXIS2_PLACEMENT_3D('',#6350,#4004,#4005);
#3609=AXIS2_PLACEMENT_3D('',#6354,#4007,#4008);
#3610=AXIS2_PLACEMENT_3D('',#6357,#4010,#4011);
#3611=AXIS2_PLACEMENT_3D('',#6362,#4013,#4014);
#3612=AXIS2_PLACEMENT_3D('',#6366,#4016,#4017);
#3613=AXIS2_PLACEMENT_3D('',#6370,#4019,#4020);
#3614=AXIS2_PLACEMENT_3D('',#6373,#4022,#4023);
#3615=AXIS2_PLACEMENT_3D('',#6375,#4024,#4025);
#3616=AXIS2_PLACEMENT_3D('',#6376,#4026,#4027);
#3617=AXIS2_PLACEMENT_3D('',#6377,#4028,#4029);
#3618=AXIS2_PLACEMENT_3D('',#6378,#4030,#4031);
#3619=AXIS2_PLACEMENT_3D('',#6380,#4032,#4033);
#3620=AXIS2_PLACEMENT_3D('',#6382,#4034,#4035);
#3621=AXIS2_PLACEMENT_3D('',#6383,#4036,#4037);
#3622=AXIS2_PLACEMENT_3D('',#6385,#4038,#4039);
#3623=AXIS2_PLACEMENT_3D('',#6387,#4040,#4041);
#3624=AXIS2_PLACEMENT_3D('',#6388,#4042,#4043);
#3625=AXIS2_PLACEMENT_3D('',#6390,#4045,#4046);
#3626=AXIS2_PLACEMENT_3D('',#6392,#4047,#4048);
#3627=AXIS2_PLACEMENT_3D('',#6393,#4049,#4050);
#3628=AXIS2_PLACEMENT_3D('',#6396,#4051,#4052);
#3629=AXIS2_PLACEMENT_3D('',#6398,#4054,#4055);
#3630=AXIS2_PLACEMENT_3D('',#6399,#4056,#4057);
#3631=AXIS2_PLACEMENT_3D('',#6400,#4058,#4059);
#3632=AXIS2_PLACEMENT_3D('',#6401,#4060,#4061);
#3633=AXIS2_PLACEMENT_3D('',#6405,#4063,#4064);
#3634=AXIS2_PLACEMENT_3D('',#6406,#4065,#4066);
#3635=AXIS2_PLACEMENT_3D('',#6407,#4067,#4068);
#3636=AXIS2_PLACEMENT_3D('',#6409,#4069,#4070);
#3637=AXIS2_PLACEMENT_3D('',#6411,#4071,#4072);
#3638=AXIS2_PLACEMENT_3D('',#6412,#4073,#4074);
#3639=AXIS2_PLACEMENT_3D('',#6413,#4075,#4076);
#3640=AXIS2_PLACEMENT_3D('',#6415,#4077,#4078);
#3641=AXIS2_PLACEMENT_3D('',#6416,#4079,#4080);
#3642=AXIS2_PLACEMENT_3D('',#6420,#4082,#4083);
#3643=AXIS2_PLACEMENT_3D('',#6421,#4084,#4085);
#3644=AXIS2_PLACEMENT_3D('',#6422,#4086,#4087);
#3645=AXIS2_PLACEMENT_3D('',#6423,#4088,#4089);
#3646=AXIS2_PLACEMENT_3D('',#6424,#4090,#4091);
#3647=AXIS2_PLACEMENT_3D('',#6427,#4092,#4093);
#3648=AXIS2_PLACEMENT_3D('',#6429,#4095,#4096);
#3649=AXIS2_PLACEMENT_3D('',#6434,#4098,#4099);
#3650=AXIS2_PLACEMENT_3D('',#6437,#4101,#4102);
#3651=AXIS2_PLACEMENT_3D('',#6442,#4104,#4105);
#3652=AXIS2_PLACEMENT_3D('',#6445,#4107,#4108);
#3653=AXIS2_PLACEMENT_3D('',#6450,#4110,#4111);
#3654=AXIS2_PLACEMENT_3D('',#6453,#4113,#4114);
#3655=AXIS2_PLACEMENT_3D('',#6458,#4116,#4117);
#3656=AXIS2_PLACEMENT_3D('',#6461,#4119,#4120);
#3657=AXIS2_PLACEMENT_3D('',#6462,#4121,#4122);
#3658=AXIS2_PLACEMENT_3D('',#6464,#4123,#4124);
#3659=AXIS2_PLACEMENT_3D('',#6465,#4125,#4126);
#3660=AXIS2_PLACEMENT_3D('',#6466,#4127,#4128);
#3661=AXIS2_PLACEMENT_3D('',#6469,#4129,#4130);
#3662=AXIS2_PLACEMENT_3D('',#6471,#4132,#4133);
#3663=AXIS2_PLACEMENT_3D('',#6472,#4134,#4135);
#3664=AXIS2_PLACEMENT_3D('',#6474,#4136,#4137);
#3665=AXIS2_PLACEMENT_3D('',#6475,#4138,#4139);
#3666=AXIS2_PLACEMENT_3D('',#6476,#4140,#4141);
#3667=AXIS2_PLACEMENT_3D('',#6477,#4142,#4143);
#3668=AXIS2_PLACEMENT_3D('',#6483,#4147,#4148);
#3669=AXIS2_PLACEMENT_3D('',#6489,#4152,#4153);
#3670=AXIS2_PLACEMENT_3D('',#6495,#4157,#4158);
#3671=AXIS2_PLACEMENT_3D('',#6501,#4162,#4163);
#3672=AXIS2_PLACEMENT_3D('',#6510,#4168,#4169);
#3673=AXIS2_PLACEMENT_3D('',#6516,#4173,#4174);
#3674=AXIS2_PLACEMENT_3D('',#6522,#4178,#4179);
#3675=AXIS2_PLACEMENT_3D('',#6523,#4180,#4181);
#3676=AXIS2_PLACEMENT_3D('',#6524,#4182,#4183);
#3677=AXIS2_PLACEMENT_3D('',#6525,#4184,#4185);
#3678=AXIS2_PLACEMENT_3D('',#6526,#4186,#4187);
#3679=AXIS2_PLACEMENT_3D('',#6527,#4188,#4189);
#3680=AXIS2_PLACEMENT_3D('',#6528,#4190,#4191);
#3681=AXIS2_PLACEMENT_3D('',#6529,#4192,#4193);
#3682=AXIS2_PLACEMENT_3D('',#6530,#4194,#4195);
#3683=AXIS2_PLACEMENT_3D('',#6531,#4196,#4197);
#3684=AXIS2_PLACEMENT_3D('',#6532,#4198,#4199);
#3685=AXIS2_PLACEMENT_3D('',#6533,#4200,#4201);
#3686=AXIS2_PLACEMENT_3D('',#6534,#4202,#4203);
#3687=AXIS2_PLACEMENT_3D('',#6535,#4204,#4205);
#3688=AXIS2_PLACEMENT_3D('',#6536,#4206,#4207);
#3689=AXIS2_PLACEMENT_3D('',#6537,#4208,#4209);
#3690=AXIS2_PLACEMENT_3D('',#6538,#4210,#4211);
#3691=AXIS2_PLACEMENT_3D('',#6539,#4212,#4213);
#3692=AXIS2_PLACEMENT_3D('',#6540,#4214,#4215);
#3693=AXIS2_PLACEMENT_3D('',#6541,#4216,#4217);
#3694=AXIS2_PLACEMENT_3D('',#6542,#4218,#4219);
#3695=AXIS2_PLACEMENT_3D('',#6543,#4220,#4221);
#3696=AXIS2_PLACEMENT_3D('',#6544,#4222,#4223);
#3697=AXIS2_PLACEMENT_3D('',#6545,#4224,#4225);
#3698=AXIS2_PLACEMENT_3D('',#6546,#4226,#4227);
#3699=AXIS2_PLACEMENT_3D('',#6555,#4232,#4233);
#3700=AXIS2_PLACEMENT_3D('',#6561,#4237,#4238);
#3701=AXIS2_PLACEMENT_3D('',#6567,#4242,#4243);
#3702=AXIS2_PLACEMENT_3D('',#6568,#4244,#4245);
#3703=AXIS2_PLACEMENT_3D('',#6569,#4246,#4247);
#3704=AXIS2_PLACEMENT_3D('',#6570,#4248,#4249);
#3705=AXIS2_PLACEMENT_3D('',#6571,#4250,#4251);
#3706=AXIS2_PLACEMENT_3D('',#6572,#4252,#4253);
#3707=AXIS2_PLACEMENT_3D('',#6573,#4254,#4255);
#3708=AXIS2_PLACEMENT_3D('',#6574,#4256,#4257);
#3709=AXIS2_PLACEMENT_3D('',#6575,#4258,#4259);
#3710=AXIS2_PLACEMENT_3D('',#6576,#4260,#4261);
#3711=AXIS2_PLACEMENT_3D('',#6577,#4262,#4263);
#3712=AXIS2_PLACEMENT_3D('',#6578,#4264,#4265);
#3713=AXIS2_PLACEMENT_3D('',#6579,#4266,#4267);
#3714=AXIS2_PLACEMENT_3D('',#6580,#4268,#4269);
#3715=AXIS2_PLACEMENT_3D('',#6581,#4270,#4271);
#3716=AXIS2_PLACEMENT_3D('',#6582,#4272,#4273);
#3717=AXIS2_PLACEMENT_3D('',#6583,#4274,#4275);
#3718=AXIS2_PLACEMENT_3D('',#6584,#4276,#4277);
#3719=AXIS2_PLACEMENT_3D('',#6585,#4278,#4279);
#3720=AXIS2_PLACEMENT_3D('',#6586,#4280,#4281);
#3721=AXIS2_PLACEMENT_3D('',#6587,#4282,#4283);
#3722=AXIS2_PLACEMENT_3D('',#6588,#4284,#4285);
#3723=AXIS2_PLACEMENT_3D('',#6589,#4286,#4287);
#3724=AXIS2_PLACEMENT_3D('',#6590,#4288,#4289);
#3725=AXIS2_PLACEMENT_3D('',#6591,#4290,#4291);
#3726=AXIS2_PLACEMENT_3D('',#6594,#4292,#4293);
#3727=AXIS2_PLACEMENT_3D('',#6597,#4296,#4297);
#3728=AXIS2_PLACEMENT_3D('',#6601,#4300,#4301);
#3729=AXIS2_PLACEMENT_3D('',#6604,#4302,#4303);
#3730=AXIS2_PLACEMENT_3D('',#6607,#4306,#4307);
#3731=AXIS2_PLACEMENT_3D('',#6611,#4310,#4311);
#3732=AXIS2_PLACEMENT_3D('',#6614,#4312,#4313);
#3733=AXIS2_PLACEMENT_3D('',#6617,#4316,#4317);
#3734=AXIS2_PLACEMENT_3D('',#6621,#4320,#4321);
#3735=AXIS2_PLACEMENT_3D('',#6624,#4322,#4323);
#3736=AXIS2_PLACEMENT_3D('',#6627,#4326,#4327);
#3737=AXIS2_PLACEMENT_3D('',#6631,#4330,#4331);
#3738=AXIS2_PLACEMENT_3D('',#6633,#4332,#4333);
#3739=AXIS2_PLACEMENT_3D('',#6635,#4335,#4336);
#3740=AXIS2_PLACEMENT_3D('',#6637,#4338,#4339);
#3741=AXIS2_PLACEMENT_3D('',#6639,#4340,#4341);
#3742=AXIS2_PLACEMENT_3D('',#6641,#4343,#4344);
#3743=AXIS2_PLACEMENT_3D('',#6643,#4346,#4347);
#3744=AXIS2_PLACEMENT_3D('',#6645,#4348,#4349);
#3745=AXIS2_PLACEMENT_3D('',#6647,#4351,#4352);
#3746=AXIS2_PLACEMENT_3D('',#6649,#4354,#4355);
#3747=AXIS2_PLACEMENT_3D('',#6651,#4356,#4357);
#3748=AXIS2_PLACEMENT_3D('',#6653,#4359,#4360);
#3749=AXIS2_PLACEMENT_3D('',#6655,#4362,#4363);
#3750=AXIS2_PLACEMENT_3D('',#6657,#4364,#4365);
#3751=AXIS2_PLACEMENT_3D('',#6658,#4366,#4367);
#3752=AXIS2_PLACEMENT_3D('',#6660,#4368,#4369);
#3753=AXIS2_PLACEMENT_3D('',#6662,#4371,#4372);
#3754=AXIS2_PLACEMENT_3D('',#6663,#4373,#4374);
#3755=AXIS2_PLACEMENT_3D('',#6668,#4376,#4377);
#3756=AXIS2_PLACEMENT_3D('',#6671,#4379,#4380);
#3757=AXIS2_PLACEMENT_3D('',#6673,#4381,#4382);
#3758=AXIS2_PLACEMENT_3D('',#6674,#4383,#4384);
#3759=AXIS2_PLACEMENT_3D('',#6680,#4388,#4389);
#3760=AXIS2_PLACEMENT_3D('',#6686,#4393,#4394);
#3761=AXIS2_PLACEMENT_3D('',#6687,#4395,#4396);
#3762=AXIS2_PLACEMENT_3D('',#6688,#4397,#4398);
#3763=AXIS2_PLACEMENT_3D('',#6691,#4399,#4400);
#3764=AXIS2_PLACEMENT_3D('',#6697,#4404,#4405);
#3765=AXIS2_PLACEMENT_3D('',#6702,#4408,#4409);
#3766=AXIS2_PLACEMENT_3D('',#6707,#4412,#4413);
#3767=AXIS2_PLACEMENT_3D('',#6712,#4416,#4417);
#3768=AXIS2_PLACEMENT_3D('',#6716,#4420,#4421);
#3769=AXIS2_PLACEMENT_3D('',#6720,#4424,#4425);
#3770=AXIS2_PLACEMENT_3D('',#6723,#4426,#4427);
#3771=AXIS2_PLACEMENT_3D('',#6727,#4429,#4430);
#3772=AXIS2_PLACEMENT_3D('',#6730,#4432,#4433);
#3773=AXIS2_PLACEMENT_3D('',#6731,#4434,#4435);
#3774=AXIS2_PLACEMENT_3D('',#6734,#4436,#4437);
#3775=AXIS2_PLACEMENT_3D('',#6737,#4440,#4441);
#3776=AXIS2_PLACEMENT_3D('',#6741,#4444,#4445);
#3777=AXIS2_PLACEMENT_3D('',#6745,#4448,#4449);
#3778=AXIS2_PLACEMENT_3D('',#6748,#4450,#4451);
#3779=AXIS2_PLACEMENT_3D('',#6754,#4455,#4456);
#3780=AXIS2_PLACEMENT_3D('',#6759,#4459,#4460);
#3781=AXIS2_PLACEMENT_3D('',#6764,#4463,#4464);
#3782=AXIS2_PLACEMENT_3D('',#6769,#4467,#4468);
#3783=AXIS2_PLACEMENT_3D('',#6773,#4471,#4472);
#3784=AXIS2_PLACEMENT_3D('',#6777,#4475,#4476);
#3785=AXIS2_PLACEMENT_3D('',#6782,#4478,#4479);
#3786=AXIS2_PLACEMENT_3D('',#6785,#4481,#4482);
#3787=AXIS2_PLACEMENT_3D('',#6787,#4483,#4484);
#3788=AXIS2_PLACEMENT_3D('',#6788,#4485,#4486);
#3789=AXIS2_PLACEMENT_3D('',#6791,#4487,#4488);
#3790=AXIS2_PLACEMENT_3D('',#6797,#4492,#4493);
#3791=AXIS2_PLACEMENT_3D('',#6802,#4496,#4497);
#3792=AXIS2_PLACEMENT_3D('',#6807,#4500,#4501);
#3793=AXIS2_PLACEMENT_3D('',#6812,#4504,#4505);
#3794=AXIS2_PLACEMENT_3D('',#6816,#4508,#4509);
#3795=AXIS2_PLACEMENT_3D('',#6820,#4512,#4513);
#3796=AXIS2_PLACEMENT_3D('',#6823,#4514,#4515);
#3797=AXIS2_PLACEMENT_3D('',#6827,#4517,#4518);
#3798=AXIS2_PLACEMENT_3D('',#6830,#4520,#4521);
#3799=AXIS2_PLACEMENT_3D('',#6831,#4522,#4523);
#3800=AXIS2_PLACEMENT_3D('',#6834,#4524,#4525);
#3801=AXIS2_PLACEMENT_3D('',#6840,#4529,#4530);
#3802=AXIS2_PLACEMENT_3D('',#6845,#4533,#4534);
#3803=AXIS2_PLACEMENT_3D('',#6850,#4537,#4538);
#3804=AXIS2_PLACEMENT_3D('',#6855,#4541,#4542);
#3805=AXIS2_PLACEMENT_3D('',#6859,#4545,#4546);
#3806=AXIS2_PLACEMENT_3D('',#6863,#4549,#4550);
#3807=AXIS2_PLACEMENT_3D('',#6870,#4557,#4558);
#3808=AXIS2_PLACEMENT_3D('',#6872,#4560,#4561);
#3809=AXIS2_PLACEMENT_3D('',#6874,#4563,#4564);
#3810=AXIS2_PLACEMENT_3D('',#6876,#4566,#4567);
#3811=AXIS2_PLACEMENT_3D('',#6883,#4574,#4575);
#3812=AXIS2_PLACEMENT_3D('',#6885,#4577,#4578);
#3813=AXIS2_PLACEMENT_3D('',#6887,#4580,#4581);
#3814=AXIS2_PLACEMENT_3D('',#6889,#4583,#4584);
#3815=AXIS2_PLACEMENT_3D('',#6896,#4591,#4592);
#3816=AXIS2_PLACEMENT_3D('',#6898,#4594,#4595);
#3817=AXIS2_PLACEMENT_3D('',#6900,#4597,#4598);
#3818=AXIS2_PLACEMENT_3D('',#6902,#4600,#4601);
#3819=AXIS2_PLACEMENT_3D('',#6909,#4608,#4609);
#3820=AXIS2_PLACEMENT_3D('',#6911,#4611,#4612);
#3821=AXIS2_PLACEMENT_3D('',#6913,#4614,#4615);
#3822=AXIS2_PLACEMENT_3D('',#6915,#4617,#4618);
#3823=AXIS2_PLACEMENT_3D('',#6917,#4620,#4621);
#3824=AXIS2_PLACEMENT_3D('',#6919,#4623,#4624);
#3825=AXIS2_PLACEMENT_3D('',#6921,#4626,#4627);
#3826=AXIS2_PLACEMENT_3D('',#6923,#4629,#4630);
#3827=AXIS2_PLACEMENT_3D('',#6925,#4632,#4633);
#3828=AXIS2_PLACEMENT_3D('',#6927,#4635,#4636);
#3829=AXIS2_PLACEMENT_3D('',#6929,#4638,#4639);
#3830=AXIS2_PLACEMENT_3D('',#6931,#4641,#4642);
#3831=AXIS2_PLACEMENT_3D('',#6933,#4644,#4645);
#3832=AXIS2_PLACEMENT_3D('',#6935,#4647,#4648);
#3833=AXIS2_PLACEMENT_3D('',#6937,#4650,#4651);
#3834=AXIS2_PLACEMENT_3D('',#6939,#4653,#4654);
#3835=AXIS2_PLACEMENT_3D('',#6940,#4655,#4656);
#3836=AXIS2_PLACEMENT_3D('',#6941,#4657,#4658);
#3837=AXIS2_PLACEMENT_3D('',#6942,#4659,#4660);
#3838=AXIS2_PLACEMENT_3D('',#6943,#4661,#4662);
#3839=AXIS2_PLACEMENT_3D('',#6944,#4663,#4664);
#3840=AXIS2_PLACEMENT_3D('',#6945,#4665,#4666);
#3841=AXIS2_PLACEMENT_3D('',#6946,#4667,#4668);
#3842=AXIS2_PLACEMENT_3D('',#6947,#4669,#4670);
#3843=AXIS2_PLACEMENT_3D('',#6948,#4671,#4672);
#3844=AXIS2_PLACEMENT_3D('',#6949,#4673,#4674);
#3845=AXIS2_PLACEMENT_3D('',#6950,#4675,#4676);
#3846=AXIS2_PLACEMENT_3D('',#6951,#4677,#4678);
#3847=AXIS2_PLACEMENT_3D('',#6952,#4679,#4680);
#3848=AXIS2_PLACEMENT_3D('',#6953,#4681,#4682);
#3849=AXIS2_PLACEMENT_3D('',#6954,#4683,#4684);
#3850=AXIS2_PLACEMENT_3D('',#6955,#4685,#4686);
#3851=AXIS2_PLACEMENT_3D('',#6956,#4687,#4688);
#3852=AXIS2_PLACEMENT_3D('',#6957,#4689,#4690);
#3853=AXIS2_PLACEMENT_3D('',#6958,#4691,#4692);
#3854=AXIS2_PLACEMENT_3D('',#6959,#4693,#4694);
#3855=AXIS2_PLACEMENT_3D('',#6960,#4695,#4696);
#3856=AXIS2_PLACEMENT_3D('',#6961,#4697,#4698);
#3857=AXIS2_PLACEMENT_3D('',#6962,#4699,#4700);
#3858=AXIS2_PLACEMENT_3D('',#6963,#4701,#4702);
#3859=AXIS2_PLACEMENT_3D('',#6966,#4704,#4705);
#3860=AXIS2_PLACEMENT_3D('',#6968,#4706,#4707);
#3861=AXIS2_PLACEMENT_3D('',#6973,#4710,#4711);
#3862=AXIS2_PLACEMENT_3D('',#6977,#4714,#4715);
#3863=AXIS2_PLACEMENT_3D('',#6978,#4716,#4717);
#3864=AXIS2_PLACEMENT_3D('',#6979,#4718,#4719);
#3865=AXIS2_PLACEMENT_3D('',#6981,#4720,#4721);
#3866=AXIS2_PLACEMENT_3D('',#6983,#4723,#4724);
#3867=AXIS2_PLACEMENT_3D('',#6987,#4727,#4728);
#3868=AXIS2_PLACEMENT_3D('',#6989,#4729,#4730);
#3869=AXIS2_PLACEMENT_3D('',#6991,#4732,#4733);
#3870=AXIS2_PLACEMENT_3D('',#6993,#4735,#4736);
#3871=AXIS2_PLACEMENT_3D('',#6997,#4739,#4740);
#3872=AXIS2_PLACEMENT_3D('',#6999,#4741,#4742);
#3873=AXIS2_PLACEMENT_3D('',#7001,#4744,#4745);
#3874=AXIS2_PLACEMENT_3D('',#7003,#4747,#4748);
#3875=AXIS2_PLACEMENT_3D('',#7012,#4751,#4752);
#3876=AXIS2_PLACEMENT_3D('',#7014,#4753,#4754);
#3877=AXIS2_PLACEMENT_3D('',#7016,#4756,#4757);
#3878=AXIS2_PLACEMENT_3D('',#7023,#4759,#4760);
#3879=AXIS2_PLACEMENT_3D('',#7032,#4763,#4764);
#3880=AXIS2_PLACEMENT_3D('',#7034,#4765,#4766);
#3881=AXIS2_PLACEMENT_3D('',#7036,#4768,#4769);
#3882=AXIS2_PLACEMENT_3D('',#7043,#4771,#4772);
#3883=AXIS2_PLACEMENT_3D('',#7052,#4775,#4776);
#3884=AXIS2_PLACEMENT_3D('',#7054,#4777,#4778);
#3885=AXIS2_PLACEMENT_3D('',#7056,#4780,#4781);
#3886=AXIS2_PLACEMENT_3D('',#7063,#4783,#4784);
#3887=AXIS2_PLACEMENT_3D('',#7072,#4787,#4788);
#3888=AXIS2_PLACEMENT_3D('',#7074,#4789,#4790);
#3889=AXIS2_PLACEMENT_3D('',#7076,#4792,#4793);
#3890=AXIS2_PLACEMENT_3D('',#7083,#4795,#4796);
#3891=AXIS2_PLACEMENT_3D('',#7084,#4797,#4798);
#3892=AXIS2_PLACEMENT_3D('',#7085,#4799,#4800);
#3893=AXIS2_PLACEMENT_3D('',#7086,#4801,#4802);
#3894=AXIS2_PLACEMENT_3D('',#7087,#4803,#4804);
#3895=AXIS2_PLACEMENT_3D('',#7088,#4805,#4806);
#3896=AXIS2_PLACEMENT_3D('',#7089,#4807,#4808);
#3897=AXIS2_PLACEMENT_3D('',#7090,#4809,#4810);
#3898=AXIS2_PLACEMENT_3D('',#7091,#4811,#4812);
#3899=AXIS2_PLACEMENT_3D('',#7092,#4813,#4814);
#3900=AXIS2_PLACEMENT_3D('',#7094,#4815,#4816);
#3901=AXIS2_PLACEMENT_3D('',#7095,#4817,#4818);
#3902=AXIS2_PLACEMENT_3D('',#7097,#4819,#4820);
#3903=AXIS2_PLACEMENT_3D('',#7099,#4821,#4822);
#3904=AXIS2_PLACEMENT_3D('',#7100,#4823,#4824);
#3905=AXIS2_PLACEMENT_3D('',#7102,#4825,#4826);
#3906=AXIS2_PLACEMENT_3D('',#7104,#4828,#4829);
#3907=AXIS2_PLACEMENT_3D('',#7106,#4830,#4831);
#3908=AXIS2_PLACEMENT_3D('',#7108,#4833,#4834);
#3909=AXIS2_PLACEMENT_3D('',#7110,#4835,#4836);
#3910=AXIS2_PLACEMENT_3D('',#7112,#4837,#4838);
#3911=AXIS2_PLACEMENT_3D('',#7113,#4839,#4840);
#3912=AXIS2_PLACEMENT_3D('',#7115,#4841,#4842);
#3913=AXIS2_PLACEMENT_3D('',#7117,#4843,#4844);
#3914=AXIS2_PLACEMENT_3D('',#7118,#4845,#4846);
#3915=AXIS2_PLACEMENT_3D('',#7120,#4847,#4848);
#3916=AXIS2_PLACEMENT_3D('',#7121,#4849,#4850);
#3917=AXIS2_PLACEMENT_3D('',#7123,#4851,#4852);
#3918=AXIS2_PLACEMENT_3D('',#7125,#4854,#4855);
#3919=AXIS2_PLACEMENT_3D('',#7127,#4857,#4858);
#3920=AXIS2_PLACEMENT_3D('',#7129,#4859,#4860);
#3921=AXIS2_PLACEMENT_3D('',#7131,#4862,#4863);
#3922=AXIS2_PLACEMENT_3D('',#7133,#4865,#4866);
#3923=AXIS2_PLACEMENT_3D('',#7135,#4867,#4868);
#3924=AXIS2_PLACEMENT_3D('',#7137,#4870,#4871);
#3925=AXIS2_PLACEMENT_3D('',#7139,#4873,#4874);
#3926=AXIS2_PLACEMENT_3D('',#7198,#4876,#4877);
#3927=AXIS2_PLACEMENT_3D('',#7216,#4878,#4879);
#3928=AXIS2_PLACEMENT_3D('',#7226,#4880,#4881);
#3929=AXIS2_PLACEMENT_3D('',#7235,#4882,#4883);
#3930=AXIS2_PLACEMENT_3D('',#7604,#4884,#4885);
#3931=AXIS2_PLACEMENT_3D('',#7606,#4886,#4887);
#3932=AXIS2_PLACEMENT_3D('',#7608,#4888,#4889);
#3933=AXIS2_PLACEMENT_3D('',#7609,#4890,#4891);
#3934=AXIS2_PLACEMENT_3D('',#7611,#4892,#4893);
#3935=AXIS2_PLACEMENT_3D('',#7613,#4895,#4896);
#3936=DIRECTION('axis',(0.,0.,1.));
#3937=DIRECTION('refdir',(1.,0.,0.));
#3938=DIRECTION('center_axis',(-1.,0.,-1.00929365875014E-16));
#3939=DIRECTION('ref_axis',(0.,-0.70710678118653,0.707106781186565));
#3940=DIRECTION('center_axis',(-1.,0.,-1.00929365875014E-16));
#3941=DIRECTION('ref_axis',(0.,-0.707106781186945,-0.70710678118615));
#3942=DIRECTION('center_axis',(-1.,0.,-1.00929365875014E-16));
#3943=DIRECTION('ref_axis',(0.,-0.707106781186945,-0.70710678118615));
#3944=DIRECTION('center_axis',(0.,-1.,0.));
#3945=DIRECTION('ref_axis',(1.,0.,0.));
#3946=DIRECTION('center_axis',(0.,-1.,0.));
#3947=DIRECTION('ref_axis',(1.,0.,0.));
#3948=DIRECTION('',(-0.650061365741623,-0.759881714986047,-7.96095570804835E-17));
#3949=DIRECTION('center_axis',(0.,-1.,0.));
#3950=DIRECTION('ref_axis',(1.,0.,0.));
#3951=DIRECTION('center_axis',(0.,1.,0.));
#3952=DIRECTION('ref_axis',(1.,0.,0.));
#3953=DIRECTION('center_axis',(0.,1.,0.));
#3954=DIRECTION('ref_axis',(1.,0.,0.));
#3955=DIRECTION('',(0.759881714986048,-0.650061365741622,9.30586709988265E-17));
#3956=DIRECTION('center_axis',(0.,-1.,0.));
#3957=DIRECTION('ref_axis',(1.,0.,0.));
#3958=DIRECTION('center_axis',(0.,-1.,0.));
#3959=DIRECTION('ref_axis',(1.,0.,0.));
#3960=DIRECTION('',(-0.707106781186564,-0.707106781186531,-8.65956056235514E-17));
#3961=DIRECTION('center_axis',(0.,-1.,0.));
#3962=DIRECTION('ref_axis',(1.,0.,0.));
#3963=DIRECTION('center_axis',(0.,1.,0.));
#3964=DIRECTION('ref_axis',(1.,0.,0.));
#3965=DIRECTION('center_axis',(0.,1.,0.));
#3966=DIRECTION('ref_axis',(1.,0.,0.));
#3967=DIRECTION('',(0.707106781186549,-0.707106781186546,8.65956056235495E-17));
#3968=DIRECTION('center_axis',(0.,1.,0.));
#3969=DIRECTION('ref_axis',(1.,0.,0.));
#3970=DIRECTION('center_axis',(0.,1.,0.));
#3971=DIRECTION('ref_axis',(1.,0.,0.));
#3972=DIRECTION('',(0.,-1.,0.));
#3973=DIRECTION('center_axis',(0.,1.,0.));
#3974=DIRECTION('ref_axis',(1.,0.,0.));
#3975=DIRECTION('',(0.,-1.,0.));
#3976=DIRECTION('center_axis',(0.,1.,0.));
#3977=DIRECTION('ref_axis',(0.,0.,1.));
#3978=DIRECTION('center_axis',(0.,-1.,0.));
#3979=DIRECTION('ref_axis',(-1.,0.,0.));
#3980=DIRECTION('center_axis',(-1.,0.,1.22464679914735E-16));
#3981=DIRECTION('ref_axis',(-1.22464679914735E-16,0.,-1.));
#3982=DIRECTION('center_axis',(0.,1.,0.));
#3983=DIRECTION('ref_axis',(-1.,0.,0.));
#3984=DIRECTION('center_axis',(0.,-1.,0.));
#3985=DIRECTION('ref_axis',(-1.,0.,0.));
#3986=DIRECTION('center_axis',(0.,1.,0.));
#3987=DIRECTION('ref_axis',(1.,0.,0.));
#3988=DIRECTION('center_axis',(0.,-1.,0.));
#3989=DIRECTION('ref_axis',(1.,0.,0.));
#3990=DIRECTION('center_axis',(-1.22464679914735E-16,0.,1.));
#3991=DIRECTION('ref_axis',(-1.,0.,-1.22464679914735E-16));
#3992=DIRECTION('center_axis',(0.,-1.,0.));
#3993=DIRECTION('ref_axis',(-1.,0.,0.));
#3994=DIRECTION('center_axis',(0.,-1.,0.));
#3995=DIRECTION('ref_axis',(-1.,0.,0.));
#3996=DIRECTION('center_axis',(0.,1.,0.));
#3997=DIRECTION('ref_axis',(-1.,0.,0.));
#3998=DIRECTION('center_axis',(0.,1.,0.));
#3999=DIRECTION('ref_axis',(-1.,0.,0.));
#4000=DIRECTION('',(0.,0.,1.));
#4001=DIRECTION('center_axis',(0.,-1.,0.));
#4002=DIRECTION('ref_axis',(0.707106781186543,0.,0.707106781186552));
#4003=DIRECTION('',(-1.,0.,0.));
#4004=DIRECTION('center_axis',(0.,-1.,0.));
#4005=DIRECTION('ref_axis',(-0.707106781186543,0.,0.707106781186552));
#4006=DIRECTION('',(0.,0.,-1.));
#4007=DIRECTION('center_axis',(0.,-1.,0.));
#4008=DIRECTION('ref_axis',(-0.707106781186552,0.,-0.707106781186543));
#4009=DIRECTION('',(1.,0.,0.));
#4010=DIRECTION('center_axis',(0.,-1.,0.));
#4011=DIRECTION('ref_axis',(0.707106781186543,0.,-0.707106781186552));
#4012=DIRECTION('',(0.,0.,1.));
#4013=DIRECTION('center_axis',(0.,-1.,0.));
#4014=DIRECTION('ref_axis',(0.707106781186552,0.,0.707106781186543));
#4015=DIRECTION('',(-1.,0.,0.));
#4016=DIRECTION('center_axis',(0.,-1.,0.));
#4017=DIRECTION('ref_axis',(-0.707106781186543,0.,0.707106781186552));
#4018=DIRECTION('',(0.,0.,-1.));
#4019=DIRECTION('center_axis',(0.,-1.,0.));
#4020=DIRECTION('ref_axis',(-0.70710678118654,0.,-0.707106781186555));
#4021=DIRECTION('',(1.,0.,-2.22044604925031E-15));
#4022=DIRECTION('center_axis',(0.,-1.,0.));
#4023=DIRECTION('ref_axis',(0.707106781186543,0.,-0.707106781186552));
#4024=DIRECTION('center_axis',(0.,1.,0.));
#4025=DIRECTION('ref_axis',(-1.,0.,0.));
#4026=DIRECTION('center_axis',(0.,-1.,0.));
#4027=DIRECTION('ref_axis',(0.,0.,-1.));
#4028=DIRECTION('center_axis',(-1.,0.,-1.22464679914735E-16));
#4029=DIRECTION('ref_axis',(-1.22464679914735E-16,0.,1.));
#4030=DIRECTION('center_axis',(0.,-1.,0.));
#4031=DIRECTION('ref_axis',(0.,0.,-1.));
#4032=DIRECTION('center_axis',(0.,-1.,0.));
#4033=DIRECTION('ref_axis',(1.,0.,0.));
#4034=DIRECTION('center_axis',(0.,-1.,0.));
#4035=DIRECTION('ref_axis',(-1.,0.,0.));
#4036=DIRECTION('center_axis',(0.,1.,0.));
#4037=DIRECTION('ref_axis',(-1.,0.,0.));
#4038=DIRECTION('center_axis',(0.,-1.,0.));
#4039=DIRECTION('ref_axis',(-1.,0.,0.));
#4040=DIRECTION('center_axis',(0.,-1.,0.));
#4041=DIRECTION('ref_axis',(-1.,0.,0.));
#4042=DIRECTION('center_axis',(0.,-1.,0.));
#4043=DIRECTION('ref_axis',(-1.,0.,0.));
#4044=DIRECTION('',(0.,-1.,0.));
#4045=DIRECTION('center_axis',(0.,1.,0.));
#4046=DIRECTION('ref_axis',(-1.,0.,0.));
#4047=DIRECTION('center_axis',(0.,-1.,0.));
#4048=DIRECTION('ref_axis',(-1.,0.,0.));
#4049=DIRECTION('center_axis',(0.,1.,0.));
#4050=DIRECTION('ref_axis',(-1.,0.,0.));
#4051=DIRECTION('center_axis',(0.,1.,0.));
#4052=DIRECTION('ref_axis',(-1.,0.,0.));
#4053=DIRECTION('',(0.,-1.,0.));
#4054=DIRECTION('center_axis',(0.,1.,0.));
#4055=DIRECTION('ref_axis',(-1.,0.,0.));
#4056=DIRECTION('center_axis',(0.,1.,0.));
#4057=DIRECTION('ref_axis',(0.,0.,1.));
#4058=DIRECTION('center_axis',(-1.,0.,1.22464679914735E-16));
#4059=DIRECTION('ref_axis',(-1.22464679914735E-16,0.,-1.));
#4060=DIRECTION('center_axis',(0.,-1.,0.));
#4061=DIRECTION('ref_axis',(-1.,0.,0.));
#4062=DIRECTION('',(0.928476690885259,-0.371390676354104,-1.13705600757556E-16));
#4063=DIRECTION('center_axis',(0.,-1.,0.));
#4064=DIRECTION('ref_axis',(1.,0.,-1.22464679914735E-16));
#4065=DIRECTION('center_axis',(0.,-1.,0.));
#4066=DIRECTION('ref_axis',(1.,0.,-1.22464679914735E-16));
#4067=DIRECTION('center_axis',(0.,1.,0.));
#4068=DIRECTION('ref_axis',(0.,0.,1.));
#4069=DIRECTION('center_axis',(-1.,0.,1.22464679914735E-16));
#4070=DIRECTION('ref_axis',(-1.22464679914735E-16,0.,-1.));
#4071=DIRECTION('center_axis',(0.,1.,0.));
#4072=DIRECTION('ref_axis',(1.,0.,-1.22464679914735E-16));
#4073=DIRECTION('center_axis',(0.,1.,0.));
#4074=DIRECTION('ref_axis',(1.,0.,-1.22464679914735E-16));
#4075=DIRECTION('center_axis',(0.,1.,0.));
#4076=DIRECTION('ref_axis',(-1.,0.,0.));
#4077=DIRECTION('center_axis',(0.,1.,0.));
#4078=DIRECTION('ref_axis',(-1.,0.,0.));
#4079=DIRECTION('center_axis',(0.,1.,0.));
#4080=DIRECTION('ref_axis',(-1.,0.,0.));
#4081=DIRECTION('',(0.,-1.,0.));
#4082=DIRECTION('center_axis',(0.,-1.,0.));
#4083=DIRECTION('ref_axis',(-1.,0.,0.));
#4084=DIRECTION('center_axis',(0.,-1.,0.));
#4085=DIRECTION('ref_axis',(-1.,0.,0.));
#4086=DIRECTION('center_axis',(0.,-1.,0.));
#4087=DIRECTION('ref_axis',(0.,0.,-1.));
#4088=DIRECTION('center_axis',(-1.,0.,-1.22464679914735E-16));
#4089=DIRECTION('ref_axis',(-1.22464679914735E-16,0.,1.));
#4090=DIRECTION('center_axis',(0.,1.,0.));
#4091=DIRECTION('ref_axis',(-1.,0.,0.));
#4092=DIRECTION('center_axis',(0.,1.,0.));
#4093=DIRECTION('ref_axis',(-1.,0.,0.));
#4094=DIRECTION('',(0.,-1.,0.));
#4095=DIRECTION('center_axis',(0.,1.,0.));
#4096=DIRECTION('ref_axis',(-1.,0.,0.));
#4097=DIRECTION('',(0.,-1.,0.));
#4098=DIRECTION('center_axis',(0.,-1.,0.));
#4099=DIRECTION('ref_axis',(-1.,0.,0.));
#4100=DIRECTION('',(0.,1.,0.));
#4101=DIRECTION('center_axis',(0.,1.,0.));
#4102=DIRECTION('ref_axis',(-1.,0.,0.));
#4103=DIRECTION('',(0.,-1.,0.));
#4104=DIRECTION('center_axis',(0.,-1.,0.));
#4105=DIRECTION('ref_axis',(-1.,0.,0.));
#4106=DIRECTION('',(0.,1.,0.));
#4107=DIRECTION('center_axis',(0.,1.,0.));
#4108=DIRECTION('ref_axis',(-1.,0.,0.));
#4109=DIRECTION('',(0.,-1.,0.));
#4110=DIRECTION('center_axis',(0.,-1.,0.));
#4111=DIRECTION('ref_axis',(-1.,0.,0.));
#4112=DIRECTION('',(0.,1.,0.));
#4113=DIRECTION('center_axis',(0.,1.,0.));
#4114=DIRECTION('ref_axis',(-1.,0.,0.));
#4115=DIRECTION('',(0.,1.,0.));
#4116=DIRECTION('center_axis',(0.,1.,0.));
#4117=DIRECTION('ref_axis',(-1.,0.,0.));
#4118=DIRECTION('',(0.,-1.,0.));
#4119=DIRECTION('center_axis',(0.,-1.,0.));
#4120=DIRECTION('ref_axis',(-1.,0.,0.));
#4121=DIRECTION('center_axis',(0.,1.,0.));
#4122=DIRECTION('ref_axis',(0.,0.,1.));
#4123=DIRECTION('center_axis',(0.,-1.,0.));
#4124=DIRECTION('ref_axis',(-1.,0.,0.));
#4125=DIRECTION('center_axis',(-1.,0.,1.22464679914735E-16));
#4126=DIRECTION('ref_axis',(-1.22464679914735E-16,0.,-1.));
#4127=DIRECTION('center_axis',(0.,1.,0.));
#4128=DIRECTION('ref_axis',(-1.,0.,0.));
#4129=DIRECTION('center_axis',(0.,-1.,0.));
#4130=DIRECTION('ref_axis',(-1.,0.,0.));
#4131=DIRECTION('',(0.,-1.,0.));
#4132=DIRECTION('center_axis',(0.,-1.,0.));
#4133=DIRECTION('ref_axis',(-1.,0.,0.));
#4134=DIRECTION('center_axis',(0.,1.,0.));
#4135=DIRECTION('ref_axis',(-1.,0.,0.));
#4136=DIRECTION('center_axis',(0.,1.,0.));
#4137=DIRECTION('ref_axis',(-1.,0.,0.));
#4138=DIRECTION('center_axis',(0.,-1.,0.));
#4139=DIRECTION('ref_axis',(0.,0.,-1.));
#4140=DIRECTION('center_axis',(-1.,0.,-1.22464679914735E-16));
#4141=DIRECTION('ref_axis',(-1.22464679914735E-16,0.,1.));
#4142=DIRECTION('center_axis',(0.,0.,1.));
#4143=DIRECTION('ref_axis',(1.,0.,0.));
#4144=DIRECTION('',(0.,1.,0.));
#4145=DIRECTION('',(0.,-1.,0.));
#4146=DIRECTION('',(1.,0.,0.));
#4147=DIRECTION('center_axis',(1.,0.,0.));
#4148=DIRECTION('ref_axis',(0.,0.,-1.));
#4149=DIRECTION('',(0.,1.,0.));
#4150=DIRECTION('',(0.,-1.,0.));
#4151=DIRECTION('',(0.,0.,-1.));
#4152=DIRECTION('center_axis',(-1.,0.,0.));
#4153=DIRECTION('ref_axis',(0.,0.,1.));
#4154=DIRECTION('',(0.,1.,0.));
#4155=DIRECTION('',(0.,-1.,0.));
#4156=DIRECTION('',(0.,0.,1.));
#4157=DIRECTION('center_axis',(0.,0.,1.));
#4158=DIRECTION('ref_axis',(1.,0.,0.));
#4159=DIRECTION('',(0.,1.,0.));
#4160=DIRECTION('',(0.,-1.,0.));
#4161=DIRECTION('',(1.,0.,0.));
#4162=DIRECTION('center_axis',(0.,1.,0.));
#4163=DIRECTION('ref_axis',(0.,0.,1.));
#4164=DIRECTION('',(0.,0.,-1.));
#4165=DIRECTION('',(-1.,0.,0.));
#4166=DIRECTION('',(0.,0.,1.));
#4167=DIRECTION('',(1.,0.,-2.22044604925031E-15));
#4168=DIRECTION('center_axis',(-2.22044604925031E-15,0.,-1.));
#4169=DIRECTION('ref_axis',(-1.,0.,2.22044604925031E-15));
#4170=DIRECTION('',(0.,-1.,0.));
#4171=DIRECTION('',(-1.,0.,2.22044604925031E-15));
#4172=DIRECTION('',(0.,1.,0.));
#4173=DIRECTION('center_axis',(-1.,0.,0.));
#4174=DIRECTION('ref_axis',(0.,0.,1.));
#4175=DIRECTION('',(0.,-1.,0.));
#4176=DIRECTION('',(0.,0.,1.));
#4177=DIRECTION('',(0.,1.,0.));
#4178=DIRECTION('center_axis',(1.,0.,0.));
#4179=DIRECTION('ref_axis',(0.,0.707106781186597,0.707106781186499));
#4180=DIRECTION('center_axis',(1.,0.,0.));
#4181=DIRECTION('ref_axis',(0.,0.,1.));
#4182=DIRECTION('center_axis',(-1.,0.,0.));
#4183=DIRECTION('ref_axis',(0.,1.,0.));
#4184=DIRECTION('center_axis',(0.,0.,-1.));
#4185=DIRECTION('ref_axis',(0.707106781186501,0.707106781186594,0.));
#4186=DIRECTION('center_axis',(0.,0.,-1.));
#4187=DIRECTION('ref_axis',(1.,0.,0.));
#4188=DIRECTION('center_axis',(-3.30730626243763E-15,0.,1.));
#4189=DIRECTION('ref_axis',(0.,1.,0.));
#4190=DIRECTION('center_axis',(-1.,0.,2.22044604925031E-15));
#4191=DIRECTION('ref_axis',(0.,0.707106781186597,-0.707106781186499));
#4192=DIRECTION('center_axis',(-1.,0.,0.));
#4193=DIRECTION('ref_axis',(0.,0.,-1.));
#4194=DIRECTION('center_axis',(1.,0.,1.32292250497504E-14));
#4195=DIRECTION('ref_axis',(0.,1.,0.));
#4196=DIRECTION('center_axis',(0.,1.,0.));
#4197=DIRECTION('ref_axis',(0.707106781186543,0.,-0.707106781186552));
#4198=DIRECTION('center_axis',(0.,1.,0.));
#4199=DIRECTION('ref_axis',(0.,0.,-1.));
#4200=DIRECTION('center_axis',(-0.81649658092776,0.408248290463848,-0.408248290463811));
#4201=DIRECTION('ref_axis',(0.577350269189581,0.577350269189687,-0.57735026918961));
#4202=DIRECTION('center_axis',(0.,0.,1.));
#4203=DIRECTION('ref_axis',(-0.707106781186492,0.707106781186604,0.));
#4204=DIRECTION('center_axis',(0.,0.,1.));
#4205=DIRECTION('ref_axis',(-1.,0.,0.));
#4206=DIRECTION('center_axis',(0.,0.,-1.));
#4207=DIRECTION('ref_axis',(0.,1.,0.));
#4208=DIRECTION('center_axis',(0.,1.,0.));
#4209=DIRECTION('ref_axis',(-0.70710678118654,0.,-0.707106781186555));
#4210=DIRECTION('center_axis',(0.,1.,0.));
#4211=DIRECTION('ref_axis',(-1.,0.,0.));
#4212=DIRECTION('center_axis',(-0.816496580927758,-0.408248290463847,0.408248290463815));
#4213=DIRECTION('ref_axis',(-0.577350269189598,0.577350269189682,-0.577350269189598));
#4214=DIRECTION('center_axis',(0.,1.,0.));
#4215=DIRECTION('ref_axis',(0.707106781186552,0.,0.707106781186543));
#4216=DIRECTION('center_axis',(0.,1.,0.));
#4217=DIRECTION('ref_axis',(1.,0.,0.));
#4218=DIRECTION('center_axis',(-0.816496580927758,0.408248290463847,0.408248290463815));
#4219=DIRECTION('ref_axis',(0.577350269189599,0.577350269189684,0.577350269189594));
#4220=DIRECTION('center_axis',(0.,1.,0.));
#4221=DIRECTION('ref_axis',(-0.707106781186543,0.,0.707106781186552));
#4222=DIRECTION('center_axis',(0.,1.,0.));
#4223=DIRECTION('ref_axis',(0.,0.,1.));
#4224=DIRECTION('center_axis',(-0.816496580927758,-0.408248290463847,-0.408248290463815));
#4225=DIRECTION('ref_axis',(-0.577350269189598,0.577350269189683,0.577350269189596));
#4226=DIRECTION('center_axis',(0.,1.,0.));
#4227=DIRECTION('ref_axis',(0.,0.,1.));
#4228=DIRECTION('',(1.,0.,0.));
#4229=DIRECTION('',(0.,0.,-1.));
#4230=DIRECTION('',(-1.,0.,0.));
#4231=DIRECTION('',(0.,0.,1.));
#4232=DIRECTION('center_axis',(1.,0.,0.));
#4233=DIRECTION('ref_axis',(0.,0.,-1.));
#4234=DIRECTION('',(0.,-1.,0.));
#4235=DIRECTION('',(0.,0.,-1.));
#4236=DIRECTION('',(0.,1.,0.));
#4237=DIRECTION('center_axis',(0.,0.,-1.));
#4238=DIRECTION('ref_axis',(-1.,0.,0.));
#4239=DIRECTION('',(0.,-1.,0.));
#4240=DIRECTION('',(-1.,0.,0.));
#4241=DIRECTION('',(0.,1.,0.));
#4242=DIRECTION('center_axis',(0.,0.,1.));
#4243=DIRECTION('ref_axis',(-0.707106781186501,0.707106781186594,0.));
#4244=DIRECTION('center_axis',(0.,3.30730626243714E-15,1.));
#4245=DIRECTION('ref_axis',(-1.,0.,0.));
#4246=DIRECTION('center_axis',(3.30730626243763E-15,0.,-1.));
#4247=DIRECTION('ref_axis',(0.,1.,0.));
#4248=DIRECTION('center_axis',(1.,0.,0.));
#4249=DIRECTION('ref_axis',(0.,0.707106781186597,0.707106781186499));
#4250=DIRECTION('center_axis',(1.,0.,0.));
#4251=DIRECTION('ref_axis',(0.,0.,1.));
#4252=DIRECTION('center_axis',(-1.,0.,-1.32292250497505E-14));
#4253=DIRECTION('ref_axis',(0.,1.,0.));
#4254=DIRECTION('center_axis',(0.,0.,-1.));
#4255=DIRECTION('ref_axis',(0.707106781186492,0.707106781186604,0.));
#4256=DIRECTION('center_axis',(0.,3.30730626243714E-15,-1.));
#4257=DIRECTION('ref_axis',(1.,0.,0.));
#4258=DIRECTION('center_axis',(-3.30730626243763E-15,0.,1.));
#4259=DIRECTION('ref_axis',(0.,1.,0.));
#4260=DIRECTION('center_axis',(0.,1.,0.));
#4261=DIRECTION('ref_axis',(0.707106781186543,0.,0.707106781186552));
#4262=DIRECTION('center_axis',(0.,1.,0.));
#4263=DIRECTION('ref_axis',(1.,0.,0.));
#4264=DIRECTION('center_axis',(-0.816496580927758,0.408248290463847,0.408248290463815));
#4265=DIRECTION('ref_axis',(0.577350269189599,0.577350269189684,0.577350269189594));
#4266=DIRECTION('center_axis',(-1.,0.,0.));
#4267=DIRECTION('ref_axis',(0.,0.707106781186597,-0.707106781186499));
#4268=DIRECTION('center_axis',(-1.,0.,0.));
#4269=DIRECTION('ref_axis',(0.,0.,-1.));
#4270=DIRECTION('center_axis',(1.,0.,0.));
#4271=DIRECTION('ref_axis',(0.,1.,0.));
#4272=DIRECTION('center_axis',(0.,1.,0.));
#4273=DIRECTION('ref_axis',(0.707106781186543,0.,-0.707106781186552));
#4274=DIRECTION('center_axis',(0.,1.,0.));
#4275=DIRECTION('ref_axis',(0.,0.,-1.));
#4276=DIRECTION('center_axis',(-0.816496580927758,0.408248290463847,-0.408248290463815));
#4277=DIRECTION('ref_axis',(0.577350269189599,0.577350269189684,-0.577350269189594));
#4278=DIRECTION('center_axis',(0.,1.,0.));
#4279=DIRECTION('ref_axis',(-0.707106781186543,0.,0.707106781186552));
#4280=DIRECTION('center_axis',(0.,1.,0.));
#4281=DIRECTION('ref_axis',(0.,0.,1.));
#4282=DIRECTION('center_axis',(-0.81649658092776,-0.408248290463848,-0.408248290463809));
#4283=DIRECTION('ref_axis',(-0.577350269189583,0.577350269189689,0.577350269189605));
#4284=DIRECTION('center_axis',(0.,1.,0.));
#4285=DIRECTION('ref_axis',(-0.707106781186552,0.,-0.707106781186543));
#4286=DIRECTION('center_axis',(0.,1.,0.));
#4287=DIRECTION('ref_axis',(-1.,0.,0.));
#4288=DIRECTION('center_axis',(-0.816496580927758,-0.408248290463847,0.408248290463815));
#4289=DIRECTION('ref_axis',(-0.577350269189599,0.577350269189684,-0.577350269189594));
#4290=DIRECTION('center_axis',(0.,-1.,0.));
#4291=DIRECTION('ref_axis',(0.,0.,-1.));
#4292=DIRECTION('center_axis',(0.,-1.,0.));
#4293=DIRECTION('ref_axis',(1.,0.,0.));
#4294=DIRECTION('',(0.707106781186547,0.,-0.707106781186548));
#4295=DIRECTION('',(-0.707106781186548,0.,0.707106781186547));
#4296=DIRECTION('center_axis',(0.707106781186547,0.,0.707106781186548));
#4297=DIRECTION('ref_axis',(-0.707106781186548,0.,0.707106781186547));
#4298=DIRECTION('',(0.,-1.,0.));
#4299=DIRECTION('',(-0.707106781186548,0.,0.707106781186547));
#4300=DIRECTION('center_axis',(0.,1.,0.));
#4301=DIRECTION('ref_axis',(1.,0.,0.));
#4302=DIRECTION('center_axis',(0.,1.,0.));
#4303=DIRECTION('ref_axis',(1.,0.,0.));
#4304=DIRECTION('',(0.707106781186547,0.,0.707106781186548));
#4305=DIRECTION('',(-0.707106781186548,0.,-0.707106781186547));
#4306=DIRECTION('center_axis',(0.707106781186547,0.,-0.707106781186548));
#4307=DIRECTION('ref_axis',(0.707106781186548,0.,0.707106781186547));
#4308=DIRECTION('',(0.,1.,0.));
#4309=DIRECTION('',(0.707106781186548,0.,0.707106781186547));
#4310=DIRECTION('center_axis',(0.,1.,0.));
#4311=DIRECTION('ref_axis',(1.,0.,0.));
#4312=DIRECTION('center_axis',(0.,1.,0.));
#4313=DIRECTION('ref_axis',(1.,0.,0.));
#4314=DIRECTION('',(0.707106781186547,0.,-0.707106781186548));
#4315=DIRECTION('',(-0.707106781186548,0.,0.707106781186547));
#4316=DIRECTION('center_axis',(0.707106781186547,0.,0.707106781186548));
#4317=DIRECTION('ref_axis',(-0.707106781186548,0.,0.707106781186547));
#4318=DIRECTION('',(0.,1.,0.));
#4319=DIRECTION('',(-0.707106781186548,0.,0.707106781186547));
#4320=DIRECTION('center_axis',(0.,1.,0.));
#4321=DIRECTION('ref_axis',(1.,0.,0.));
#4322=DIRECTION('center_axis',(0.,1.,0.));
#4323=DIRECTION('ref_axis',(1.,0.,0.));
#4324=DIRECTION('',(-0.707106781186548,0.,-0.707106781186547));
#4325=DIRECTION('',(0.707106781186547,0.,0.707106781186548));
#4326=DIRECTION('center_axis',(-0.707106781186548,0.,0.707106781186547));
#4327=DIRECTION('ref_axis',(-0.707106781186547,0.,-0.707106781186548));
#4328=DIRECTION('',(0.,1.,0.));
#4329=DIRECTION('',(-0.707106781186547,0.,-0.707106781186548));
#4330=DIRECTION('center_axis',(0.,1.,0.));
#4331=DIRECTION('ref_axis',(1.,0.,0.));
#4332=DIRECTION('center_axis',(0.,1.,0.));
#4333=DIRECTION('ref_axis',(1.,0.,0.));
#4334=DIRECTION('',(0.707106781186547,0.,-0.707106781186548));
#4335=DIRECTION('center_axis',(-0.707106781186548,0.,-0.707106781186547));
#4336=DIRECTION('ref_axis',(0.707106781186547,0.,-0.707106781186548));
#4337=DIRECTION('',(0.,1.,0.));
#4338=DIRECTION('center_axis',(0.,-1.,0.));
#4339=DIRECTION('ref_axis',(0.,0.,-1.));
#4340=DIRECTION('center_axis',(0.,-1.,0.));
#4341=DIRECTION('ref_axis',(1.,0.,0.));
#4342=DIRECTION('',(-0.707106781186547,0.,-0.707106781186548));
#4343=DIRECTION('center_axis',(-0.707106781186548,0.,0.707106781186547));
#4344=DIRECTION('ref_axis',(-0.707106781186547,0.,-0.707106781186548));
#4345=DIRECTION('',(0.,-1.,0.));
#4346=DIRECTION('center_axis',(0.,-1.,0.));
#4347=DIRECTION('ref_axis',(0.,0.,-1.));
#4348=DIRECTION('center_axis',(0.,-1.,0.));
#4349=DIRECTION('ref_axis',(1.,0.,0.));
#4350=DIRECTION('',(0.707106781186547,0.,-0.707106781186548));
#4351=DIRECTION('center_axis',(-0.707106781186548,0.,-0.707106781186547));
#4352=DIRECTION('ref_axis',(0.707106781186547,0.,-0.707106781186548));
#4353=DIRECTION('',(0.,-1.,0.));
#4354=DIRECTION('center_axis',(0.,-1.,0.));
#4355=DIRECTION('ref_axis',(0.,0.,-1.));
#4356=DIRECTION('center_axis',(0.,-1.,0.));
#4357=DIRECTION('ref_axis',(1.,0.,0.));
#4358=DIRECTION('',(0.707106781186548,0.,0.707106781186547));
#4359=DIRECTION('center_axis',(0.707106781186547,0.,-0.707106781186548));
#4360=DIRECTION('ref_axis',(0.707106781186548,0.,0.707106781186547));
#4361=DIRECTION('',(0.,-1.,0.));
#4362=DIRECTION('center_axis',(0.,1.,0.));
#4363=DIRECTION('ref_axis',(1.,0.,0.));
#4364=DIRECTION('center_axis',(0.,1.,0.));
#4365=DIRECTION('ref_axis',(1.,0.,0.));
#4366=DIRECTION('center_axis',(0.,1.,0.));
#4367=DIRECTION('ref_axis',(1.,0.,0.));
#4368=DIRECTION('center_axis',(0.,-1.,0.));
#4369=DIRECTION('ref_axis',(1.,0.,0.));
#4370=DIRECTION('',(0.,1.,0.));
#4371=DIRECTION('center_axis',(0.,1.,0.));
#4372=DIRECTION('ref_axis',(1.,0.,0.));
#4373=DIRECTION('center_axis',(0.,1.,0.));
#4374=DIRECTION('ref_axis',(1.,0.,0.));
#4375=DIRECTION('',(-0.774273042092169,0.,0.632851685854859));
#4376=DIRECTION('center_axis',(0.,1.,0.));
#4377=DIRECTION('ref_axis',(1.,0.,0.));
#4378=DIRECTION('',(0.63285168585486,0.,-0.774273042092169));
#4379=DIRECTION('center_axis',(0.,1.,0.));
#4380=DIRECTION('ref_axis',(1.,0.,0.));
#4381=DIRECTION('center_axis',(0.,-1.,0.));
#4382=DIRECTION('ref_axis',(1.,0.,0.));
#4383=DIRECTION('center_axis',(-0.63285168585486,0.,-0.77427304209217));
#4384=DIRECTION('ref_axis',(-0.774273042092169,0.,0.632851685854859));
#4385=DIRECTION('',(-0.774273042092169,0.,0.632851685854859));
#4386=DIRECTION('',(0.,1.,0.));
#4387=DIRECTION('',(0.,1.,0.));
#4388=DIRECTION('center_axis',(0.774273042092169,0.,0.63285168585486));
#4389=DIRECTION('ref_axis',(0.63285168585486,0.,-0.774273042092169));
#4390=DIRECTION('',(0.63285168585486,0.,-0.774273042092169));
#4391=DIRECTION('',(0.,-1.,0.));
#4392=DIRECTION('',(0.,1.,0.));
#4393=DIRECTION('center_axis',(0.,1.,0.));
#4394=DIRECTION('ref_axis',(1.,0.,0.));
#4395=DIRECTION('center_axis',(0.,1.,0.));
#4396=DIRECTION('ref_axis',(1.,0.,0.));
#4397=DIRECTION('center_axis',(0.,1.,0.));
#4398=DIRECTION('ref_axis',(0.707106781186548,0.,-0.707106781186547));
#4399=DIRECTION('center_axis',(0.,1.,0.));
#4400=DIRECTION('ref_axis',(1.,0.,0.));
#4401=DIRECTION('',(0.,-1.,0.));
#4402=DIRECTION('',(0.,1.,0.));
#4403=DIRECTION('',(0.,-1.,0.));
#4404=DIRECTION('center_axis',(0.,1.,0.));
#4405=DIRECTION('ref_axis',(1.,0.,0.));
#4406=DIRECTION('',(0.,-1.,0.));
#4407=DIRECTION('',(0.,-1.,0.));
#4408=DIRECTION('center_axis',(0.,1.,0.));
#4409=DIRECTION('ref_axis',(1.,0.,0.));
#4410=DIRECTION('',(0.,1.,0.));
#4411=DIRECTION('',(0.,1.,0.));
#4412=DIRECTION('center_axis',(0.,1.,0.));
#4413=DIRECTION('ref_axis',(1.,0.,0.));
#4414=DIRECTION('',(0.,-1.,0.));
#4415=DIRECTION('',(0.,-1.,0.));
#4416=DIRECTION('center_axis',(0.,1.,0.));
#4417=DIRECTION('ref_axis',(1.,0.,0.));
#4418=DIRECTION('',(0.,-1.,0.));
#4419=DIRECTION('',(0.,-1.,0.));
#4420=DIRECTION('center_axis',(0.,1.,0.));
#4421=DIRECTION('ref_axis',(1.,0.,0.));
#4422=DIRECTION('',(0.,-1.,0.));
#4423=DIRECTION('',(0.,-1.,0.));
#4424=DIRECTION('center_axis',(0.,1.,0.));
#4425=DIRECTION('ref_axis',(1.,0.,0.));
#4426=DIRECTION('center_axis',(0.,1.,0.));
#4427=DIRECTION('ref_axis',(1.,0.,0.));
#4428=DIRECTION('',(0.774273042092169,0.,0.63285168585486));
#4429=DIRECTION('center_axis',(0.,1.,0.));
#4430=DIRECTION('ref_axis',(1.,0.,0.));
#4431=DIRECTION('',(-0.63285168585486,0.,-0.774273042092169));
#4432=DIRECTION('center_axis',(0.,-1.,0.));
#4433=DIRECTION('ref_axis',(1.,0.,0.));
#4434=DIRECTION('center_axis',(0.,1.,0.));
#4435=DIRECTION('ref_axis',(1.,0.,0.));
#4436=DIRECTION('center_axis',(0.,1.,0.));
#4437=DIRECTION('ref_axis',(1.,0.,0.));
#4438=DIRECTION('',(0.,1.,0.));
#4439=DIRECTION('',(0.,1.,0.));
#4440=DIRECTION('center_axis',(0.774273042092169,0.,-0.63285168585486));
#4441=DIRECTION('ref_axis',(-0.63285168585486,0.,-0.774273042092169));
#4442=DIRECTION('',(-0.63285168585486,0.,-0.774273042092169));
#4443=DIRECTION('',(0.,1.,0.));
#4444=DIRECTION('center_axis',(-0.63285168585486,0.,0.774273042092169));
#4445=DIRECTION('ref_axis',(0.774273042092169,0.,0.63285168585486));
#4446=DIRECTION('',(0.774273042092169,0.,0.63285168585486));
#4447=DIRECTION('',(0.,-1.,0.));
#4448=DIRECTION('center_axis',(0.,1.,0.));
#4449=DIRECTION('ref_axis',(0.707106781186547,0.,0.707106781186548));
#4450=DIRECTION('center_axis',(0.,1.,0.));
#4451=DIRECTION('ref_axis',(1.,0.,0.));
#4452=DIRECTION('',(0.,-1.,0.));
#4453=DIRECTION('',(0.,1.,0.));
#4454=DIRECTION('',(0.,-1.,0.));
#4455=DIRECTION('center_axis',(0.,1.,0.));
#4456=DIRECTION('ref_axis',(1.,0.,0.));
#4457=DIRECTION('',(0.,-1.,0.));
#4458=DIRECTION('',(0.,-1.,0.));
#4459=DIRECTION('center_axis',(0.,1.,0.));
#4460=DIRECTION('ref_axis',(1.,0.,0.));
#4461=DIRECTION('',(0.,1.,0.));
#4462=DIRECTION('',(0.,1.,0.));
#4463=DIRECTION('center_axis',(0.,1.,0.));
#4464=DIRECTION('ref_axis',(1.,0.,0.));
#4465=DIRECTION('',(0.,-1.,0.));
#4466=DIRECTION('',(0.,-1.,0.));
#4467=DIRECTION('center_axis',(0.,1.,0.));
#4468=DIRECTION('ref_axis',(1.,0.,0.));
#4469=DIRECTION('',(0.,-1.,0.));
#4470=DIRECTION('',(0.,-1.,0.));
#4471=DIRECTION('center_axis',(0.,1.,0.));
#4472=DIRECTION('ref_axis',(1.,0.,0.));
#4473=DIRECTION('',(0.,-1.,0.));
#4474=DIRECTION('',(0.,-1.,0.));
#4475=DIRECTION('center_axis',(0.,1.,0.));
#4476=DIRECTION('ref_axis',(1.,0.,0.));
#4477=DIRECTION('',(0.63285168585486,0.,0.774273042092169));
#4478=DIRECTION('center_axis',(0.,1.,0.));
#4479=DIRECTION('ref_axis',(1.,0.,0.));
#4480=DIRECTION('',(-0.774273042092169,0.,-0.632851685854859));
#4481=DIRECTION('center_axis',(0.,1.,0.));
#4482=DIRECTION('ref_axis',(1.,0.,0.));
#4483=DIRECTION('center_axis',(0.,-1.,0.));
#4484=DIRECTION('ref_axis',(1.,0.,0.));
#4485=DIRECTION('center_axis',(0.,1.,0.));
#4486=DIRECTION('ref_axis',(-0.707106781186547,0.,-0.707106781186548));
#4487=DIRECTION('center_axis',(0.,1.,0.));
#4488=DIRECTION('ref_axis',(1.,0.,0.));
#4489=DIRECTION('',(0.,-1.,0.));
#4490=DIRECTION('',(0.,1.,0.));
#4491=DIRECTION('',(0.,-1.,0.));
#4492=DIRECTION('center_axis',(0.,1.,0.));
#4493=DIRECTION('ref_axis',(1.,0.,0.));
#4494=DIRECTION('',(0.,-1.,0.));
#4495=DIRECTION('',(0.,-1.,0.));
#4496=DIRECTION('center_axis',(0.,1.,0.));
#4497=DIRECTION('ref_axis',(1.,0.,0.));
#4498=DIRECTION('',(0.,1.,0.));
#4499=DIRECTION('',(0.,1.,0.));
#4500=DIRECTION('center_axis',(0.,1.,0.));
#4501=DIRECTION('ref_axis',(1.,0.,0.));
#4502=DIRECTION('',(0.,-1.,0.));
#4503=DIRECTION('',(0.,-1.,0.));
#4504=DIRECTION('center_axis',(0.,1.,0.));
#4505=DIRECTION('ref_axis',(1.,0.,0.));
#4506=DIRECTION('',(0.,-1.,0.));
#4507=DIRECTION('',(0.,-1.,0.));
#4508=DIRECTION('center_axis',(0.,1.,0.));
#4509=DIRECTION('ref_axis',(1.,0.,0.));
#4510=DIRECTION('',(0.,-1.,0.));
#4511=DIRECTION('',(0.,-1.,0.));
#4512=DIRECTION('center_axis',(0.,1.,0.));
#4513=DIRECTION('ref_axis',(1.,0.,0.));
#4514=DIRECTION('center_axis',(0.,1.,0.));
#4515=DIRECTION('ref_axis',(1.,0.,0.));
#4516=DIRECTION('',(-0.632851685854859,0.,0.77427304209217));
#4517=DIRECTION('center_axis',(0.,1.,0.));
#4518=DIRECTION('ref_axis',(1.,0.,0.));
#4519=DIRECTION('',(0.77427304209217,0.,-0.632851685854859));
#4520=DIRECTION('center_axis',(0.,-1.,0.));
#4521=DIRECTION('ref_axis',(1.,0.,0.));
#4522=DIRECTION('center_axis',(0.,1.,0.));
#4523=DIRECTION('ref_axis',(-0.707106781186548,0.,0.707106781186547));
#4524=DIRECTION('center_axis',(0.,1.,0.));
#4525=DIRECTION('ref_axis',(1.,0.,0.));
#4526=DIRECTION('',(0.,-1.,0.));
#4527=DIRECTION('',(0.,1.,0.));
#4528=DIRECTION('',(0.,-1.,0.));
#4529=DIRECTION('center_axis',(0.,1.,0.));
#4530=DIRECTION('ref_axis',(1.,0.,0.));
#4531=DIRECTION('',(0.,-1.,0.));
#4532=DIRECTION('',(0.,-1.,0.));
#4533=DIRECTION('center_axis',(0.,1.,0.));
#4534=DIRECTION('ref_axis',(1.,0.,0.));
#4535=DIRECTION('',(0.,1.,0.));
#4536=DIRECTION('',(0.,1.,0.));
#4537=DIRECTION('center_axis',(0.,1.,0.));
#4538=DIRECTION('ref_axis',(1.,0.,0.));
#4539=DIRECTION('',(0.,-1.,0.));
#4540=DIRECTION('',(0.,-1.,0.));
#4541=DIRECTION('center_axis',(0.,1.,0.));
#4542=DIRECTION('ref_axis',(1.,0.,0.));
#4543=DIRECTION('',(0.,-1.,0.));
#4544=DIRECTION('',(0.,-1.,0.));
#4545=DIRECTION('center_axis',(0.,1.,0.));
#4546=DIRECTION('ref_axis',(1.,0.,0.));
#4547=DIRECTION('',(0.,-1.,0.));
#4548=DIRECTION('',(0.,-1.,0.));
#4549=DIRECTION('center_axis',(0.,1.,0.));
#4550=DIRECTION('ref_axis',(0.,0.,1.));
#4551=DIRECTION('',(0.258819045102521,0.,0.965925826289068));
#4552=DIRECTION('',(-0.707106781186548,0.,0.707106781186547));
#4553=DIRECTION('',(-0.965925826289068,0.,-0.258819045102521));
#4554=DIRECTION('',(-0.25881904510252,0.,-0.965925826289068));
#4555=DIRECTION('',(0.707106781186548,0.,-0.707106781186547));
#4556=DIRECTION('',(0.965925826289068,0.,0.258819045102521));
#4557=DIRECTION('center_axis',(-0.965925826289068,0.,0.258819045102521));
#4558=DIRECTION('ref_axis',(0.258819045102521,0.,0.965925826289068));
#4559=DIRECTION('',(-0.258819045102521,0.,-0.965925826289068));
#4560=DIRECTION('center_axis',(0.258819045102521,0.,-0.965925826289068));
#4561=DIRECTION('ref_axis',(-0.965925826289068,0.,-0.258819045102521));
#4562=DIRECTION('',(0.965925826289068,0.,0.258819045102521));
#4563=DIRECTION('center_axis',(-0.707106781186547,0.,-0.707106781186548));
#4564=DIRECTION('ref_axis',(-0.707106781186548,0.,0.707106781186547));
#4565=DIRECTION('',(0.707106781186548,0.,-0.707106781186547));
#4566=DIRECTION('center_axis',(0.,1.,0.));
#4567=DIRECTION('ref_axis',(0.,0.,1.));
#4568=DIRECTION('',(-0.25881904510252,0.,-0.965925826289069));
#4569=DIRECTION('',(0.707106781186548,0.,-0.707106781186547));
#4570=DIRECTION('',(0.965925826289068,0.,0.258819045102521));
#4571=DIRECTION('',(0.25881904510252,0.,0.965925826289068));
#4572=DIRECTION('',(-0.707106781186548,0.,0.707106781186547));
#4573=DIRECTION('',(-0.965925826289068,0.,-0.25881904510252));
#4574=DIRECTION('center_axis',(0.965925826289069,0.,-0.25881904510252));
#4575=DIRECTION('ref_axis',(-0.25881904510252,0.,-0.965925826289069));
#4576=DIRECTION('',(0.25881904510252,0.,0.965925826289069));
#4577=DIRECTION('center_axis',(-0.258819045102521,0.,0.965925826289068));
#4578=DIRECTION('ref_axis',(0.965925826289068,0.,0.258819045102521));
#4579=DIRECTION('',(-0.965925826289068,0.,-0.258819045102521));
#4580=DIRECTION('center_axis',(0.707106781186547,0.,0.707106781186548));
#4581=DIRECTION('ref_axis',(0.707106781186548,0.,-0.707106781186547));
#4582=DIRECTION('',(-0.707106781186548,0.,0.707106781186547));
#4583=DIRECTION('center_axis',(0.,1.,0.));
#4584=DIRECTION('ref_axis',(0.,0.,1.));
#4585=DIRECTION('',(0.965925826289069,0.,-0.25881904510252));
#4586=DIRECTION('',(0.707106781186547,0.,0.707106781186548));
#4587=DIRECTION('',(-0.258819045102521,0.,0.965925826289068));
#4588=DIRECTION('',(-0.965925826289068,0.,0.25881904510252));
#4589=DIRECTION('',(-0.707106781186547,0.,-0.707106781186548));
#4590=DIRECTION('',(0.25881904510252,0.,-0.965925826289068));
#4591=DIRECTION('center_axis',(0.25881904510252,0.,0.965925826289069));
#4592=DIRECTION('ref_axis',(0.965925826289069,0.,-0.25881904510252));
#4593=DIRECTION('',(-0.965925826289069,0.,0.25881904510252));
#4594=DIRECTION('center_axis',(-0.965925826289068,0.,-0.258819045102521));
#4595=DIRECTION('ref_axis',(-0.258819045102521,0.,0.965925826289068));
#4596=DIRECTION('',(0.258819045102521,0.,-0.965925826289068));
#4597=DIRECTION('center_axis',(-0.707106781186548,0.,0.707106781186547));
#4598=DIRECTION('ref_axis',(0.707106781186547,0.,0.707106781186548));
#4599=DIRECTION('',(-0.707106781186547,0.,-0.707106781186548));
#4600=DIRECTION('center_axis',(0.,1.,0.));
#4601=DIRECTION('ref_axis',(0.,0.,1.));
#4602=DIRECTION('',(-0.965925826289069,0.,0.25881904510252));
#4603=DIRECTION('',(-0.707106781186547,0.,-0.707106781186548));
#4604=DIRECTION('',(0.258819045102521,0.,-0.965925826289068));
#4605=DIRECTION('',(0.965925826289068,0.,-0.25881904510252));
#4606=DIRECTION('',(0.707106781186547,0.,0.707106781186548));
#4607=DIRECTION('',(-0.25881904510252,0.,0.965925826289068));
#4608=DIRECTION('center_axis',(-0.25881904510252,0.,-0.965925826289069));
#4609=DIRECTION('ref_axis',(-0.965925826289069,0.,0.25881904510252));
#4610=DIRECTION('',(0.965925826289069,0.,-0.25881904510252));
#4611=DIRECTION('center_axis',(0.965925826289068,0.,0.258819045102521));
#4612=DIRECTION('ref_axis',(0.258819045102521,0.,-0.965925826289068));
#4613=DIRECTION('',(-0.258819045102521,0.,0.965925826289068));
#4614=DIRECTION('center_axis',(0.707106781186548,0.,-0.707106781186547));
#4615=DIRECTION('ref_axis',(-0.707106781186547,0.,-0.707106781186548));
#4616=DIRECTION('',(0.707106781186547,0.,0.707106781186548));
#4617=DIRECTION('center_axis',(-0.258819045102521,0.,0.965925826289068));
#4618=DIRECTION('ref_axis',(0.965925826289068,0.,0.258819045102521));
#4619=DIRECTION('',(-0.965925826289068,0.,-0.258819045102521));
#4620=DIRECTION('center_axis',(0.707106781186547,0.,0.707106781186548));
#4621=DIRECTION('ref_axis',(0.707106781186548,0.,-0.707106781186547));
#4622=DIRECTION('',(-0.707106781186548,0.,0.707106781186547));
#4623=DIRECTION('center_axis',(0.965925826289068,0.,-0.25881904510252));
#4624=DIRECTION('ref_axis',(-0.25881904510252,0.,-0.965925826289068));
#4625=DIRECTION('',(0.25881904510252,0.,0.965925826289068));
#4626=DIRECTION('center_axis',(0.258819045102521,0.,-0.965925826289068));
#4627=DIRECTION('ref_axis',(-0.965925826289068,0.,-0.25881904510252));
#4628=DIRECTION('',(0.965925826289068,0.,0.25881904510252));
#4629=DIRECTION('center_axis',(-0.707106781186547,0.,-0.707106781186548));
#4630=DIRECTION('ref_axis',(-0.707106781186548,0.,0.707106781186547));
#4631=DIRECTION('',(0.707106781186548,0.,-0.707106781186547));
#4632=DIRECTION('center_axis',(-0.965925826289068,0.,0.258819045102521));
#4633=DIRECTION('ref_axis',(0.25881904510252,0.,0.965925826289068));
#4634=DIRECTION('',(-0.25881904510252,0.,-0.965925826289068));
#4635=DIRECTION('center_axis',(0.965925826289068,0.,0.258819045102521));
#4636=DIRECTION('ref_axis',(0.25881904510252,0.,-0.965925826289068));
#4637=DIRECTION('',(-0.25881904510252,0.,0.965925826289068));
#4638=DIRECTION('center_axis',(0.707106781186548,0.,-0.707106781186547));
#4639=DIRECTION('ref_axis',(-0.707106781186547,0.,-0.707106781186548));
#4640=DIRECTION('',(0.707106781186547,0.,0.707106781186548));
#4641=DIRECTION('center_axis',(-0.258819045102521,0.,-0.965925826289068));
#4642=DIRECTION('ref_axis',(-0.965925826289068,0.,0.25881904510252));
#4643=DIRECTION('',(0.965925826289068,0.,-0.25881904510252));
#4644=DIRECTION('center_axis',(-0.965925826289068,0.,-0.258819045102521));
#4645=DIRECTION('ref_axis',(-0.25881904510252,0.,0.965925826289068));
#4646=DIRECTION('',(0.25881904510252,0.,-0.965925826289068));
#4647=DIRECTION('center_axis',(-0.707106781186548,0.,0.707106781186547));
#4648=DIRECTION('ref_axis',(0.707106781186547,0.,0.707106781186548));
#4649=DIRECTION('',(-0.707106781186547,0.,-0.707106781186548));
#4650=DIRECTION('center_axis',(0.258819045102521,0.,0.965925826289068));
#4651=DIRECTION('ref_axis',(0.965925826289068,0.,-0.25881904510252));
#4652=DIRECTION('',(-0.965925826289068,0.,0.25881904510252));
#4653=DIRECTION('center_axis',(0.,1.,0.));
#4654=DIRECTION('ref_axis',(1.,0.,0.));
#4655=DIRECTION('center_axis',(0.,1.,0.));
#4656=DIRECTION('ref_axis',(1.,0.,0.));
#4657=DIRECTION('center_axis',(0.,1.,0.));
#4658=DIRECTION('ref_axis',(1.,0.,0.));
#4659=DIRECTION('center_axis',(0.,1.,0.));
#4660=DIRECTION('ref_axis',(1.,0.,0.));
#4661=DIRECTION('center_axis',(0.,1.,0.));
#4662=DIRECTION('ref_axis',(1.,0.,0.));
#4663=DIRECTION('center_axis',(0.,1.,0.));
#4664=DIRECTION('ref_axis',(1.,0.,0.));
#4665=DIRECTION('center_axis',(0.,1.,0.));
#4666=DIRECTION('ref_axis',(1.,0.,0.));
#4667=DIRECTION('center_axis',(0.,1.,0.));
#4668=DIRECTION('ref_axis',(1.,0.,0.));
#4669=DIRECTION('center_axis',(0.,1.,0.));
#4670=DIRECTION('ref_axis',(1.,0.,0.));
#4671=DIRECTION('center_axis',(0.,1.,0.));
#4672=DIRECTION('ref_axis',(1.,0.,0.));
#4673=DIRECTION('center_axis',(0.,1.,0.));
#4674=DIRECTION('ref_axis',(1.,0.,0.));
#4675=DIRECTION('center_axis',(0.,1.,0.));
#4676=DIRECTION('ref_axis',(1.,0.,0.));
#4677=DIRECTION('center_axis',(0.,1.,0.));
#4678=DIRECTION('ref_axis',(1.,0.,0.));
#4679=DIRECTION('center_axis',(0.,1.,0.));
#4680=DIRECTION('ref_axis',(1.,0.,0.));
#4681=DIRECTION('center_axis',(0.,1.,0.));
#4682=DIRECTION('ref_axis',(1.,0.,0.));
#4683=DIRECTION('center_axis',(0.,1.,0.));
#4684=DIRECTION('ref_axis',(1.,0.,0.));
#4685=DIRECTION('center_axis',(0.,1.,0.));
#4686=DIRECTION('ref_axis',(1.,0.,0.));
#4687=DIRECTION('center_axis',(0.,1.,0.));
#4688=DIRECTION('ref_axis',(1.,0.,0.));
#4689=DIRECTION('center_axis',(0.,1.,0.));
#4690=DIRECTION('ref_axis',(1.,0.,0.));
#4691=DIRECTION('center_axis',(0.,1.,0.));
#4692=DIRECTION('ref_axis',(1.,0.,0.));
#4693=DIRECTION('center_axis',(0.,1.,0.));
#4694=DIRECTION('ref_axis',(1.,0.,0.));
#4695=DIRECTION('center_axis',(0.,1.,0.));
#4696=DIRECTION('ref_axis',(1.,0.,0.));
#4697=DIRECTION('center_axis',(0.,1.,0.));
#4698=DIRECTION('ref_axis',(1.,0.,0.));
#4699=DIRECTION('center_axis',(0.,1.,0.));
#4700=DIRECTION('ref_axis',(1.,0.,0.));
#4701=DIRECTION('center_axis',(0.,1.,0.));
#4702=DIRECTION('ref_axis',(1.,0.,0.));
#4703=DIRECTION('',(0.,-1.,0.));
#4704=DIRECTION('center_axis',(0.,-1.,0.));
#4705=DIRECTION('ref_axis',(-1.,0.,0.));
#4706=DIRECTION('center_axis',(0.,-1.,0.));
#4707=DIRECTION('ref_axis',(1.,0.,0.));
#4708=DIRECTION('',(0.,1.,0.));
#4709=DIRECTION('',(0.,-1.,0.));
#4710=DIRECTION('center_axis',(0.,-1.,0.));
#4711=DIRECTION('ref_axis',(1.,0.,0.));
#4712=DIRECTION('',(0.,1.,0.));
#4713=DIRECTION('',(0.,-1.,0.));
#4714=DIRECTION('center_axis',(0.,-1.,0.));
#4715=DIRECTION('ref_axis',(1.,0.,0.));
#4716=DIRECTION('center_axis',(0.,-1.,0.));
#4717=DIRECTION('ref_axis',(-1.,0.,0.));
#4718=DIRECTION('center_axis',(0.,-1.,0.));
#4719=DIRECTION('ref_axis',(1.,0.,0.));
#4720=DIRECTION('center_axis',(0.,-1.,0.));
#4721=DIRECTION('ref_axis',(1.,0.,0.));
#4722=DIRECTION('',(-0.707106781186548,-0.707106781186548,8.65956056235493E-17));
#4723=DIRECTION('center_axis',(-0.77427304209217,0.,-0.632851685854859));
#4724=DIRECTION('ref_axis',(-0.632851685854859,0.,0.77427304209217));
#4725=DIRECTION('',(-0.632851685854859,0.,0.77427304209217));
#4726=DIRECTION('',(0.,1.,0.));
#4727=DIRECTION('center_axis',(0.,1.,0.));
#4728=DIRECTION('ref_axis',(-0.707106781186548,0.,0.707106781186547));
#4729=DIRECTION('center_axis',(0.,1.,0.));
#4730=DIRECTION('ref_axis',(-1.,0.,0.));
#4731=DIRECTION('',(0.,1.,0.));
#4732=DIRECTION('center_axis',(0.632851685854859,0.,0.77427304209217));
#4733=DIRECTION('ref_axis',(0.77427304209217,0.,-0.632851685854859));
#4734=DIRECTION('',(0.77427304209217,0.,-0.632851685854859));
#4735=DIRECTION('center_axis',(0.63285168585486,0.,-0.77427304209217));
#4736=DIRECTION('ref_axis',(-0.774273042092169,0.,-0.632851685854859));
#4737=DIRECTION('',(-0.774273042092169,0.,-0.632851685854859));
#4738=DIRECTION('',(0.,1.,0.));
#4739=DIRECTION('center_axis',(0.,1.,0.));
#4740=DIRECTION('ref_axis',(-0.707106781186547,0.,-0.707106781186548));
#4741=DIRECTION('center_axis',(0.,1.,0.));
#4742=DIRECTION('ref_axis',(-1.,0.,0.));
#4743=DIRECTION('',(0.,1.,0.));
#4744=DIRECTION('center_axis',(-0.774273042092169,0.,0.63285168585486));
#4745=DIRECTION('ref_axis',(0.63285168585486,0.,0.774273042092169));
#4746=DIRECTION('',(0.63285168585486,0.,0.774273042092169));
#4747=DIRECTION('center_axis',(0.447493718553309,-0.707106781186549,0.547493718553309));
#4748=DIRECTION('ref_axis',(0.774273042092169,0.,-0.632851685854859));
#4749=DIRECTION('',(0.774273042092169,0.,-0.632851685854859));
#4750=DIRECTION('',(-0.447493718553306,-0.707106781186552,-0.547493718553308));
#4751=DIRECTION('center_axis',(0.,-1.,0.));
#4752=DIRECTION('ref_axis',(1.,0.,0.));
#4753=DIRECTION('center_axis',(0.,-1.,0.));
#4754=DIRECTION('ref_axis',(1.,0.,0.));
#4755=DIRECTION('',(0.547493718553312,-0.707106781186547,0.447493718553307));
#4756=DIRECTION('center_axis',(-0.54749371855331,-0.707106781186548,-0.44749371855331));
#4757=DIRECTION('ref_axis',(-0.63285168585486,0.,0.774273042092169));
#4758=DIRECTION('',(-0.63285168585486,0.,0.774273042092169));
#4759=DIRECTION('center_axis',(0.54749371855331,-0.707106781186548,-0.44749371855331));
#4760=DIRECTION('ref_axis',(-0.63285168585486,0.,-0.774273042092169));
#4761=DIRECTION('',(-0.63285168585486,0.,-0.774273042092169));
#4762=DIRECTION('',(-0.547493718553311,-0.707106781186546,0.447493718553311));
#4763=DIRECTION('center_axis',(0.,-1.,0.));
#4764=DIRECTION('ref_axis',(-1.,0.,0.));
#4765=DIRECTION('center_axis',(0.,-1.,0.));
#4766=DIRECTION('ref_axis',(-1.,0.,0.));
#4767=DIRECTION('',(0.447493718553312,-0.707106781186548,-0.547493718553308));
#4768=DIRECTION('center_axis',(-0.44749371855331,-0.707106781186548,0.54749371855331));
#4769=DIRECTION('ref_axis',(0.774273042092169,0.,0.632851685854859));
#4770=DIRECTION('',(0.774273042092169,0.,0.632851685854859));
#4771=DIRECTION('center_axis',(-0.54749371855331,-0.707106781186547,0.44749371855331));
#4772=DIRECTION('ref_axis',(0.63285168585486,0.,0.774273042092169));
#4773=DIRECTION('',(0.63285168585486,0.,0.774273042092169));
#4774=DIRECTION('',(0.547493718553308,-0.707106781186552,-0.447493718553306));
#4775=DIRECTION('center_axis',(0.,-1.,0.));
#4776=DIRECTION('ref_axis',(1.,0.,0.));
#4777=DIRECTION('center_axis',(0.,-1.,0.));
#4778=DIRECTION('ref_axis',(1.,0.,0.));
#4779=DIRECTION('',(-0.447493718553313,-0.707106781186549,0.547493718553306));
#4780=DIRECTION('center_axis',(0.447493718553311,-0.707106781186547,-0.54749371855331));
#4781=DIRECTION('ref_axis',(-0.774273042092169,0.,-0.63285168585486));
#4782=DIRECTION('',(-0.774273042092169,0.,-0.63285168585486));
#4783=DIRECTION('center_axis',(-0.447493718553309,-0.707106781186547,-0.547493718553311));
#4784=DIRECTION('ref_axis',(-0.77427304209217,0.,0.632851685854859));
#4785=DIRECTION('',(-0.77427304209217,0.,0.632851685854859));
#4786=DIRECTION('',(0.447493718553311,-0.707106781186546,0.547493718553311));
#4787=DIRECTION('center_axis',(0.,-1.,0.));
#4788=DIRECTION('ref_axis',(-1.,0.,0.));
#4789=DIRECTION('center_axis',(0.,-1.,0.));
#4790=DIRECTION('ref_axis',(-1.,0.,0.));
#4791=DIRECTION('',(-0.547493718553312,-0.707106781186547,-0.447493718553307));
#4792=DIRECTION('center_axis',(0.547493718553311,-0.707106781186548,0.447493718553309));
#4793=DIRECTION('ref_axis',(0.632851685854859,0.,-0.77427304209217));
#4794=DIRECTION('',(0.632851685854859,0.,-0.77427304209217));
#4795=DIRECTION('center_axis',(0.,1.,0.));
#4796=DIRECTION('ref_axis',(1.,0.,0.));
#4797=DIRECTION('center_axis',(0.,1.,0.));
#4798=DIRECTION('ref_axis',(1.,0.,0.));
#4799=DIRECTION('center_axis',(0.,1.,0.));
#4800=DIRECTION('ref_axis',(1.,0.,0.));
#4801=DIRECTION('center_axis',(0.,1.,0.));
#4802=DIRECTION('ref_axis',(1.,0.,0.));
#4803=DIRECTION('center_axis',(0.,1.,0.));
#4804=DIRECTION('ref_axis',(-1.,0.,0.));
#4805=DIRECTION('center_axis',(0.,1.,0.));
#4806=DIRECTION('ref_axis',(-1.,0.,0.));
#4807=DIRECTION('center_axis',(0.,1.,0.));
#4808=DIRECTION('ref_axis',(1.,0.,0.));
#4809=DIRECTION('center_axis',(0.,1.,0.));
#4810=DIRECTION('ref_axis',(1.,0.,0.));
#4811=DIRECTION('center_axis',(0.,1.,0.));
#4812=DIRECTION('ref_axis',(1.,0.,0.));
#4813=DIRECTION('center_axis',(0.,1.,0.));
#4814=DIRECTION('ref_axis',(1.,0.,0.));
#4815=DIRECTION('center_axis',(0.,-1.,0.));
#4816=DIRECTION('ref_axis',(1.,0.,0.));
#4817=DIRECTION('center_axis',(0.,-1.,0.));
#4818=DIRECTION('ref_axis',(1.,0.,0.));
#4819=DIRECTION('center_axis',(0.,-1.,0.));
#4820=DIRECTION('ref_axis',(1.,0.,0.));
#4821=DIRECTION('center_axis',(0.,1.,0.));
#4822=DIRECTION('ref_axis',(1.,0.,0.));
#4823=DIRECTION('center_axis',(0.,-1.,0.));
#4824=DIRECTION('ref_axis',(1.,0.,0.));
#4825=DIRECTION('center_axis',(0.,-1.,0.));
#4826=DIRECTION('ref_axis',(1.,0.,0.));
#4827=DIRECTION('',(0.,1.,0.));
#4828=DIRECTION('center_axis',(0.,1.,0.));
#4829=DIRECTION('ref_axis',(1.,0.,0.));
#4830=DIRECTION('center_axis',(0.,1.,0.));
#4831=DIRECTION('ref_axis',(1.,0.,0.));
#4832=DIRECTION('',(-0.707106781186548,0.707106781186547,-8.65956056235494E-17));
#4833=DIRECTION('center_axis',(0.,-1.,0.));
#4834=DIRECTION('ref_axis',(1.,0.,0.));
#4835=DIRECTION('center_axis',(0.,-1.,0.));
#4836=DIRECTION('ref_axis',(1.,0.,0.));
#4837=DIRECTION('center_axis',(0.,1.,0.));
#4838=DIRECTION('ref_axis',(1.,0.,0.));
#4839=DIRECTION('center_axis',(0.,-1.,0.));
#4840=DIRECTION('ref_axis',(1.,0.,0.));
#4841=DIRECTION('center_axis',(0.,-1.,0.));
#4842=DIRECTION('ref_axis',(1.,0.,0.));
#4843=DIRECTION('center_axis',(0.,1.,0.));
#4844=DIRECTION('ref_axis',(1.,0.,0.));
#4845=DIRECTION('center_axis',(0.,-1.,0.));
#4846=DIRECTION('ref_axis',(1.,0.,0.));
#4847=DIRECTION('center_axis',(0.,1.,0.));
#4848=DIRECTION('ref_axis',(1.,0.,0.));
#4849=DIRECTION('center_axis',(0.,-1.,0.));
#4850=DIRECTION('ref_axis',(1.,0.,0.));
#4851=DIRECTION('center_axis',(0.,-1.,0.));
#4852=DIRECTION('ref_axis',(1.,0.,0.));
#4853=DIRECTION('',(-0.243445197917969,-0.969914653776651,-2.98134382398034E-17));
#4854=DIRECTION('center_axis',(0.,1.,0.));
#4855=DIRECTION('ref_axis',(1.,0.,0.));
#4856=DIRECTION('',(0.172696811384317,-0.984975030819406,2.11492597284758E-17));
#4857=DIRECTION('center_axis',(0.,-1.,0.));
#4858=DIRECTION('ref_axis',(1.,0.,0.));
#4859=DIRECTION('center_axis',(0.,-1.,0.));
#4860=DIRECTION('ref_axis',(1.,0.,0.));
#4861=DIRECTION('',(0.,-1.,0.));
#4862=DIRECTION('center_axis',(0.,-1.,0.));
#4863=DIRECTION('ref_axis',(1.,0.,0.));
#4864=DIRECTION('',(-0.24344519791796,-0.969914653776653,-2.98134382398024E-17));
#4865=DIRECTION('center_axis',(0.,1.,0.));
#4866=DIRECTION('ref_axis',(1.,0.,0.));
#4867=DIRECTION('center_axis',(0.,-1.,0.));
#4868=DIRECTION('ref_axis',(1.,0.,0.));
#4869=DIRECTION('',(0.243445197917965,-0.969914653776652,2.9813438239803E-17));
#4870=DIRECTION('center_axis',(0.,-1.,0.));
#4871=DIRECTION('ref_axis',(1.,0.,0.));
#4872=DIRECTION('',(-0.243445197917968,-0.969914653776651,-2.98134382398033E-17));
#4873=DIRECTION('center_axis',(0.,-1.,0.));
#4874=DIRECTION('ref_axis',(1.,0.,0.));
#4875=DIRECTION('',(0.,1.,0.));
#4876=DIRECTION('center_axis',(0.,-1.,0.));
#4877=DIRECTION('ref_axis',(1.,0.,0.));
#4878=DIRECTION('center_axis',(-1.,0.,-1.00929365875014E-16));
#4879=DIRECTION('ref_axis',(-1.00929365875014E-16,0.,1.));
#4880=DIRECTION('center_axis',(-1.,0.,-1.00929365875014E-16));
#4881=DIRECTION('ref_axis',(0.,-0.70710678118653,0.707106781186565));
#4882=DIRECTION('center_axis',(0.,-1.,0.));
#4883=DIRECTION('ref_axis',(1.,0.,0.));
#4884=DIRECTION('center_axis',(0.,-1.,0.));
#4885=DIRECTION('ref_axis',(1.,0.,0.));
#4886=DIRECTION('center_axis',(0.,1.,0.));
#4887=DIRECTION('ref_axis',(1.,0.,0.));
#4888=DIRECTION('center_axis',(0.,-1.,0.));
#4889=DIRECTION('ref_axis',(1.,0.,0.));
#4890=DIRECTION('center_axis',(0.,-1.,0.));
#4891=DIRECTION('ref_axis',(1.,0.,0.));
#4892=DIRECTION('center_axis',(0.,-1.,0.));
#4893=DIRECTION('ref_axis',(1.,0.,0.));
#4894=DIRECTION('',(-0.592268643021264,-0.805740562770518,-7.25319897911338E-17));
#4895=DIRECTION('center_axis',(0.,1.,0.));
#4896=DIRECTION('ref_axis',(1.,0.,0.));
#4897=DIRECTION('',(0.552784093525405,-0.833324514187178,6.76965270755459E-17));
#4898=CARTESIAN_POINT('',(0.,0.,0.));
#4899=CARTESIAN_POINT('Ctrl Pts',(2.82796131043007,-23.865674060751,2.72213119309196));
#4900=CARTESIAN_POINT('Ctrl Pts',(2.82861630653738,-23.8741832144203,2.70644450909434));
#4901=CARTESIAN_POINT('Ctrl Pts',(2.82955365385156,-23.8890947874026,2.67175745340017));
#4902=CARTESIAN_POINT('Ctrl Pts',(2.82972827070402,-23.9076836160193,2.6073684173673));
#4903=CARTESIAN_POINT('Ctrl Pts',(2.8299104290222,-23.9233674261208,2.515673112914));
#4904=CARTESIAN_POINT('Ctrl Pts',(2.83003473531185,-23.9252972256563,2.45608831828992));
#4905=CARTESIAN_POINT('Ctrl Pts',(2.83003473531185,-23.9252972256563,2.42826824964511));
#4906=CARTESIAN_POINT('Ctrl Pts',(2.81423290051403,-23.8891705864667,2.71726946626775));
#4907=CARTESIAN_POINT('Ctrl Pts',(2.81497881701554,-23.895946491922,2.70105274574306));
#4908=CARTESIAN_POINT('Ctrl Pts',(2.8161114036768,-23.9081438014088,2.66533999213171));
#4909=CARTESIAN_POINT('Ctrl Pts',(2.81610684202436,-23.9246088147994,2.59932115496234));
#4910=CARTESIAN_POINT('Ctrl Pts',(2.8151506322681,-23.93905731626,2.50917006608952));
#4911=CARTESIAN_POINT('Ctrl Pts',(2.81412581114606,-23.9412061498221,2.45374675123853));
#4912=CARTESIAN_POINT('Ctrl Pts',(2.81343411879103,-23.9418978421771,2.42826824964511));
#4913=CARTESIAN_POINT('Ctrl Pts',(2.78257846685846,-23.9294770954435,2.7056769452658));
#4914=CARTESIAN_POINT('Ctrl Pts',(2.783549721317,-23.9339135781074,2.68843299168311));
#4915=CARTESIAN_POINT('Ctrl Pts',(2.7849779649726,-23.9424282841799,2.65046171415954));
#4916=CARTESIAN_POINT('Ctrl Pts',(2.78387432285598,-23.956205608051,2.57988001458206));
#4917=CARTESIAN_POINT('Ctrl Pts',(2.78042656060836,-23.9674672008095,2.49431317226947));
#4918=CARTESIAN_POINT('Ctrl Pts',(2.77751216369433,-23.969180428968,2.44883961622127));
#4919=CARTESIAN_POINT('Ctrl Pts',(2.77553293377553,-23.9703717799763,2.42826824964511));
#4920=CARTESIAN_POINT('Ctrl Pts',(2.70003327889109,-23.9840879679791,2.67237391436797));
#4921=CARTESIAN_POINT('Ctrl Pts',(2.70286379803345,-23.9857574868241,2.65206515029905));
#4922=CARTESIAN_POINT('Ctrl Pts',(2.70820317521748,-23.9893325475285,2.60697159962377));
#4923=CARTESIAN_POINT('Ctrl Pts',(2.71356768957918,-23.9938547032035,2.53688370546311));
#4924=CARTESIAN_POINT('Ctrl Pts',(2.71630945770908,-23.99445474489,2.47440676742003));
#4925=CARTESIAN_POINT('Ctrl Pts',(2.71343084703902,-23.9947788937727,2.44187111345068));
#4926=CARTESIAN_POINT('Ctrl Pts',(2.71130223121795,-23.9952004117387,2.42826824964511));
#4927=CARTESIAN_POINT('Ctrl Pts',(2.6324554022739,-24.,2.64253645285175));
#4928=CARTESIAN_POINT('Ctrl Pts',(2.63942966182517,-24.,2.6221760697423));
#4929=CARTESIAN_POINT('Ctrl Pts',(2.65305011587612,-24.,2.57789591983851));
#4930=CARTESIAN_POINT('Ctrl Pts',(2.66630712674261,-24.,2.51820127632863));
#4931=CARTESIAN_POINT('Ctrl Pts',(2.67065942010565,-24.,2.46511754564851));
#4932=CARTESIAN_POINT('Ctrl Pts',(2.66929788254046,-24.,2.43860310677426));
#4933=CARTESIAN_POINT('Ctrl Pts',(2.66844322762506,-24.,2.42826824964511));
#4934=CARTESIAN_POINT('Ctrl Pts',(2.60348235312548,-24.,2.62958405501769));
#4935=CARTESIAN_POINT('Ctrl Pts',(2.61188817569036,-24.,2.60917295070073));
#4936=CARTESIAN_POINT('Ctrl Pts',(2.62777308856997,-24.,2.56485745682682));
#4937=CARTESIAN_POINT('Ctrl Pts',(2.64230218715696,-24.,2.50844619030693));
#4938=CARTESIAN_POINT('Ctrl Pts',(2.64778432256589,-24.,2.46006063945833));
#4939=CARTESIAN_POINT('Ctrl Pts',(2.64793150965559,-24.,2.4370801016816));
#4940=CARTESIAN_POINT('Ctrl Pts',(2.64793150965559,-24.,2.42826824964511));
#4941=CARTESIAN_POINT('',(2.82796131043007,-23.865674060751,2.72213119309196));
#4942=CARTESIAN_POINT('',(2.83003473531185,-23.9252972256563,2.42826824964511));
#4943=CARTESIAN_POINT('Ctrl Pts',(2.82796131043007,-23.865674060751,2.72213119309196));
#4944=CARTESIAN_POINT('Ctrl Pts',(2.82861630653738,-23.8741832144203,2.70644450909434));
#4945=CARTESIAN_POINT('Ctrl Pts',(2.82955365385156,-23.8890947874026,2.67175745340017));
#4946=CARTESIAN_POINT('Ctrl Pts',(2.82972827070402,-23.9076836160193,2.6073684173673));
#4947=CARTESIAN_POINT('Ctrl Pts',(2.8299104290222,-23.9233674261208,2.515673112914));
#4948=CARTESIAN_POINT('Ctrl Pts',(2.83003473531185,-23.9252972256563,2.45608831828992));
#4949=CARTESIAN_POINT('Ctrl Pts',(2.83003473531185,-23.9252972256563,2.42826824964511));
#4950=CARTESIAN_POINT('',(2.60348235312548,-24.,2.62958405501769));
#4951=CARTESIAN_POINT('Ctrl Pts',(2.82796131043007,-23.865674060751,2.72213119309196));
#4952=CARTESIAN_POINT('Ctrl Pts',(2.81423290051403,-23.8891705864667,2.71726946626775));
#4953=CARTESIAN_POINT('Ctrl Pts',(2.78257846685846,-23.9294770954435,2.7056769452658));
#4954=CARTESIAN_POINT('Ctrl Pts',(2.70003327889109,-23.9840879679791,2.67237391436797));
#4955=CARTESIAN_POINT('Ctrl Pts',(2.6324554022739,-24.,2.64253645285175));
#4956=CARTESIAN_POINT('Ctrl Pts',(2.60348235312548,-24.,2.62958405501769));
#4957=CARTESIAN_POINT('',(2.64793150965559,-24.,2.42826824964511));
#4958=CARTESIAN_POINT('Ctrl Pts',(2.60348235312548,-24.,2.62958405501769));
#4959=CARTESIAN_POINT('Ctrl Pts',(2.60677282313292,-24.,2.62159410209455));
#4960=CARTESIAN_POINT('Ctrl Pts',(2.60997768108762,-24.,2.61337599082782));
#4961=CARTESIAN_POINT('Ctrl Pts',(2.6130522981833,-24.,2.60508210447212));
#4962=CARTESIAN_POINT('Ctrl Pts',(2.61659517380199,-24.,2.59552507449426));
#4963=CARTESIAN_POINT('Ctrl Pts',(2.61996336809681,-24.,2.58587228671125));
#4964=CARTESIAN_POINT('Ctrl Pts',(2.62306944385572,-24.,2.57639158523753));
#4965=CARTESIAN_POINT('Ctrl Pts',(2.62562825220544,-24.,2.56858131273453));
#4966=CARTESIAN_POINT('Ctrl Pts',(2.62800808662598,-24.,2.56089034713641));
#4967=CARTESIAN_POINT('Ctrl Pts',(2.63016809928753,-24.,2.55343949474674));
#4968=CARTESIAN_POINT('Ctrl Pts',(2.63204436775337,-24.,2.54696740334132));
#4969=CARTESIAN_POINT('Ctrl Pts',(2.63375450349086,-24.,2.54067707132696));
#4970=CARTESIAN_POINT('Ctrl Pts',(2.63528569757734,-24.,2.53460702528489));
#4971=CARTESIAN_POINT('Ctrl Pts',(2.63674624750821,-24.,2.52881703079278));
#4972=CARTESIAN_POINT('Ctrl Pts',(2.63804370385938,-24.,2.52322816767577));
#4973=CARTESIAN_POINT('Ctrl Pts',(2.63918451631556,-24.,2.51782484495238));
#4974=CARTESIAN_POINT('Ctrl Pts',(2.64021865640548,-24.,2.51292676322407));
#4975=CARTESIAN_POINT('Ctrl Pts',(2.64112407684072,-24.,2.50818110460348));
#4976=CARTESIAN_POINT('Ctrl Pts',(2.64192190913887,-24.,2.50353152388899));
#4977=CARTESIAN_POINT('Ctrl Pts',(2.64253681415304,-24.,2.49994800075793));
#4978=CARTESIAN_POINT('Ctrl Pts',(2.64308882634578,-24.,2.49641707146634));
#4979=CARTESIAN_POINT('Ctrl Pts',(2.6435926376342,-24.,2.49290562677789));
#4980=CARTESIAN_POINT('Ctrl Pts',(2.64411447449163,-24.,2.48926854816654));
#4981=CARTESIAN_POINT('Ctrl Pts',(2.64458467976455,-24.,2.48565300847064));
#4982=CARTESIAN_POINT('Ctrl Pts',(2.64500640426699,-24.,2.48210064980053));
#4983=CARTESIAN_POINT('Ctrl Pts',(2.64546958929431,-24.,2.47819905210308));
#4984=CARTESIAN_POINT('Ctrl Pts',(2.64587345181181,-24.,2.47437987959487));
#4985=CARTESIAN_POINT('Ctrl Pts',(2.64621473288524,-24.,2.47072564976279));
#4986=CARTESIAN_POINT('Ctrl Pts',(2.64647554359099,-24.,2.46793304760672));
#4987=CARTESIAN_POINT('Ctrl Pts',(2.64669950960582,-24.,2.46523831748595));
#4988=CARTESIAN_POINT('Ctrl Pts',(2.64688793064627,-24.,2.46264909389121));
#4989=CARTESIAN_POINT('Ctrl Pts',(2.6471266934635,-24.,2.45936808918784));
#4990=CARTESIAN_POINT('Ctrl Pts',(2.64730805023649,-24.,2.45625419822337));
#4991=CARTESIAN_POINT('Ctrl Pts',(2.64744833942874,-24.,2.45322681098215));
#4992=CARTESIAN_POINT('Ctrl Pts',(2.64756064494118,-24.,2.45080330087391));
#4993=CARTESIAN_POINT('Ctrl Pts',(2.64764689372664,-24.,2.44843643580159));
#4994=CARTESIAN_POINT('Ctrl Pts',(2.64771362816243,-24.,2.44615052552758));
#4995=CARTESIAN_POINT('Ctrl Pts',(2.64779041360954,-24.,2.44352032958172));
#4996=CARTESIAN_POINT('Ctrl Pts',(2.64784121654239,-24.,2.44100335016266));
#4997=CARTESIAN_POINT('Ctrl Pts',(2.64787408786452,-24.,2.43865763564099));
#4998=CARTESIAN_POINT('Ctrl Pts',(2.64789968712155,-24.,2.43683085944031));
#4999=CARTESIAN_POINT('Ctrl Pts',(2.64791433332842,-24.,2.43510967287391));
#5000=CARTESIAN_POINT('Ctrl Pts',(2.64792227372663,-24.,2.43348607392161));
#5001=CARTESIAN_POINT('Ctrl Pts',(2.64792925104019,-24.,2.43205940000756));
#5002=CARTESIAN_POINT('Ctrl Pts',(2.64793102912568,-24.,2.43070855546095));
#5003=CARTESIAN_POINT('Ctrl Pts',(2.64793140321078,-24.,2.42938547777697));
#5004=CARTESIAN_POINT('Ctrl Pts',(2.64793150886755,-24.,2.42901178709772));
#5005=CARTESIAN_POINT('Ctrl Pts',(2.64793150965559,-24.,2.42864000204302));
#5006=CARTESIAN_POINT('Ctrl Pts',(2.64793150965559,-24.,2.42826824964511));
#5007=CARTESIAN_POINT('Ctrl Pts',(2.83001464933878,-23.9252770233081,2.42826824964511));
#5008=CARTESIAN_POINT('Ctrl Pts',(2.80862788254563,-23.946540590154,2.42826824964511));
#5009=CARTESIAN_POINT('Ctrl Pts',(2.74955019258122,-23.9875393648231,2.42826824964511));
#5010=CARTESIAN_POINT('Ctrl Pts',(2.68309445474611,-24.,2.42826824964511));
#5011=CARTESIAN_POINT('Ctrl Pts',(2.64793150965559,-24.,2.42826824964511));
#5012=CARTESIAN_POINT('Ctrl Pts',(2.82796131043007,-23.865674060751,2.72213119309196));
#5013=CARTESIAN_POINT('Ctrl Pts',(2.81423290051403,-23.8891705864667,2.71726946626775));
#5014=CARTESIAN_POINT('Ctrl Pts',(2.78257846685846,-23.9294770954435,2.7056769452658));
#5015=CARTESIAN_POINT('Ctrl Pts',(2.70003327889109,-23.9840879679791,2.67237391436797));
#5016=CARTESIAN_POINT('Ctrl Pts',(2.6324554022739,-24.,2.64253645285175));
#5017=CARTESIAN_POINT('Ctrl Pts',(2.60348235312548,-24.,2.62958405501769));
#5018=CARTESIAN_POINT('Ctrl Pts',(2.81335957237095,-23.8778250482409,2.73818504493125));
#5019=CARTESIAN_POINT('Ctrl Pts',(2.79916908016462,-23.8989209399035,2.7337668063959));
#5020=CARTESIAN_POINT('Ctrl Pts',(2.76680916382287,-23.9357828985332,2.72302316522104));
#5021=CARTESIAN_POINT('Ctrl Pts',(2.68356233283737,-23.986303281623,2.69397614377466));
#5022=CARTESIAN_POINT('Ctrl Pts',(2.61993716185571,-24.,2.66824447501613));
#5023=CARTESIAN_POINT('Ctrl Pts',(2.59227458970563,-24.,2.65679886077363));
#5024=CARTESIAN_POINT('Ctrl Pts',(2.78181979108244,-23.8978793603728,2.77002156716266));
#5025=CARTESIAN_POINT('Ctrl Pts',(2.7670798484217,-23.9154145637721,2.76611840565425));
#5026=CARTESIAN_POINT('Ctrl Pts',(2.73322020486693,-23.947435128193,2.75644216122979));
#5027=CARTESIAN_POINT('Ctrl Pts',(2.64808319932867,-23.9914652063113,2.73397383188079));
#5028=CARTESIAN_POINT('Ctrl Pts',(2.59452742453178,-24.,2.71317984129491));
#5029=CARTESIAN_POINT('Ctrl Pts',(2.56893529397159,-24.,2.70308183666706));
#5030=CARTESIAN_POINT('Ctrl Pts',(2.70066668634183,-23.9231520815421,2.84759090766801));
#5031=CARTESIAN_POINT('Ctrl Pts',(2.68451127545845,-23.9382087996542,2.8432601186761));
#5032=CARTESIAN_POINT('Ctrl Pts',(2.64655623325621,-23.9664974824834,2.83247841520639));
#5033=CARTESIAN_POINT('Ctrl Pts',(2.57995827521769,-23.9949593492059,2.8050021536242));
#5034=CARTESIAN_POINT('Ctrl Pts',(2.54080443486055,-24.,2.77929742431656));
#5035=CARTESIAN_POINT('Ctrl Pts',(2.51994425738193,-24.,2.76663662743672));
#5036=CARTESIAN_POINT('Ctrl Pts',(2.63814690241583,-23.9252972256563,2.90679422400035));
#5037=CARTESIAN_POINT('Ctrl Pts',(2.62556870472796,-23.9409755857037,2.89700220022447));
#5038=CARTESIAN_POINT('Ctrl Pts',(2.5968996482573,-23.9687833119652,2.87408181287371));
#5039=CARTESIAN_POINT('Ctrl Pts',(2.54755818496455,-23.994638387784,2.83228310056997));
#5040=CARTESIAN_POINT('Ctrl Pts',(2.51464867700694,-24.,2.8019264639604));
#5041=CARTESIAN_POINT('Ctrl Pts',(2.49872527268654,-24.,2.78711524258892));
#5042=CARTESIAN_POINT('Ctrl Pts',(2.61108663282572,-23.9252972256563,2.93090172227314));
#5043=CARTESIAN_POINT('Ctrl Pts',(2.60004399187336,-23.9418978421771,2.91850653975455));
#5044=CARTESIAN_POINT('Ctrl Pts',(2.57483232715779,-23.9703717799763,2.89020686152585));
#5045=CARTESIAN_POINT('Ctrl Pts',(2.53210640878174,-23.9952004117387,2.84224772214695));
#5046=CARTESIAN_POINT('Ctrl Pts',(2.50359682977555,-24.,2.81024618946702));
#5047=CARTESIAN_POINT('Ctrl Pts',(2.489952545145,-24.,2.79493070478714));
#5048=CARTESIAN_POINT('',(2.61108663282572,-23.9252972256563,2.93090172227314));
#5049=CARTESIAN_POINT('Ctrl Pts',(2.82796131043007,-23.865674060751,2.72213119309196));
#5050=CARTESIAN_POINT('Ctrl Pts',(2.81335957237095,-23.8778250482409,2.73818504493125));
#5051=CARTESIAN_POINT('Ctrl Pts',(2.78181979108244,-23.8978793603728,2.77002156716266));
#5052=CARTESIAN_POINT('Ctrl Pts',(2.70066668634183,-23.9231520815421,2.84759090766801));
#5053=CARTESIAN_POINT('Ctrl Pts',(2.63814690241583,-23.9252972256563,2.90679422400035));
#5054=CARTESIAN_POINT('Ctrl Pts',(2.61108663282571,-23.9252972256563,2.93090172227314));
#5055=CARTESIAN_POINT('',(2.489952545145,-24.,2.79493070478714));
#5056=CARTESIAN_POINT('Ctrl Pts',(2.489952545145,-24.,2.79493070478714));
#5057=CARTESIAN_POINT('Ctrl Pts',(2.51334274736881,-24.,2.82118582138122));
#5058=CARTESIAN_POINT('Ctrl Pts',(2.55754873740233,-23.9875394588911,2.87080631680838));
#5059=CARTESIAN_POINT('Ctrl Pts',(2.59684681542472,-23.9465406492842,2.91491776187107));
#5060=CARTESIAN_POINT('Ctrl Pts',(2.61107320765971,-23.9252769265171,2.9308866527455));
#5061=CARTESIAN_POINT('Ctrl Pts',(2.489952545145,-24.,2.79493070478714));
#5062=CARTESIAN_POINT('Ctrl Pts',(2.49166601086766,-24.,2.79340420957571));
#5063=CARTESIAN_POINT('Ctrl Pts',(2.49338237021326,-24.,2.79187394490232));
#5064=CARTESIAN_POINT('Ctrl Pts',(2.49517289333174,-24.,2.790233631844));
#5065=CARTESIAN_POINT('Ctrl Pts',(2.49704165784316,-24.,2.7885216411976));
#5066=CARTESIAN_POINT('Ctrl Pts',(2.49899105371393,-24.,2.78668998101621));
#5067=CARTESIAN_POINT('Ctrl Pts',(2.50106554397358,-24.,2.78466541929774));
#5068=CARTESIAN_POINT('Ctrl Pts',(2.5032554573334,-24.,2.78252821246614));
#5069=CARTESIAN_POINT('Ctrl Pts',(2.50558456978511,-24.,2.78017631127783));
#5070=CARTESIAN_POINT('Ctrl Pts',(2.50806800117304,-24.,2.77757189222216));
#5071=CARTESIAN_POINT('Ctrl Pts',(2.51074134225061,-24.,2.77476831146751));
#5072=CARTESIAN_POINT('Ctrl Pts',(2.51359321515469,-24.,2.77167250505525));
#5073=CARTESIAN_POINT('Ctrl Pts',(2.51660424253263,-24.,2.76828684670014));
#5074=CARTESIAN_POINT('Ctrl Pts',(2.52000765579055,-24.,2.76445998195057));
#5075=CARTESIAN_POINT('Ctrl Pts',(2.5236139244216,-24.,2.76026344994735));
#5076=CARTESIAN_POINT('Ctrl Pts',(2.52735355566399,-24.,2.75575416441564));
#5077=CARTESIAN_POINT('Ctrl Pts',(2.53410957042655,-24.,2.74760769283964));
#5078=CARTESIAN_POINT('Ctrl Pts',(2.54129711472937,-24.,2.73844599441437));
#5079=CARTESIAN_POINT('Ctrl Pts',(2.54837123657814,-24.,2.72877350685904));
#5080=CARTESIAN_POINT('Ctrl Pts',(2.55217165973203,-24.,2.72357716638783));
#5081=CARTESIAN_POINT('Ctrl Pts',(2.55593800624528,-24.,2.71823497670128));
#5082=CARTESIAN_POINT('Ctrl Pts',(2.5596033156749,-24.,2.7128008434018));
#5083=CARTESIAN_POINT('Ctrl Pts',(2.56288972770885,-24.,2.70792845775131));
#5084=CARTESIAN_POINT('Ctrl Pts',(2.56609448840492,-24.,2.70298269902608));
#5085=CARTESIAN_POINT('Ctrl Pts',(2.56919429203037,-24.,2.69796905520026));
#5086=CARTESIAN_POINT('Ctrl Pts',(2.57207932784071,-24.,2.69330277832419));
#5087=CARTESIAN_POINT('Ctrl Pts',(2.57487319148136,-24.,2.68857802609579));
#5088=CARTESIAN_POINT('Ctrl Pts',(2.57758449921059,-24.,2.68376281233775));
#5089=CARTESIAN_POINT('Ctrl Pts',(2.58045697163339,-24.,2.67866137417167));
#5090=CARTESIAN_POINT('Ctrl Pts',(2.58324013382776,-24.,2.67345224789675));
#5091=CARTESIAN_POINT('Ctrl Pts',(2.58596817719404,-24.,2.66807293113704));
#5092=CARTESIAN_POINT('Ctrl Pts',(2.58870157601631,-24.,2.66268305417345));
#5093=CARTESIAN_POINT('Ctrl Pts',(2.59137965892763,-24.,2.65712257010269));
#5094=CARTESIAN_POINT('Ctrl Pts',(2.59401528549298,-24.,2.6513822181173));
#5095=CARTESIAN_POINT('Ctrl Pts',(2.59688961995147,-24.,2.64512196420563));
#5096=CARTESIAN_POINT('Ctrl Pts',(2.59971331294553,-24.,2.63864822336307));
#5097=CARTESIAN_POINT('Ctrl Pts',(2.6024794948326,-24.,2.6320057147939));
#5098=CARTESIAN_POINT('Ctrl Pts',(2.60281465969266,-24.,2.63120087420644));
#5099=CARTESIAN_POINT('Ctrl Pts',(2.60314895612772,-24.,2.63039361301724));
#5100=CARTESIAN_POINT('Ctrl Pts',(2.60348235312548,-24.,2.62958405501769));
#5101=CARTESIAN_POINT('Ctrl Pts',(2.82796131043007,-23.865674060751,2.72213119309196));
#5102=CARTESIAN_POINT('Ctrl Pts',(2.81335957237095,-23.8778250482409,2.73818504493125));
#5103=CARTESIAN_POINT('Ctrl Pts',(2.78181979108244,-23.8978793603728,2.77002156716266));
#5104=CARTESIAN_POINT('Ctrl Pts',(2.70066668634183,-23.9231520815421,2.84759090766801));
#5105=CARTESIAN_POINT('Ctrl Pts',(2.63814690241583,-23.9252972256563,2.90679422400035));
#5106=CARTESIAN_POINT('Ctrl Pts',(2.61108663282571,-23.9252972256563,2.93090172227314));
#5107=CARTESIAN_POINT('Ctrl Pts',(2.82708798228699,-23.8543285225252,2.74304677175546));
#5108=CARTESIAN_POINT('Ctrl Pts',(2.81313969958844,-23.8661969720762,2.75758793375931));
#5109=CARTESIAN_POINT('Ctrl Pts',(2.78258627527935,-23.886192673439,2.78698082925456));
#5110=CARTESIAN_POINT('Ctrl Pts',(2.70457253581201,-23.9094764533055,2.86389790308354));
#5111=CARTESIAN_POINT('Ctrl Pts',(2.64771840348258,-23.9096188656088,2.91926485869543));
#5112=CARTESIAN_POINT('Ctrl Pts',(2.62212927377807,-23.9086966091354,2.94329690479172));
#5113=CARTESIAN_POINT('Ctrl Pts',(2.82470038988765,-23.8290124946914,2.77895580770513));
#5114=CARTESIAN_POINT('Ctrl Pts',(2.81164053721455,-23.8405485195916,2.79155930602102));
#5115=CARTESIAN_POINT('Ctrl Pts',(2.7815385831736,-23.8599318769519,2.82056997738502));
#5116=CARTESIAN_POINT('Ctrl Pts',(2.71070461351923,-23.8768629043553,2.89566745558872));
#5117=CARTESIAN_POINT('Ctrl Pts',(2.66380208054017,-23.873434397345,2.94217852927809));
#5118=CARTESIAN_POINT('Ctrl Pts',(2.64106998427648,-23.8707954241199,2.96455754023866));
#5119=CARTESIAN_POINT('Ctrl Pts',(2.81365457560235,-23.7628144784006,2.83145540999093));
#5120=CARTESIAN_POINT('Ctrl Pts',(2.80086637889661,-23.7751090152684,2.84428659619622));
#5121=CARTESIAN_POINT('Ctrl Pts',(2.77091441286107,-23.7951276712812,2.87522598526953));
#5122=CARTESIAN_POINT('Ctrl Pts',(2.71321026916609,-23.8120904235757,2.93206216882211));
#5123=CARTESIAN_POINT('Ctrl Pts',(2.67587265155384,-23.8094028759905,2.96605225736137));
#5124=CARTESIAN_POINT('Ctrl Pts',(2.65758585677715,-23.8065647215624,2.98309633498737));
#5125=CARTESIAN_POINT('Ctrl Pts',(2.79664777117117,-23.7094413988876,2.85989649606075));
#5126=CARTESIAN_POINT('Ctrl Pts',(2.78467221149521,-23.7239831458879,2.87160343288566));
#5127=CARTESIAN_POINT('Ctrl Pts',(2.75664025108682,-23.7487707287904,2.89870456664546));
#5128=CARTESIAN_POINT('Ctrl Pts',(2.70760599956644,-23.766272600579,2.94455672568843));
#5129=CARTESIAN_POINT('Ctrl Pts',(2.67574372511502,-23.7648452578567,2.97334781404787));
#5130=CARTESIAN_POINT('Ctrl Pts',(2.66077851711132,-23.7637057179695,2.98668004360676));
#5131=CARTESIAN_POINT('Ctrl Pts',(2.78537439530252,-23.6866689542379,2.87083428257242));
#5132=CARTESIAN_POINT('Ctrl Pts',(2.77384815352532,-23.7012915696827,2.88201740760168));
#5133=CARTESIAN_POINT('Ctrl Pts',(2.74696964411942,-23.7259195099304,2.90780967650532));
#5134=CARTESIAN_POINT('Ctrl Pts',(2.70233144928016,-23.7427420079877,2.94934140259986));
#5135=CARTESIAN_POINT('Ctrl Pts',(2.67397531314805,-23.743194,2.97492325986141));
#5136=CARTESIAN_POINT('Ctrl Pts',(2.66077851711132,-23.743194,2.98668004360676));
#5137=CARTESIAN_POINT('',(2.78537439530252,-23.6866689542379,2.87083428257242));
#5138=CARTESIAN_POINT('Ctrl Pts',(2.82796131043007,-23.865674060751,2.72213119309196));
#5139=CARTESIAN_POINT('Ctrl Pts',(2.82708798228699,-23.8543285225252,2.74304677175546));
#5140=CARTESIAN_POINT('Ctrl Pts',(2.82470038988765,-23.8290124946914,2.77895580770513));
#5141=CARTESIAN_POINT('Ctrl Pts',(2.81365457560235,-23.7628144784006,2.83145540999093));
#5142=CARTESIAN_POINT('Ctrl Pts',(2.79664777117117,-23.7094413988876,2.85989649606075));
#5143=CARTESIAN_POINT('Ctrl Pts',(2.78537439530252,-23.6866689542379,2.87083428257242));
#5144=CARTESIAN_POINT('',(2.66077851711132,-23.743194,2.98668004360676));
#5145=CARTESIAN_POINT('Ctrl Pts',(2.78537439530253,-23.6866689542379,2.87083428257242));
#5146=CARTESIAN_POINT('Ctrl Pts',(2.77943949936364,-23.6941981821247,2.87659250668425));
#5147=CARTESIAN_POINT('Ctrl Pts',(2.77298891485826,-23.7011325271644,2.88281474724187));
#5148=CARTESIAN_POINT('Ctrl Pts',(2.76619791331381,-23.7072963099878,2.88931637318905));
#5149=CARTESIAN_POINT('Ctrl Pts',(2.76103874996642,-23.711978971627,2.89425569621315));
#5150=CARTESIAN_POINT('Ctrl Pts',(2.75568482185541,-23.7162157521569,2.89935475116959));
#5151=CARTESIAN_POINT('Ctrl Pts',(2.750211747335,-23.7199569336392,2.90453702762085));
#5152=CARTESIAN_POINT('Ctrl Pts',(2.74532102437058,-23.723300042183,2.9091678943035));
#5153=CARTESIAN_POINT('Ctrl Pts',(2.74033570550221,-23.7262469501985,2.91386477370524));
#5154=CARTESIAN_POINT('Ctrl Pts',(2.73529647598625,-23.7287960635434,2.9185875331155));
#5155=CARTESIAN_POINT('Ctrl Pts',(2.73039506800749,-23.7312754593415,2.92318112635865));
#5156=CARTESIAN_POINT('Ctrl Pts',(2.72544077027505,-23.7333793639699,2.92780101688291));
#5157=CARTESIAN_POINT('Ctrl Pts',(2.72045852285401,-23.7351433315889,2.93242313205836));
#5158=CARTESIAN_POINT('Ctrl Pts',(2.71531358850869,-23.7369648986088,2.93719617464429));
#5159=CARTESIAN_POINT('Ctrl Pts',(2.71014193904288,-23.7384238439522,2.94196858058124));
#5160=CARTESIAN_POINT('Ctrl Pts',(2.70501380781494,-23.7395573876331,2.94667614432441));
#5161=CARTESIAN_POINT('Ctrl Pts',(2.70115535745237,-23.7404102757189,2.95021815606791));
#5162=CARTESIAN_POINT('Ctrl Pts',(2.6973238450885,-23.7410783363827,2.95372146249601));
#5163=CARTESIAN_POINT('Ctrl Pts',(2.693525039711,-23.7415895178709,2.95718157380467));
#5164=CARTESIAN_POINT('Ctrl Pts',(2.6903030525217,-23.742023080542,2.96011629490833));
#5165=CARTESIAN_POINT('Ctrl Pts',(2.68709792479356,-23.7423446249064,2.96302600446184));
#5166=CARTESIAN_POINT('Ctrl Pts',(2.68392076190463,-23.7425794122953,2.96590110148961));
#5167=CARTESIAN_POINT('Ctrl Pts',(2.68022149901221,-23.7428527820614,2.96924866033968));
#5168=CARTESIAN_POINT('Ctrl Pts',(2.67656611534126,-23.7430081852728,2.97254384189819));
#5169=CARTESIAN_POINT('Ctrl Pts',(2.67299352285312,-23.7430930058525,2.97575295123524));
#5170=CARTESIAN_POINT('Ctrl Pts',(2.67050664731398,-23.7431520493134,2.97798680677272));
#5171=CARTESIAN_POINT('Ctrl Pts',(2.66806059110531,-23.7431770543849,2.98017838064037));
#5172=CARTESIAN_POINT('Ctrl Pts',(2.66564482336727,-23.7431871353868,2.98233761932738));
#5173=CARTESIAN_POINT('Ctrl Pts',(2.66401393027373,-23.7431939411058,2.98379532877788));
#5174=CARTESIAN_POINT('Ctrl Pts',(2.66239637158038,-23.743194,2.98523872670899));
#5175=CARTESIAN_POINT('Ctrl Pts',(2.66077851711132,-23.743194,2.98668004360676));
#5176=CARTESIAN_POINT('Ctrl Pts',(2.61107320765971,-23.9252769265171,2.9308866527455));
#5177=CARTESIAN_POINT('Ctrl Pts',(2.6158142895072,-23.9181905866809,2.93620843900014));
#5178=CARTESIAN_POINT('Ctrl Pts',(2.64697239172336,-23.8657082656081,2.97118289534335));
#5179=CARTESIAN_POINT('Ctrl Pts',(2.66077851711132,-23.7959384176358,2.98668004360676));
#5180=CARTESIAN_POINT('Ctrl Pts',(2.66077851711132,-23.743194,2.98668004360676));
#5181=CARTESIAN_POINT('Ctrl Pts',(2.82796131043007,-23.865674060751,2.72213119309196));
#5182=CARTESIAN_POINT('Ctrl Pts',(2.82708798228699,-23.8543285225252,2.74304677175546));
#5183=CARTESIAN_POINT('Ctrl Pts',(2.82470038988765,-23.8290124946914,2.77895580770513));
#5184=CARTESIAN_POINT('Ctrl Pts',(2.81365457560235,-23.7628144784006,2.83145540999093));
#5185=CARTESIAN_POINT('Ctrl Pts',(2.79664777117117,-23.7094413988876,2.85989649606075));
#5186=CARTESIAN_POINT('Ctrl Pts',(2.78537439530252,-23.6866689542379,2.87083428257242));
#5187=CARTESIAN_POINT('Ctrl Pts',(2.84168972034611,-23.8421775350353,2.72699291991618));
#5188=CARTESIAN_POINT('Ctrl Pts',(2.83998539111582,-23.8311018928159,2.74529235317412));
#5189=CARTESIAN_POINT('Ctrl Pts',(2.83616307931128,-23.8059654454607,2.7775366226767));
#5190=CARTESIAN_POINT('Ctrl Pts',(2.82394170858462,-23.7403466194514,2.82426074015395));
#5191=CARTESIAN_POINT('Ctrl Pts',(2.80737073352839,-23.6923693802596,2.84940486884825));
#5192=CARTESIAN_POINT('Ctrl Pts',(2.79690063707973,-23.6720463387932,2.85965115754316));
#5193=CARTESIAN_POINT('Ctrl Pts',(2.86356483404702,-23.7916207848519,2.73444178224451));
#5194=CARTESIAN_POINT('Ctrl Pts',(2.86099336829718,-23.7807677500128,2.74868835800435));
#5195=CARTESIAN_POINT('Ctrl Pts',(2.85542510203343,-23.7549158503579,2.77473259070646));
#5196=CARTESIAN_POINT('Ctrl Pts',(2.84113463098066,-23.6893789539297,2.81194225138269));
#5197=CARTESIAN_POINT('Ctrl Pts',(2.82514642105116,-23.6543631948098,2.83177855081165));
#5198=CARTESIAN_POINT('Ctrl Pts',(2.81580133277313,-23.6386334317397,2.84104416787822));
#5199=CARTESIAN_POINT('Ctrl Pts',(2.88502945726669,-23.6628083415438,2.74148981950423));
#5200=CARTESIAN_POINT('Ctrl Pts',(2.88142202402627,-23.65341032275,2.75185566124136));
#5201=CARTESIAN_POINT('Ctrl Pts',(2.87287993319979,-23.6311840862712,2.77183743825291));
#5202=CARTESIAN_POINT('Ctrl Pts',(2.85420597435684,-23.5999873928927,2.80054364751606));
#5203=CARTESIAN_POINT('Ctrl Pts',(2.83813479319835,-23.5873681007602,2.818716143299));
#5204=CARTESIAN_POINT('Ctrl Pts',(2.82915193413915,-23.5799128533276,2.82770385274445));
#5205=CARTESIAN_POINT('Ctrl Pts',(2.88536415581346,-23.5684432629466,2.74403410632889));
#5206=CARTESIAN_POINT('Ctrl Pts',(2.88129814327869,-23.5658695355052,2.75385606899575));
#5207=CARTESIAN_POINT('Ctrl Pts',(2.87176520793498,-23.5601872822142,2.77337570491027));
#5208=CARTESIAN_POINT('Ctrl Pts',(2.85312733994561,-23.5511246668456,2.80151028401791));
#5209=CARTESIAN_POINT('Ctrl Pts',(2.8378738255624,-23.5458909189616,2.8189730957957));
#5210=CARTESIAN_POINT('Ctrl Pts',(2.82959580471179,-23.5433926912252,2.82725796169318));
#5211=CARTESIAN_POINT('Ctrl Pts',(2.88536415581346,-23.5257184899796,2.74403410632889));
#5212=CARTESIAN_POINT('Ctrl Pts',(2.88105896607076,-23.5257184899796,2.75443383150557));
#5213=CARTESIAN_POINT('Ctrl Pts',(2.87105372066036,-23.5257184899796,2.77465549470452));
#5214=CARTESIAN_POINT('Ctrl Pts',(2.85221559953598,-23.5257184899796,2.80264461373887));
#5215=CARTESIAN_POINT('Ctrl Pts',(2.83743814025447,-23.5257184899796,2.81940914136925));
#5216=CARTESIAN_POINT('Ctrl Pts',(2.82959580471179,-23.5257184899796,2.82725796169318));
#5217=CARTESIAN_POINT('',(2.88536415581346,-23.5257184899796,2.74403410632889));
#5218=CARTESIAN_POINT('Ctrl Pts',(2.82796131043007,-23.865674060751,2.72213119309196));
#5219=CARTESIAN_POINT('Ctrl Pts',(2.84168972034611,-23.8421775350353,2.72699291991618));
#5220=CARTESIAN_POINT('Ctrl Pts',(2.86356483404702,-23.7916207848519,2.73444178224451));
#5221=CARTESIAN_POINT('Ctrl Pts',(2.88502945726669,-23.6628083415438,2.74148981950423));
#5222=CARTESIAN_POINT('Ctrl Pts',(2.88536415581346,-23.5684432629466,2.74403410632889));
#5223=CARTESIAN_POINT('Ctrl Pts',(2.88536415581346,-23.5257184899796,2.74403410632889));
#5224=CARTESIAN_POINT('',(2.82959580471179,-23.5257184899796,2.82725796169318));
#5225=CARTESIAN_POINT('Ctrl Pts',(2.82959580471179,-23.5257184899796,2.82725796169318));
#5226=CARTESIAN_POINT('Ctrl Pts',(2.85312194384943,-23.5257184899796,2.80371236892913));
#5227=CARTESIAN_POINT('Ctrl Pts',(2.87238612663978,-23.5257184899796,2.77517284176004));
#5228=CARTESIAN_POINT('Ctrl Pts',(2.88534970159378,-23.5257184899796,2.74402808995865));
#5229=CARTESIAN_POINT('Ctrl Pts',(2.82959580471179,-23.5257184899796,2.82725796169318));
#5230=CARTESIAN_POINT('Ctrl Pts',(2.82959580471179,-23.5307623513754,2.82725796169318));
#5231=CARTESIAN_POINT('Ctrl Pts',(2.82959430120272,-23.5358102686083,2.82725946810412));
#5232=CARTESIAN_POINT('Ctrl Pts',(2.82952583220377,-23.54091969075,2.8273279903279));
#5233=CARTESIAN_POINT('Ctrl Pts',(2.82945349370543,-23.5463178699371,2.82740038505904));
#5234=CARTESIAN_POINT('Ctrl Pts',(2.82930642875968,-23.5517842929688,2.8275475748221));
#5235=CARTESIAN_POINT('Ctrl Pts',(2.82902746902538,-23.5573356833373,2.82782665301462));
#5236=CARTESIAN_POINT('Ctrl Pts',(2.82871191561646,-23.5636152998542,2.828142340421));
#5237=CARTESIAN_POINT('Ctrl Pts',(2.8282274183793,-23.5700033201719,2.82862699491678));
#5238=CARTESIAN_POINT('Ctrl Pts',(2.827517808858,-23.5764652813097,2.8293361483908));
#5239=CARTESIAN_POINT('Ctrl Pts',(2.82671135837243,-23.5838091113189,2.83014208059196));
#5240=CARTESIAN_POINT('Ctrl Pts',(2.82561409423003,-23.5912468391815,2.83123808627463));
#5241=CARTESIAN_POINT('Ctrl Pts',(2.82417829755909,-23.5986713139629,2.83266957896544));
#5242=CARTESIAN_POINT('Ctrl Pts',(2.82261837815321,-23.6067376248301,2.83422482231777));
#5243=CARTESIAN_POINT('Ctrl Pts',(2.82065940469927,-23.6147840813021,2.83617556145186));
#5244=CARTESIAN_POINT('Ctrl Pts',(2.81827470154561,-23.6226581524979,2.83854323670224));
#5245=CARTESIAN_POINT('Ctrl Pts',(2.8161723242835,-23.629600009482,2.84063060200085));
#5246=CARTESIAN_POINT('Ctrl Pts',(2.81374006827236,-23.6364054447543,2.84304097040744));
#5247=CARTESIAN_POINT('Ctrl Pts',(2.81097263329506,-23.6430051115015,2.8457745614975));
#5248=CARTESIAN_POINT('Ctrl Pts',(2.80815698050927,-23.6497197661238,2.84855578072434));
#5249=CARTESIAN_POINT('Ctrl Pts',(2.80499261678253,-23.656226306347,2.85167328864137));
#5250=CARTESIAN_POINT('Ctrl Pts',(2.80148671116316,-23.6624985047784,2.85511334401566));
#5251=CARTESIAN_POINT('Ctrl Pts',(2.79777720735956,-23.6691349481013,2.85875317345801));
#5252=CARTESIAN_POINT('Ctrl Pts',(2.79368569288861,-23.6755088310766,2.86275362793343));
#5253=CARTESIAN_POINT('Ctrl Pts',(2.789262328461,-23.6815512215235,2.86705696891924));
#5254=CARTESIAN_POINT('Ctrl Pts',(2.78799291520855,-23.6832852614461,2.86829193794938));
#5255=CARTESIAN_POINT('Ctrl Pts',(2.78669638885396,-23.6849918244591,2.86955164253594));
#5256=CARTESIAN_POINT('Ctrl Pts',(2.78537439530253,-23.6866689542379,2.87083428257242));
#5257=CARTESIAN_POINT('Ctrl Pts',(2.82796131043007,-23.865674060751,2.72213119309196));
#5258=CARTESIAN_POINT('Ctrl Pts',(2.84168972034611,-23.8421775350353,2.72699291991618));
#5259=CARTESIAN_POINT('Ctrl Pts',(2.86356483404702,-23.7916207848519,2.73444178224451));
#5260=CARTESIAN_POINT('Ctrl Pts',(2.88502945726669,-23.6628083415438,2.74148981950423));
#5261=CARTESIAN_POINT('Ctrl Pts',(2.88536415581346,-23.5684432629466,2.74403410632889));
#5262=CARTESIAN_POINT('Ctrl Pts',(2.88536415581346,-23.5257184899796,2.74403410632889));
#5263=CARTESIAN_POINT('Ctrl Pts',(2.84256304848919,-23.8535230732611,2.70607734125268));
#5264=CARTESIAN_POINT('Ctrl Pts',(2.85373084663529,-23.830266470026,2.71221160266315));
#5265=CARTESIAN_POINT('Ctrl Pts',(2.87175907582965,-23.7799688125525,2.72205592574641));
#5266=CARTESIAN_POINT('Ctrl Pts',(2.88927944350387,-23.6534933736338,2.73158315329906));
#5267=CARTESIAN_POINT('Ctrl Pts',(2.88943016834823,-23.5662697933918,2.73421214366202));
#5268=CARTESIAN_POINT('Ctrl Pts',(2.88966934555616,-23.5257184899796,2.7336343811522));
#5269=CARTESIAN_POINT('Ctrl Pts',(2.86737705310411,-23.8265604405059,2.67661409558708));
#5270=CARTESIAN_POINT('Ctrl Pts',(2.87446357815648,-23.8035411420259,2.68471359077907));
#5271=CARTESIAN_POINT('Ctrl Pts',(2.88613691059083,-23.7525892057798,2.69810140192673));
#5272=CARTESIAN_POINT('Ctrl Pts',(2.89666676720166,-23.631982066471,2.71081456682281));
#5273=CARTESIAN_POINT('Ctrl Pts',(2.89648334139661,-23.5612650623128,2.71366595685151));
#5274=CARTESIAN_POINT('Ctrl Pts',(2.89688461001603,-23.5257184899796,2.71225774537788));
#5275=CARTESIAN_POINT('Ctrl Pts',(2.89650180937421,-23.7565863326067,2.63039148570201));
#5276=CARTESIAN_POINT('Ctrl Pts',(2.89858334081934,-23.7348366085582,2.640543321156));
#5277=CARTESIAN_POINT('Ctrl Pts',(2.90195920097461,-23.6859506925438,2.65784349666508));
#5278=CARTESIAN_POINT('Ctrl Pts',(2.9032597260343,-23.602563694286,2.67667850352953));
#5279=CARTESIAN_POINT('Ctrl Pts',(2.90318486132397,-23.552679400689,2.68059006993345));
#5280=CARTESIAN_POINT('Ctrl Pts',(2.90334165779814,-23.5257184899796,2.67914321494552));
#5281=CARTESIAN_POINT('Ctrl Pts',(2.90473750965559,-23.702363170329,2.59778433309406));
#5282=CARTESIAN_POINT('Ctrl Pts',(2.90473750965559,-23.686432112533,2.61028997321374));
#5283=CARTESIAN_POINT('Ctrl Pts',(2.90473750965559,-23.6512724221927,2.63202584312858));
#5284=CARTESIAN_POINT('Ctrl Pts',(2.90473750965559,-23.5900716979234,2.65311835253128));
#5285=CARTESIAN_POINT('Ctrl Pts',(2.90473750965559,-23.5472831251044,2.65745549020129));
#5286=CARTESIAN_POINT('Ctrl Pts',(2.90473750965559,-23.5257184899796,2.65683908333099));
#5287=CARTESIAN_POINT('Ctrl Pts',(2.90473750965559,-23.679496897857,2.58204665752255));
#5288=CARTESIAN_POINT('Ctrl Pts',(2.90473750965559,-23.6660772001773,2.59546635520223));
#5289=CARTESIAN_POINT('Ctrl Pts',(2.90473750965559,-23.6357057149883,2.61877114604715));
#5290=CARTESIAN_POINT('Ctrl Pts',(2.90473750965559,-23.5826516672136,2.64074685217425));
#5291=CARTESIAN_POINT('Ctrl Pts',(2.90473750965559,-23.5446968084411,2.64574375966553));
#5292=CARTESIAN_POINT('Ctrl Pts',(2.90473750965559,-23.5257184899796,2.64574375966553));
#5293=CARTESIAN_POINT('',(2.90473750965559,-23.679496897857,2.58204665752255));
#5294=CARTESIAN_POINT('Ctrl Pts',(2.8279613105117,-23.8656740606831,2.72213119300221));
#5295=CARTESIAN_POINT('Ctrl Pts',(2.84256304853543,-23.8535230732108,2.70607734119777));
#5296=CARTESIAN_POINT('Ctrl Pts',(2.86737705312221,-23.8265604404624,2.67661409555837));
#5297=CARTESIAN_POINT('Ctrl Pts',(2.89650180937421,-23.7565863326067,2.63039148570201));
#5298=CARTESIAN_POINT('Ctrl Pts',(2.90473750965559,-23.702363170329,2.59778433309406));
#5299=CARTESIAN_POINT('Ctrl Pts',(2.90473750965559,-23.679496897857,2.58204665752255));
#5300=CARTESIAN_POINT('',(2.90473750965559,-23.5257184899796,2.64574375966554));
#5301=CARTESIAN_POINT('Origin',(2.90473750965559,-23.5257184899796,2.42826824964511));
#5302=CARTESIAN_POINT('Ctrl Pts',(2.88534970159378,-23.5257184899796,2.74402808995865));
#5303=CARTESIAN_POINT('Ctrl Pts',(2.88720218717235,-23.5257184899796,2.73957752722692));
#5304=CARTESIAN_POINT('Ctrl Pts',(2.89926629940374,-23.5257184899796,2.70805816640597));
#5305=CARTESIAN_POINT('Ctrl Pts',(2.90473750965559,-23.5257184899796,2.67427459194814));
#5306=CARTESIAN_POINT('Ctrl Pts',(2.90473750965559,-23.5257184899796,2.64574375966554));
#5307=CARTESIAN_POINT('Ctrl Pts',(2.83024453131841,-23.8650908795203,-2.7178735164479));
#5308=CARTESIAN_POINT('Ctrl Pts',(2.81960981787825,-23.8742586925025,-2.72938652196707));
#5309=CARTESIAN_POINT('Ctrl Pts',(2.79561954260602,-23.8904163752048,-2.75447008409829));
#5310=CARTESIAN_POINT('Ctrl Pts',(2.74956132724807,-23.9099240923543,-2.80046938620567));
#5311=CARTESIAN_POINT('Ctrl Pts',(2.68413177351428,-23.925239189503,-2.86432303621571));
#5312=CARTESIAN_POINT('Ctrl Pts',(2.64166474247388,-23.9252972256563,-2.90349173328724));
#5313=CARTESIAN_POINT('Ctrl Pts',(2.62199590799206,-23.9252972256563,-2.92114631064897));
#5314=CARTESIAN_POINT('Ctrl Pts',(2.81685001974746,-23.8886992836581,-2.71249065102766));
#5315=CARTESIAN_POINT('Ctrl Pts',(2.80588622817469,-23.896051379764,-2.72430529801782));
#5316=CARTESIAN_POINT('Ctrl Pts',(2.7813834421861,-23.9092064310061,-2.74993621321701));
#5317=CARTESIAN_POINT('Ctrl Pts',(2.73416569364479,-23.9262103263641,-2.79660835205739));
#5318=CARTESIAN_POINT('Ctrl Pts',(2.6696783894794,-23.940318565117,-2.85764331085957));
#5319=CARTESIAN_POINT('Ctrl Pts',(2.62947666673897,-23.9412061498221,-2.893053991406));
#5320=CARTESIAN_POINT('Ctrl Pts',(2.61090713022939,-23.9418978421771,-2.90879238509467));
#5321=CARTESIAN_POINT('Ctrl Pts',(2.78592398623218,-23.9291203611009,-2.69984413004456));
#5322=CARTESIAN_POINT('Ctrl Pts',(2.77445751562758,-23.9338437171409,-2.71222173230339));
#5323=CARTESIAN_POINT('Ctrl Pts',(2.74880485740031,-23.9427359078239,-2.73898614670422));
#5324=CARTESIAN_POINT('Ctrl Pts',(2.69788268707452,-23.9567829345578,-2.78732018488236));
#5325=CARTESIAN_POINT('Ctrl Pts',(2.63618045914306,-23.9679332471917,-2.84147041561898));
#5326=CARTESIAN_POINT('Ctrl Pts',(2.60166712177974,-23.969180428968,-2.86881592588391));
#5327=CARTESIAN_POINT('Ctrl Pts',(2.58559012967997,-23.9703717799763,-2.88058690143001));
#5328=CARTESIAN_POINT('Ctrl Pts',(2.7047281019046,-23.9839824158775,-2.66412651734462));
#5329=CARTESIAN_POINT('Ctrl Pts',(2.69264397661846,-23.9856544400699,-2.67957875341374));
#5330=CARTESIAN_POINT('Ctrl Pts',(2.66519087104834,-23.9892496463901,-2.71325282276978));
#5331=CARTESIAN_POINT('Ctrl Pts',(2.61983778290231,-23.9938677723652,-2.76490085906917));
#5332=CARTESIAN_POINT('Ctrl Pts',(2.57944241757237,-23.9944667791472,-2.80635750179325));
#5333=CARTESIAN_POINT('Ctrl Pts',(2.55392886536602,-23.9947788937727,-2.82555595597031));
#5334=CARTESIAN_POINT('Ctrl Pts',(2.54268569987716,-23.9952004117387,-2.83278739249602));
#5335=CARTESIAN_POINT('Ctrl Pts',(2.63756826506024,-24.,-2.63401195279757));
#5336=CARTESIAN_POINT('Ctrl Pts',(2.62842638616529,-24.,-2.65245888801721));
#5337=CARTESIAN_POINT('Ctrl Pts',(2.60738643751382,-24.,-2.691612235017));
#5338=CARTESIAN_POINT('Ctrl Pts',(2.57485400630362,-24.,-2.7420365166958));
#5339=CARTESIAN_POINT('Ctrl Pts',(2.54213587493855,-24.,-2.7784477482558));
#5340=CARTESIAN_POINT('Ctrl Pts',(2.52206311886412,-24.,-2.79485460224283));
#5341=CARTESIAN_POINT('Ctrl Pts',(2.51405700615517,-24.,-2.80089237588299));
#5342=CARTESIAN_POINT('Ctrl Pts',(2.60870478439342,-24.,-2.62120588632077));
#5343=CARTESIAN_POINT('Ctrl Pts',(2.60056200121024,-24.,-2.64070769615025));
#5344=CARTESIAN_POINT('Ctrl Pts',(2.58109056108723,-24.,-2.6815532735857));
#5345=CARTESIAN_POINT('Ctrl Pts',(2.55185858008261,-24.,-2.73060037967385));
#5346=CARTESIAN_POINT('Ctrl Pts',(2.52315731239011,-24.,-2.76475866530525));
#5347=CARTESIAN_POINT('Ctrl Pts',(2.5066825960851,-24.,-2.77994891393164));
#5348=CARTESIAN_POINT('Ctrl Pts',(2.50035571489236,-24.,-2.78562786829871));
#5349=CARTESIAN_POINT('',(2.83024453131841,-23.8650908795203,-2.7178735164479));
#5350=CARTESIAN_POINT('',(2.62199590799206,-23.9252972256563,-2.92114631064897));
#5351=CARTESIAN_POINT('Ctrl Pts',(2.83024453131841,-23.8650908795203,-2.7178735164479));
#5352=CARTESIAN_POINT('Ctrl Pts',(2.81960981787825,-23.8742586925025,-2.72938652196707));
#5353=CARTESIAN_POINT('Ctrl Pts',(2.79561954260602,-23.8904163752048,-2.75447008409829));
#5354=CARTESIAN_POINT('Ctrl Pts',(2.74956132724807,-23.9099240923543,-2.80046938620567));
#5355=CARTESIAN_POINT('Ctrl Pts',(2.68413177351428,-23.925239189503,-2.86432303621571));
#5356=CARTESIAN_POINT('Ctrl Pts',(2.64166474247388,-23.9252972256563,-2.90349173328724));
#5357=CARTESIAN_POINT('Ctrl Pts',(2.62199590799206,-23.9252972256563,-2.92114631064897));
#5358=CARTESIAN_POINT('',(2.60870478439342,-24.,-2.62120588632077));
#5359=CARTESIAN_POINT('Ctrl Pts',(2.83024453131841,-23.8650908795203,-2.7178735164479));
#5360=CARTESIAN_POINT('Ctrl Pts',(2.81685001974746,-23.8886992836581,-2.71249065102766));
#5361=CARTESIAN_POINT('Ctrl Pts',(2.78592398623218,-23.9291203611009,-2.69984413004456));
#5362=CARTESIAN_POINT('Ctrl Pts',(2.7047281019046,-23.9839824158775,-2.66412651734462));
#5363=CARTESIAN_POINT('Ctrl Pts',(2.63756826506024,-24.,-2.63401195279757));
#5364=CARTESIAN_POINT('Ctrl Pts',(2.60870478439342,-24.,-2.62120588632077));
#5365=CARTESIAN_POINT('',(2.50035571489236,-24.,-2.78562786829871));
#5366=CARTESIAN_POINT('Ctrl Pts',(2.60870478439342,-24.,-2.62120588632077));
#5367=CARTESIAN_POINT('Ctrl Pts',(2.60562293306497,-24.,-2.62858686125013));
#5368=CARTESIAN_POINT('Ctrl Pts',(2.60233247681686,-24.,-2.63606074720566));
#5369=CARTESIAN_POINT('Ctrl Pts',(2.59889349361184,-24.,-2.6435211023886));
#5370=CARTESIAN_POINT('Ctrl Pts',(2.5941418321373,-24.,-2.65382911501785));
#5371=CARTESIAN_POINT('Ctrl Pts',(2.58910878586191,-24.,-2.66410726092764));
#5372=CARTESIAN_POINT('Ctrl Pts',(2.58398952271311,-24.,-2.67397927033805));
#5373=CARTESIAN_POINT('Ctrl Pts',(2.58019789201552,-24.,-2.68129106753218));
#5374=CARTESIAN_POINT('Ctrl Pts',(2.57636045716612,-24.,-2.68837644004814));
#5375=CARTESIAN_POINT('Ctrl Pts',(2.57254473693884,-24.,-2.69510195974039));
#5376=CARTESIAN_POINT('Ctrl Pts',(2.56920598173996,-24.,-2.70098678947111));
#5377=CARTESIAN_POINT('Ctrl Pts',(2.56588422772875,-24.,-2.70659520547084));
#5378=CARTESIAN_POINT('Ctrl Pts',(2.562604899921,-24.,-2.71187774168149));
#5379=CARTESIAN_POINT('Ctrl Pts',(2.55973548808922,-24.,-2.71649996086582));
#5380=CARTESIAN_POINT('Ctrl Pts',(2.55689856169138,-24.,-2.72087262517403));
#5381=CARTESIAN_POINT('Ctrl Pts',(2.5540930164347,-24.,-2.72500025729277));
#5382=CARTESIAN_POINT('Ctrl Pts',(2.55134017592957,-24.,-2.72905034804063));
#5383=CARTESIAN_POINT('Ctrl Pts',(2.54861781240313,-24.,-2.73286394450923));
#5384=CARTESIAN_POINT('Ctrl Pts',(2.54590389521637,-24.,-2.73648945773693));
#5385=CARTESIAN_POINT('Ctrl Pts',(2.54379219846952,-24.,-2.73931046661883));
#5386=CARTESIAN_POINT('Ctrl Pts',(2.54168513303846,-24.,-2.74201854154447));
#5387=CARTESIAN_POINT('Ctrl Pts',(2.53956207919788,-24.,-2.74465840834785));
#5388=CARTESIAN_POINT('Ctrl Pts',(2.53766939240721,-24.,-2.74701183007103));
#5389=CARTESIAN_POINT('Ctrl Pts',(2.53576122419782,-24.,-2.74931537105074));
#5390=CARTESIAN_POINT('Ctrl Pts',(2.53384731278732,-24.,-2.75156848224323));
#5391=CARTESIAN_POINT('Ctrl Pts',(2.53063139660862,-24.,-2.75535435064684));
#5392=CARTESIAN_POINT('Ctrl Pts',(2.5274051010371,-24.,-2.75899080132865));
#5393=CARTESIAN_POINT('Ctrl Pts',(2.524300268494,-24.,-2.76234748438702));
#5394=CARTESIAN_POINT('Ctrl Pts',(2.52252587874199,-24.,-2.76426580492021));
#5395=CARTESIAN_POINT('Ctrl Pts',(2.52079203438507,-24.,-2.766091289983));
#5396=CARTESIAN_POINT('Ctrl Pts',(2.51910132109552,-24.,-2.76782703414331));
#5397=CARTESIAN_POINT('Ctrl Pts',(2.51748343394892,-24.,-2.76948801249139));
#5398=CARTESIAN_POINT('Ctrl Pts',(2.51589929450731,-24.,-2.77107319215615));
#5399=CARTESIAN_POINT('Ctrl Pts',(2.51434825577892,-24.,-2.77259459750771));
#5400=CARTESIAN_POINT('Ctrl Pts',(2.51182217698005,-24.,-2.77507241429766));
#5401=CARTESIAN_POINT('Ctrl Pts',(2.50939151298329,-24.,-2.77737409086622));
#5402=CARTESIAN_POINT('Ctrl Pts',(2.50715872893568,-24.,-2.77944429231431));
#5403=CARTESIAN_POINT('Ctrl Pts',(2.50591661058441,-24.,-2.7805959644665));
#5404=CARTESIAN_POINT('Ctrl Pts',(2.50473654908449,-24.,-2.78167508607874));
#5405=CARTESIAN_POINT('Ctrl Pts',(2.50361174929924,-24.,-2.78269484556523));
#5406=CARTESIAN_POINT('Ctrl Pts',(2.50259399526722,-24.,-2.78361755584902));
#5407=CARTESIAN_POINT('Ctrl Pts',(2.50162198601032,-24.,-2.78449117235362));
#5408=CARTESIAN_POINT('Ctrl Pts',(2.50065932936416,-24.,-2.78535533683314));
#5409=CARTESIAN_POINT('Ctrl Pts',(2.5005580786665,-24.,-2.78544622828109));
#5410=CARTESIAN_POINT('Ctrl Pts',(2.50045689655209,-24.,-2.78553704850759));
#5411=CARTESIAN_POINT('Ctrl Pts',(2.50035571489236,-24.,-2.78562786829871));
#5412=CARTESIAN_POINT('Ctrl Pts',(2.62198242673496,-23.925276926517,-2.92113129127979));
#5413=CARTESIAN_POINT('Ctrl Pts',(2.60769659578753,-23.9465406492841,-2.90521555234236));
#5414=CARTESIAN_POINT('Ctrl Pts',(2.56823432805914,-23.9875394588911,-2.86125093079841));
#5415=CARTESIAN_POINT('Ctrl Pts',(2.52384364277148,-24.,-2.81179559558603));
#5416=CARTESIAN_POINT('Ctrl Pts',(2.50035571489238,-24.,-2.7856278682987));
#5417=CARTESIAN_POINT('Ctrl Pts',(2.83024453131841,-23.8650908795203,-2.7178735164479));
#5418=CARTESIAN_POINT('Ctrl Pts',(2.81685001974746,-23.8886992836581,-2.71249065102766));
#5419=CARTESIAN_POINT('Ctrl Pts',(2.78592398623218,-23.9291203611009,-2.69984413004456));
#5420=CARTESIAN_POINT('Ctrl Pts',(2.7047281019046,-23.9839824158775,-2.66412651734462));
#5421=CARTESIAN_POINT('Ctrl Pts',(2.63756826506024,-24.,-2.63401195279757));
#5422=CARTESIAN_POINT('Ctrl Pts',(2.60870478439342,-24.,-2.62120588632077));
#5423=CARTESIAN_POINT('Ctrl Pts',(2.83102963766767,-23.8764755330151,-2.69713997700211));
#5424=CARTESIAN_POINT('Ctrl Pts',(2.81771994916015,-23.897756694303,-2.69112668595963));
#5425=CARTESIAN_POINT('Ctrl Pts',(2.78702003370211,-23.9350697218484,-2.67723725974749));
#5426=CARTESIAN_POINT('Ctrl Pts',(2.7082631673455,-23.9862345945441,-2.63785274990186));
#5427=CARTESIAN_POINT('Ctrl Pts',(2.64655038351274,-24.,-2.60799314289618));
#5428=CARTESIAN_POINT('Ctrl Pts',(2.61956182863766,-24.,-2.5952034732148));
#5429=CARTESIAN_POINT('Ctrl Pts',(2.83081207785215,-23.8951820493106,-2.65483605763328));
#5430=CARTESIAN_POINT('Ctrl Pts',(2.81757536495779,-23.9132153175866,-2.64793103739087));
#5431=CARTESIAN_POINT('Ctrl Pts',(2.78667353549269,-23.9464114289309,-2.63165307197306));
#5432=CARTESIAN_POINT('Ctrl Pts',(2.71114143260363,-23.9914736531129,-2.58558728106835));
#5433=CARTESIAN_POINT('Ctrl Pts',(2.65970092349653,-24.,-2.55971144005101));
#5434=CARTESIAN_POINT('Ctrl Pts',(2.63498920323533,-24.,-2.54750480569156));
#5435=CARTESIAN_POINT('Ctrl Pts',(2.82909768866131,-23.9201711592955,-2.54789467376362));
#5436=CARTESIAN_POINT('Ctrl Pts',(2.81483031534727,-23.9361713837873,-2.53914373180415));
#5437=CARTESIAN_POINT('Ctrl Pts',(2.78083708113927,-23.965752071174,-2.51850130166883));
#5438=CARTESIAN_POINT('Ctrl Pts',(2.71551614700528,-23.9949481743358,-2.48694307214955));
#5439=CARTESIAN_POINT('Ctrl Pts',(2.67037497738508,-24.,-2.47504667072779));
#5440=CARTESIAN_POINT('Ctrl Pts',(2.64701081068637,-24.,-2.46807125613476));
#5441=CARTESIAN_POINT('Ctrl Pts',(2.83003473531185,-23.9252972256561,-2.46474512277856));
#5442=CARTESIAN_POINT('Ctrl Pts',(2.8143563752644,-23.9409755857036,-2.46158999894634));
#5443=CARTESIAN_POINT('Ctrl Pts',(2.77817190700059,-23.9687833119652,-2.45502167728497));
#5444=CARTESIAN_POINT('Ctrl Pts',(2.71414038564603,-23.994638387784,-2.44581457636451));
#5445=CARTESIAN_POINT('Ctrl Pts',(2.66958276751225,-24.,-2.4415777703586));
#5446=CARTESIAN_POINT('Ctrl Pts',(2.64793150965559,-24.,-2.439603931624));
#5447=CARTESIAN_POINT('Ctrl Pts',(2.83003473531185,-23.9252972256561,-2.42826824964538));
#5448=CARTESIAN_POINT('Ctrl Pts',(2.81343411879102,-23.941897842177,-2.42826824964538));
#5449=CARTESIAN_POINT('Ctrl Pts',(2.77553293377553,-23.9703717799762,-2.42826824964538));
#5450=CARTESIAN_POINT('Ctrl Pts',(2.71130223121794,-23.9952004117387,-2.42826824964538));
#5451=CARTESIAN_POINT('Ctrl Pts',(2.66844322762506,-24.,-2.42826824964538));
#5452=CARTESIAN_POINT('Ctrl Pts',(2.64793150965559,-24.,-2.42826824964538));
#5453=CARTESIAN_POINT('',(2.83003473531185,-23.9252972256561,-2.42826824964538));
#5454=CARTESIAN_POINT('Ctrl Pts',(2.83024453131841,-23.8650908795203,-2.7178735164479));
#5455=CARTESIAN_POINT('Ctrl Pts',(2.83102963766767,-23.8764755330151,-2.69713997700211));
#5456=CARTESIAN_POINT('Ctrl Pts',(2.83081207785215,-23.8951820493105,-2.65483605763328));
#5457=CARTESIAN_POINT('Ctrl Pts',(2.82909768866131,-23.9201711592955,-2.54789467376362));
#5458=CARTESIAN_POINT('Ctrl Pts',(2.83003473531185,-23.9252972256561,-2.46474512277856));
#5459=CARTESIAN_POINT('Ctrl Pts',(2.83003473531185,-23.9252972256561,-2.42826824964538));
#5460=CARTESIAN_POINT('',(2.64793150965559,-24.,-2.42826824964538));
#5461=CARTESIAN_POINT('Ctrl Pts',(2.64793150965559,-24.,-2.42826824964538));
#5462=CARTESIAN_POINT('Ctrl Pts',(2.68309445474611,-24.,-2.42826824964538));
#5463=CARTESIAN_POINT('Ctrl Pts',(2.74955019258125,-23.9875393648231,-2.42826824964538));
#5464=CARTESIAN_POINT('Ctrl Pts',(2.80862788254568,-23.9465405901539,-2.42826824964538));
#5465=CARTESIAN_POINT('Ctrl Pts',(2.83001464933884,-23.9252770233081,-2.42826824964538));
#5466=CARTESIAN_POINT('Ctrl Pts',(2.64793150965559,-24.,-2.42826824964538));
#5467=CARTESIAN_POINT('Ctrl Pts',(2.64793150965559,-24.,-2.43049559708928));
#5468=CARTESIAN_POINT('Ctrl Pts',(2.64793078811836,-24.,-2.43272762695426));
#5469=CARTESIAN_POINT('Ctrl Pts',(2.64790336115096,-24.,-2.43509111319652));
#5470=CARTESIAN_POINT('Ctrl Pts',(2.64787476926401,-24.,-2.4375549849925));
#5471=CARTESIAN_POINT('Ctrl Pts',(2.64781719909903,-24.,-2.44016146887475));
#5472=CARTESIAN_POINT('Ctrl Pts',(2.64771026314592,-24.,-2.44299514362853));
#5473=CARTESIAN_POINT('Ctrl Pts',(2.64759758749024,-24.,-2.44598091363005));
#5474=CARTESIAN_POINT('Ctrl Pts',(2.64743016215351,-24.,-2.44921859615797));
#5475=CARTESIAN_POINT('Ctrl Pts',(2.64719320778629,-24.,-2.45274722392114));
#5476=CARTESIAN_POINT('Ctrl Pts',(2.64693899926797,-24.,-2.45653279346304));
#5477=CARTESIAN_POINT('Ctrl Pts',(2.64660485086678,-24.,-2.46065276679361));
#5478=CARTESIAN_POINT('Ctrl Pts',(2.64618161311973,-24.,-2.46509399874141));
#5479=CARTESIAN_POINT('Ctrl Pts',(2.64570294337034,-24.,-2.47011690465722));
#5480=CARTESIAN_POINT('Ctrl Pts',(2.64511045354268,-24.,-2.47555006864785));
#5481=CARTESIAN_POINT('Ctrl Pts',(2.64440055418694,-24.,-2.48130663173835));
#5482=CARTESIAN_POINT('Ctrl Pts',(2.64339011639931,-24.,-2.48950025640707));
#5483=CARTESIAN_POINT('Ctrl Pts',(2.6421425058213,-24.,-2.49834634747156));
#5484=CARTESIAN_POINT('Ctrl Pts',(2.64066124391463,-24.,-2.50747783147475));
#5485=CARTESIAN_POINT('Ctrl Pts',(2.63954121095311,-24.,-2.51438245990343));
#5486=CARTESIAN_POINT('Ctrl Pts',(2.63828821504369,-24.,-2.52144566299524));
#5487=CARTESIAN_POINT('Ctrl Pts',(2.63689930324492,-24.,-2.52852246588476));
#5488=CARTESIAN_POINT('Ctrl Pts',(2.63571131747369,-24.,-2.5345755076589));
#5489=CARTESIAN_POINT('Ctrl Pts',(2.63442401254415,-24.,-2.54063758381386));
#5490=CARTESIAN_POINT('Ctrl Pts',(2.63302823581832,-24.,-2.54665606569609));
#5491=CARTESIAN_POINT('Ctrl Pts',(2.6317445198679,-24.,-2.55219135013418));
#5492=CARTESIAN_POINT('Ctrl Pts',(2.63036912410196,-24.,-2.55768923546049));
#5493=CARTESIAN_POINT('Ctrl Pts',(2.62888698997376,-24.,-2.56315293295357));
#5494=CARTESIAN_POINT('Ctrl Pts',(2.62737457391417,-24.,-2.5687282609054));
#5495=CARTESIAN_POINT('Ctrl Pts',(2.62575108609884,-24.,-2.57426716451285));
#5496=CARTESIAN_POINT('Ctrl Pts',(2.62399005216674,-24.,-2.57983396601351));
#5497=CARTESIAN_POINT('Ctrl Pts',(2.62227267416227,-24.,-2.58526276683228));
#5498=CARTESIAN_POINT('Ctrl Pts',(2.62042239208078,-24.,-2.59072549921366));
#5499=CARTESIAN_POINT('Ctrl Pts',(2.61842835956714,-24.,-2.59626218215351));
#5500=CARTESIAN_POINT('Ctrl Pts',(2.61627655411535,-24.,-2.60223694156857));
#5501=CARTESIAN_POINT('Ctrl Pts',(2.61395749216003,-24.,-2.6082975356917));
#5502=CARTESIAN_POINT('Ctrl Pts',(2.61148230327163,-24.,-2.61443782794166));
#5503=CARTESIAN_POINT('Ctrl Pts',(2.61057674560602,-24.,-2.61668427819929));
#5504=CARTESIAN_POINT('Ctrl Pts',(2.60965050325397,-24.,-2.61894090775562));
#5505=CARTESIAN_POINT('Ctrl Pts',(2.60870478439342,-24.,-2.62120588632077));
#5506=CARTESIAN_POINT('Ctrl Pts',(2.83024453131841,-23.8650908795203,-2.7178735164479));
#5507=CARTESIAN_POINT('Ctrl Pts',(2.83102963766767,-23.8764755330151,-2.69713997700211));
#5508=CARTESIAN_POINT('Ctrl Pts',(2.83081207785215,-23.8951820493105,-2.65483605763328));
#5509=CARTESIAN_POINT('Ctrl Pts',(2.82909768866131,-23.9201711592955,-2.54789467376362));
#5510=CARTESIAN_POINT('Ctrl Pts',(2.83003473531185,-23.9252972256561,-2.46474512277856));
#5511=CARTESIAN_POINT('Ctrl Pts',(2.83003473531185,-23.9252972256561,-2.42826824964538));
#5512=CARTESIAN_POINT('Ctrl Pts',(2.84442414923862,-23.8528671288774,-2.70252284242235));
#5513=CARTESIAN_POINT('Ctrl Pts',(2.84456793398654,-23.8640487955529,-2.68344748984219));
#5514=CARTESIAN_POINT('Ctrl Pts',(2.8433917719789,-23.8827214524004,-2.6435826848295));
#5515=CARTESIAN_POINT('Ctrl Pts',(2.84361218928729,-23.9059610408753,-2.54027098219914));
#5516=CARTESIAN_POINT('Ctrl Pts',(2.8457130953593,-23.9096188656087,-2.4638472607071));
#5517=CARTESIAN_POINT('Ctrl Pts',(2.84663535183268,-23.9086966091353,-2.42826824964538));
#5518=CARTESIAN_POINT('Ctrl Pts',(2.86792657515688,-23.825775813204,-2.67564545341656));
#5519=CARTESIAN_POINT('Ctrl Pts',(2.86743138110828,-23.8366796361164,-2.6585707514108));
#5520=CARTESIAN_POINT('Ctrl Pts',(2.86652548261699,-23.8546148945301,-2.61966688290749));
#5521=CARTESIAN_POINT('Ctrl Pts',(2.87078596135064,-23.872207727115,-2.52476046792773));
#5522=CARTESIAN_POINT('Ctrl Pts',(2.87352082162081,-23.8734343973448,-2.46109922252965));
#5523=CARTESIAN_POINT('Ctrl Pts',(2.87510928963187,-23.8707954241197,-2.42826824964538));
#5524=CARTESIAN_POINT('Ctrl Pts',(2.89640289688204,-23.756135417075,-2.62987057638797));
#5525=CARTESIAN_POINT('Ctrl Pts',(2.89650336966726,-23.7674295433415,-2.61365158702495));
#5526=CARTESIAN_POINT('Ctrl Pts',(2.89752757829405,-23.7856752717657,-2.57621761163273));
#5527=CARTESIAN_POINT('Ctrl Pts',(2.89914210687348,-23.8065453604373,-2.5042391325741));
#5528=CARTESIAN_POINT('Ctrl Pts',(2.89937589743963,-23.8094028759902,-2.45468983996644));
#5529=CARTESIAN_POINT('Ctrl Pts',(2.89993792139428,-23.8065647215621,-2.42826824964538));
#5530=CARTESIAN_POINT('Ctrl Pts',(2.90473750965559,-23.7022244224633,-2.59764660772463));
#5531=CARTESIAN_POINT('Ctrl Pts',(2.90473750965559,-23.7156374039672,-2.58338518585732));
#5532=CARTESIAN_POINT('Ctrl Pts',(2.90473750965559,-23.7390270634628,-2.5509633745117));
#5533=CARTESIAN_POINT('Ctrl Pts',(2.90473750965559,-23.7613615637053,-2.49209773943798));
#5534=CARTESIAN_POINT('Ctrl Pts',(2.90473750965559,-23.7648452578564,-2.44966809709227));
#5535=CARTESIAN_POINT('Ctrl Pts',(2.90473750965559,-23.7637057179692,-2.42826824964538));
#5536=CARTESIAN_POINT('Ctrl Pts',(2.90473750965559,-23.6794968978569,-2.58204665752263));
#5537=CARTESIAN_POINT('Ctrl Pts',(2.90473750965559,-23.6929165955365,-2.56862695984297));
#5538=CARTESIAN_POINT('Ctrl Pts',(2.90473750965559,-23.7162213863814,-2.538255474654));
#5539=CARTESIAN_POINT('Ctrl Pts',(2.90473750965559,-23.7381970925085,-2.48520142687929));
#5540=CARTESIAN_POINT('Ctrl Pts',(2.90473750965559,-23.7431939999998,-2.44724656810691));
#5541=CARTESIAN_POINT('Ctrl Pts',(2.90473750965559,-23.7431939999998,-2.42826824964538));
#5542=CARTESIAN_POINT('',(2.90473750965559,-23.6794968978569,-2.58204665752263));
#5543=CARTESIAN_POINT('Ctrl Pts',(2.83024453131841,-23.8650908795203,-2.7178735164479));
#5544=CARTESIAN_POINT('Ctrl Pts',(2.84442414923862,-23.8528671288774,-2.70252284242235));
#5545=CARTESIAN_POINT('Ctrl Pts',(2.86792657515688,-23.825775813204,-2.67564545341656));
#5546=CARTESIAN_POINT('Ctrl Pts',(2.89640289688204,-23.756135417075,-2.62987057638797));
#5547=CARTESIAN_POINT('Ctrl Pts',(2.90473750965559,-23.7022244224633,-2.59764660772463));
#5548=CARTESIAN_POINT('Ctrl Pts',(2.90473750965559,-23.6794968978569,-2.58204665752263));
#5549=CARTESIAN_POINT('',(2.90473750965559,-23.743194,-2.42826824964538));
#5550=CARTESIAN_POINT('Origin',(2.90473750965559,-23.5257184899796,-2.42826824964538));
#5551=CARTESIAN_POINT('Ctrl Pts',(2.83001464933884,-23.9252770233081,-2.42826824964538));
#5552=CARTESIAN_POINT('Ctrl Pts',(2.83714216947062,-23.9181905617483,-2.42826824964538));
#5553=CARTESIAN_POINT('Ctrl Pts',(2.88398297176663,-23.8657081365203,-2.42826824964538));
#5554=CARTESIAN_POINT('Ctrl Pts',(2.90473750965559,-23.7959384176358,-2.42826824964538));
#5555=CARTESIAN_POINT('Ctrl Pts',(2.90473750965559,-23.743194,-2.42826824964538));
#5556=CARTESIAN_POINT('Ctrl Pts',(2.83024453131841,-23.8650908795203,-2.7178735164479));
#5557=CARTESIAN_POINT('Ctrl Pts',(2.84442414923862,-23.8528671288774,-2.70252284242235));
#5558=CARTESIAN_POINT('Ctrl Pts',(2.86792657515688,-23.825775813204,-2.67564545341656));
#5559=CARTESIAN_POINT('Ctrl Pts',(2.89640289688204,-23.756135417075,-2.62987057638797));
#5560=CARTESIAN_POINT('Ctrl Pts',(2.90473750965559,-23.7022244224633,-2.59764660772463));
#5561=CARTESIAN_POINT('Ctrl Pts',(2.90473750965559,-23.6794968978569,-2.58204665752263));
#5562=CARTESIAN_POINT('Ctrl Pts',(2.84363904288935,-23.8414824753825,-2.72325638186815));
#5563=CARTESIAN_POINT('Ctrl Pts',(2.85533736185562,-23.8294920025921,-2.70904625266358));
#5564=CARTESIAN_POINT('Ctrl Pts',(2.87503996022512,-23.8026957612372,-2.68361661018807));
#5565=CARTESIAN_POINT('Ctrl Pts',(2.89849072524466,-23.7343880182595,-2.6402129223125));
#5566=CARTESIAN_POINT('Ctrl Pts',(2.90473750965559,-23.6862861604476,-2.61017470179171));
#5567=CARTESIAN_POINT('Ctrl Pts',(2.90473750965559,-23.6660772001772,-2.5954663552023));
#5568=CARTESIAN_POINT('Ctrl Pts',(2.86495973959204,-23.7905491500392,-2.73159956806652));
#5569=CARTESIAN_POINT('Ctrl Pts',(2.87291418164368,-23.7789098597733,-2.71962867855042));
#5570=CARTESIAN_POINT('Ctrl Pts',(2.88659626256821,-23.7517350362001,-2.69707262173377));
#5571=CARTESIAN_POINT('Ctrl Pts',(2.90190842026687,-23.6855224842789,-2.65772627842209));
#5572=CARTESIAN_POINT('Ctrl Pts',(2.90473750965559,-23.6511301652499,-2.63196455869168));
#5573=CARTESIAN_POINT('Ctrl Pts',(2.90473750965559,-23.6357057149882,-2.61877114604719));
#5574=CARTESIAN_POINT('Ctrl Pts',(2.88532886043776,-23.6619040948159,-2.74081961552824));
#5575=CARTESIAN_POINT('Ctrl Pts',(2.88949606085276,-23.6527248529768,-2.73107837336443));
#5576=CARTESIAN_POINT('Ctrl Pts',(2.89670552669211,-23.6314316692242,-2.71071030839876));
#5577=CARTESIAN_POINT('Ctrl Pts',(2.90324042877442,-23.6022888515683,-2.67670331338951));
#5578=CARTESIAN_POINT('Ctrl Pts',(2.90473750965559,-23.5899919218477,-2.65311822351178));
#5579=CARTESIAN_POINT('Ctrl Pts',(2.90473750965559,-23.5826516672135,-2.64074685217426));
#5580=CARTESIAN_POINT('Ctrl Pts',(2.88536415581346,-23.5679077925632,-2.74403410632889));
#5581=CARTESIAN_POINT('Ctrl Pts',(2.88943016834823,-23.5658358784125,-2.73421214366202));
#5582=CARTESIAN_POINT('Ctrl Pts',(2.89648334139661,-23.561006202944,-2.71366595685151));
#5583=CARTESIAN_POINT('Ctrl Pts',(2.90318486132397,-23.5526024540002,-2.68059006993345));
#5584=CARTESIAN_POINT('Ctrl Pts',(2.90473750965559,-23.5472600004601,-2.65745549020129));
#5585=CARTESIAN_POINT('Ctrl Pts',(2.90473750965559,-23.5446968084411,-2.64574375966553));
#5586=CARTESIAN_POINT('Ctrl Pts',(2.88536415581346,-23.5257184899796,-2.74403410632889));
#5587=CARTESIAN_POINT('Ctrl Pts',(2.88966934555616,-23.5257184899796,-2.73363438115221));
#5588=CARTESIAN_POINT('Ctrl Pts',(2.89688461001603,-23.5257184899796,-2.71225774537788));
#5589=CARTESIAN_POINT('Ctrl Pts',(2.90334165779814,-23.5257184899796,-2.67914321494553));
#5590=CARTESIAN_POINT('Ctrl Pts',(2.90473750965559,-23.5257184899796,-2.65683908333099));
#5591=CARTESIAN_POINT('Ctrl Pts',(2.90473750965559,-23.5257184899796,-2.64574375966553));
#5592=CARTESIAN_POINT('',(2.88536415581346,-23.5257184899796,-2.74403410632889));
#5593=CARTESIAN_POINT('Ctrl Pts',(2.83024453131841,-23.8650908795203,-2.7178735164479));
#5594=CARTESIAN_POINT('Ctrl Pts',(2.84363904288935,-23.8414824753825,-2.72325638186815));
#5595=CARTESIAN_POINT('Ctrl Pts',(2.86495973959204,-23.7905491500392,-2.73159956806652));
#5596=CARTESIAN_POINT('Ctrl Pts',(2.88532886043776,-23.6619040948159,-2.74081961552824));
#5597=CARTESIAN_POINT('Ctrl Pts',(2.88536415581346,-23.5679077925632,-2.74403410632889));
#5598=CARTESIAN_POINT('Ctrl Pts',(2.88536415581346,-23.5257184899796,-2.74403410632889));
#5599=CARTESIAN_POINT('',(2.90473750965559,-23.5257184899796,-2.64574375966553));
#5600=CARTESIAN_POINT('Ctrl Pts',(2.90473750965559,-23.5257184899796,-2.64574375966553));
#5601=CARTESIAN_POINT('Ctrl Pts',(2.90473750965559,-23.5257184899796,-2.67427459194813));
#5602=CARTESIAN_POINT('Ctrl Pts',(2.89926629940375,-23.5257184899796,-2.70805816640597));
#5603=CARTESIAN_POINT('Ctrl Pts',(2.88720218717235,-23.5257184899796,-2.73957752722691));
#5604=CARTESIAN_POINT('Ctrl Pts',(2.88534970159379,-23.5257184899796,-2.74402808995864));
#5605=CARTESIAN_POINT('Origin',(2.90473750965559,-23.5257184899796,-2.42826824964538));
#5606=CARTESIAN_POINT('Ctrl Pts',(2.83024453131841,-23.8650908795203,-2.7178735164479));
#5607=CARTESIAN_POINT('Ctrl Pts',(2.84363904288935,-23.8414824753825,-2.72325638186815));
#5608=CARTESIAN_POINT('Ctrl Pts',(2.86495973959204,-23.7905491500392,-2.73159956806652));
#5609=CARTESIAN_POINT('Ctrl Pts',(2.88532886043776,-23.6619040948159,-2.74081961552824));
#5610=CARTESIAN_POINT('Ctrl Pts',(2.88536415581346,-23.5679077925632,-2.74403410632889));
#5611=CARTESIAN_POINT('Ctrl Pts',(2.88536415581346,-23.5257184899796,-2.74403410632889));
#5612=CARTESIAN_POINT('Ctrl Pts',(2.82945942496915,-23.8537062260254,-2.7386070558937));
#5613=CARTESIAN_POINT('Ctrl Pts',(2.8420047295871,-23.8303626573809,-2.74142494718311));
#5614=CARTESIAN_POINT('Ctrl Pts',(2.86242128582995,-23.7796087516816,-2.74580982855898));
#5615=CARTESIAN_POINT('Ctrl Pts',(2.88170001390835,-23.6524810778656,-2.75125489824331));
#5616=CARTESIAN_POINT('Ctrl Pts',(2.88129814327869,-23.565292006427,-2.75385606899575));
#5617=CARTESIAN_POINT('Ctrl Pts',(2.88105896607077,-23.5257184899796,-2.75443383150557));
#5618=CARTESIAN_POINT('Ctrl Pts',(2.82663300732227,-23.8283392568864,-2.77595864714296));
#5619=CARTESIAN_POINT('Ctrl Pts',(2.83785327229097,-23.8051554365281,-2.77474060088873));
#5620=CARTESIAN_POINT('Ctrl Pts',(2.85664963546587,-23.7535691275535,-2.7725412372337));
#5621=CARTESIAN_POINT('Ctrl Pts',(2.87305360041053,-23.6302201467325,-2.77155349844893));
#5622=CARTESIAN_POINT('Ctrl Pts',(2.87176520793498,-23.5595419828752,-2.77337570491027));
#5623=CARTESIAN_POINT('Ctrl Pts',(2.87105372066036,-23.5257184899796,-2.77465549470452));
#5624=CARTESIAN_POINT('Ctrl Pts',(2.81661275404645,-23.7620477392372,-2.82851710394627));
#5625=CARTESIAN_POINT('Ctrl Pts',(2.82620230827695,-23.7393405976293,-2.82199150958201));
#5626=CARTESIAN_POINT('Ctrl Pts',(2.84239093025604,-23.6875411924378,-2.81068011342377));
#5627=CARTESIAN_POINT('Ctrl Pts',(2.85434360854472,-23.5990825238929,-2.80045043910967));
#5628=CARTESIAN_POINT('Ctrl Pts',(2.85312733994561,-23.5504425003492,-2.80151028401791));
#5629=CARTESIAN_POINT('Ctrl Pts',(2.85221559953597,-23.5257184899796,-2.80264461373886));
#5630=CARTESIAN_POINT('Ctrl Pts',(2.7998425280646,-23.7086284032876,-2.85676803920311));
#5631=CARTESIAN_POINT('Ctrl Pts',(2.80979407635346,-23.6912795630016,-2.8470095268293));
#5632=CARTESIAN_POINT('Ctrl Pts',(2.82645052420149,-23.652446930562,-2.8304711822199));
#5633=CARTESIAN_POINT('Ctrl Pts',(2.83827464302973,-23.586580838029,-2.81857459117399));
#5634=CARTESIAN_POINT('Ctrl Pts',(2.8378738255624,-23.5452627749749,-2.8189730957957));
#5635=CARTESIAN_POINT('Ctrl Pts',(2.83743814025447,-23.5257184899796,-2.81940914136925));
#5636=CARTESIAN_POINT('Ctrl Pts',(2.78869448320233,-23.685855958638,-2.86760929684588));
#5637=CARTESIAN_POINT('Ctrl Pts',(2.799379718744,-23.6709402379084,-2.85721811230078));
#5638=CARTESIAN_POINT('Ctrl Pts',(2.81708666531709,-23.6367082637185,-2.83976350031727));
#5639=CARTESIAN_POINT('Ctrl Pts',(2.82927727086632,-23.5791880986019,-2.82757761674274));
#5640=CARTESIAN_POINT('Ctrl Pts',(2.82959580471179,-23.5427976074483,-2.82725796169317));
#5641=CARTESIAN_POINT('Ctrl Pts',(2.82959580471179,-23.5257184899796,-2.82725796169317));
#5642=CARTESIAN_POINT('',(2.78869448320233,-23.685855958638,-2.86760929684588));
#5643=CARTESIAN_POINT('Ctrl Pts',(2.83024453163401,-23.865090878964,-2.71787351657473));
#5644=CARTESIAN_POINT('Ctrl Pts',(2.82945942526474,-23.8537062254754,-2.7386070559601));
#5645=CARTESIAN_POINT('Ctrl Pts',(2.82663300758664,-23.8283392563402,-2.77595864711426));
#5646=CARTESIAN_POINT('Ctrl Pts',(2.8166127542724,-23.7620477387022,-2.82851710379251));
#5647=CARTESIAN_POINT('Ctrl Pts',(2.79984252829908,-23.7086284028788,-2.85676803897317));
#5648=CARTESIAN_POINT('Ctrl Pts',(2.7886944834541,-23.6858559582865,-2.86760929660104));
#5649=CARTESIAN_POINT('',(2.82959580471179,-23.5257184899796,-2.82725796169317));
#5650=CARTESIAN_POINT('Ctrl Pts',(2.78869448320233,-23.685855958638,-2.86760929684588));
#5651=CARTESIAN_POINT('Ctrl Pts',(2.79300764127627,-23.679835140375,-2.86341483418348));
#5652=CARTESIAN_POINT('Ctrl Pts',(2.79704693939077,-23.6734301687697,-2.85946763453492));
#5653=CARTESIAN_POINT('Ctrl Pts',(2.80073848164927,-23.6667542626027,-2.85584732739846));
#5654=CARTESIAN_POINT('Ctrl Pts',(2.80382838808784,-23.6611663743965,-2.85281704640824));
#5655=CARTESIAN_POINT('Ctrl Pts',(2.80667405256421,-23.6553896836716,-2.85001646674763));
#5656=CARTESIAN_POINT('Ctrl Pts',(2.80925039469036,-23.6494768855068,-2.84747470926996));
#5657=CARTESIAN_POINT('Ctrl Pts',(2.81173972719839,-23.6437637775561,-2.84501879339899));
#5658=CARTESIAN_POINT('Ctrl Pts',(2.81397698442611,-23.6379244267438,-2.84280519577947));
#5659=CARTESIAN_POINT('Ctrl Pts',(2.81596683906413,-23.6319798795948,-2.8408327584163));
#5660=CARTESIAN_POINT('Ctrl Pts',(2.81766055956835,-23.6269200118024,-2.83915386311337));
#5661=CARTESIAN_POINT('Ctrl Pts',(2.81917810905644,-23.6217771547713,-2.83764663324458));
#5662=CARTESIAN_POINT('Ctrl Pts',(2.82052828867536,-23.61657866453,-2.83630396339709));
#5663=CARTESIAN_POINT('Ctrl Pts',(2.82253763946803,-23.6088422194372,-2.83430578872127));
#5664=CARTESIAN_POINT('Ctrl Pts',(2.82417341480818,-23.600992386773,-2.83267502120851));
#5665=CARTESIAN_POINT('Ctrl Pts',(2.82545003762314,-23.5932035051013,-2.83140108160173));
#5666=CARTESIAN_POINT('Ctrl Pts',(2.82624340869248,-23.5883630202622,-2.83060937804115));
#5667=CARTESIAN_POINT('Ctrl Pts',(2.82689790260761,-23.58354738133,-2.82995561979494));
#5668=CARTESIAN_POINT('Ctrl Pts',(2.82742807852716,-23.5787611455364,-2.82942581821051));
#5669=CARTESIAN_POINT('Ctrl Pts',(2.82791098024145,-23.5744016841115,-2.828943257453));
#5670=CARTESIAN_POINT('Ctrl Pts',(2.82829170605938,-23.5700581265255,-2.82856256819247));
#5671=CARTESIAN_POINT('Ctrl Pts',(2.82858896319559,-23.5657317423317,-2.82826527703611));
#5672=CARTESIAN_POINT('Ctrl Pts',(2.82906487439232,-23.5588051645362,-2.82778931137282));
#5673=CARTESIAN_POINT('Ctrl Pts',(2.82932524042372,-23.5519332714125,-2.82752873007224));
#5674=CARTESIAN_POINT('Ctrl Pts',(2.82945838840882,-23.5452528607745,-2.82739548494068));
#5675=CARTESIAN_POINT('Ctrl Pts',(2.82953121279254,-23.5415990556695,-2.82732260742338));
#5676=CARTESIAN_POINT('Ctrl Pts',(2.82956632490512,-23.538003293734,-2.82728746565968));
#5677=CARTESIAN_POINT('Ctrl Pts',(2.82958233990146,-23.5344577587138,-2.8272714375733));
#5678=CARTESIAN_POINT('Ctrl Pts',(2.82959560581882,-23.5315208379967,-2.82725816081289));
#5679=CARTESIAN_POINT('Ctrl Pts',(2.82959580471179,-23.528618349583,-2.82725796169318));
#5680=CARTESIAN_POINT('Ctrl Pts',(2.82959580471179,-23.5257184899796,-2.82725796169318));
#5681=CARTESIAN_POINT('Ctrl Pts',(2.88534970159379,-23.5257184899796,-2.74402808995864));
#5682=CARTESIAN_POINT('Ctrl Pts',(2.87238612663979,-23.5257184899796,-2.77517284176003));
#5683=CARTESIAN_POINT('Ctrl Pts',(2.85312194384944,-23.5257184899796,-2.80371236892912));
#5684=CARTESIAN_POINT('Ctrl Pts',(2.82959580471179,-23.5257184899796,-2.82725796169317));
#5685=CARTESIAN_POINT('Ctrl Pts',(3.0157184623799,-5.08640306318808,2.45404961274705));
#5686=CARTESIAN_POINT('Ctrl Pts',(3.01090339461835,-5.08641506928034,2.42484670312625));
#5687=CARTESIAN_POINT('Ctrl Pts',(3.00057750513423,-5.08464020345958,2.35760017158119));
#5688=CARTESIAN_POINT('Ctrl Pts',(2.98187530256009,-5.08150895752312,2.1254646371865));
#5689=CARTESIAN_POINT('Ctrl Pts',(2.97944028399932,-5.07470277434374,1.90159295224701));
#5690=CARTESIAN_POINT('Ctrl Pts',(2.97944028399932,-5.07470277434374,1.78655641542154));
#5691=CARTESIAN_POINT('Ctrl Pts',(2.99388183884167,-5.11175205814768,2.46976914701084));
#5692=CARTESIAN_POINT('Ctrl Pts',(2.99134292280896,-5.10819761624083,2.43782590764915));
#5693=CARTESIAN_POINT('Ctrl Pts',(2.98378180887271,-5.10220904652972,2.36532290949383));
#5694=CARTESIAN_POINT('Ctrl Pts',(2.96640174835006,-5.09650612553683,2.12654764483253));
#5695=CARTESIAN_POINT('Ctrl Pts',(2.96376192395187,-5.09038113439119,1.90563974403456));
#5696=CARTESIAN_POINT('Ctrl Pts',(2.9628396674785,-5.09130339086457,1.78655641542154));
#5697=CARTESIAN_POINT('Ctrl Pts',(2.96047906468133,-5.16480198854771,2.48610446836246));
#5698=CARTESIAN_POINT('Ctrl Pts',(2.95937913060441,-5.15554877630648,2.4511164439478));
#5699=CARTESIAN_POINT('Ctrl Pts',(2.95336773551327,-5.14211082152294,2.36946994217555));
#5700=CARTESIAN_POINT('Ctrl Pts',(2.93803097759098,-5.131568156751,2.12032020124146));
#5701=CARTESIAN_POINT('Ctrl Pts',(2.93595419769037,-5.126565602655,1.91111741030199));
#5702=CARTESIAN_POINT('Ctrl Pts',(2.93436572967931,-5.12920457588007,1.78655641542154));
#5703=CARTESIAN_POINT('Ctrl Pts',(2.91663907288374,-5.27849558419396,2.49829498364801));
#5704=CARTESIAN_POINT('Ctrl Pts',(2.91585959670537,-5.25918098227761,2.45534081088847));
#5705=CARTESIAN_POINT('Ctrl Pts',(2.91211973701333,-5.22934800116541,2.34981991576192));
#5706=CARTESIAN_POINT('Ctrl Pts',(2.90995098042648,-5.19820493383659,2.10923411308638));
#5707=CARTESIAN_POINT('Ctrl Pts',(2.91009912187155,-5.19059712400955,1.90642127259636));
#5708=CARTESIAN_POINT('Ctrl Pts',(2.9095370979169,-5.19343527843764,1.78655641542154));
#5709=CARTESIAN_POINT('Ctrl Pts',(2.90473750965559,-5.3572166708772,2.45670505316053));
#5710=CARTESIAN_POINT('Ctrl Pts',(2.90473750965559,-5.33011951811863,2.410607583401));
#5711=CARTESIAN_POINT('Ctrl Pts',(2.90473750965559,-5.28518978363204,2.30082522399265));
#5712=CARTESIAN_POINT('Ctrl Pts',(2.90473750965559,-5.24385224090335,2.07735105041872));
#5713=CARTESIAN_POINT('Ctrl Pts',(2.90473750965559,-5.23515474214334,1.89038550932691));
#5714=CARTESIAN_POINT('Ctrl Pts',(2.90473750965559,-5.23629428203053,1.78655641542154));
#5715=CARTESIAN_POINT('Ctrl Pts',(2.90473750965559,-5.39138885678305,2.43094692360454));
#5716=CARTESIAN_POINT('Ctrl Pts',(2.90473750965559,-5.36148155527571,2.38321429336876));
#5717=CARTESIAN_POINT('Ctrl Pts',(2.90473750965559,-5.31163605276346,2.27183815615194));
#5718=CARTESIAN_POINT('Ctrl Pts',(2.90473750965559,-5.26677510050245,2.05704132009094));
#5719=CARTESIAN_POINT('Ctrl Pts',(2.90473750965559,-5.256806,1.88202167589309));
#5720=CARTESIAN_POINT('Ctrl Pts',(2.90473750965559,-5.256806,1.78655641542154));
#5721=CARTESIAN_POINT('',(3.0157184623799,-5.08640306318808,2.45404961274705));
#5722=CARTESIAN_POINT('',(2.97944028399932,-5.07470277434374,1.78655641542154));
#5723=CARTESIAN_POINT('Ctrl Pts',(3.0157184623799,-5.08640306318808,2.45404961274705));
#5724=CARTESIAN_POINT('Ctrl Pts',(3.01090339461835,-5.08641506928034,2.42484670312625));
#5725=CARTESIAN_POINT('Ctrl Pts',(3.00057750513423,-5.08464020345958,2.35760017158119));
#5726=CARTESIAN_POINT('Ctrl Pts',(2.98187530256009,-5.08150895752312,2.1254646371865));
#5727=CARTESIAN_POINT('Ctrl Pts',(2.97944028399932,-5.07470277434374,1.90159295224701));
#5728=CARTESIAN_POINT('Ctrl Pts',(2.97944028399932,-5.07470277434374,1.78655641542154));
#5729=CARTESIAN_POINT('',(2.90473750965559,-5.39138885678305,2.43094692360454));
#5730=CARTESIAN_POINT('Ctrl Pts',(3.0157184623799,-5.08640306318808,2.45404961274705));
#5731=CARTESIAN_POINT('Ctrl Pts',(2.99388183884167,-5.11175205814768,2.46976914701084));
#5732=CARTESIAN_POINT('Ctrl Pts',(2.96047906468133,-5.16480198854771,2.48610446836246));
#5733=CARTESIAN_POINT('Ctrl Pts',(2.91663907288374,-5.27849558419396,2.49829498364801));
#5734=CARTESIAN_POINT('Ctrl Pts',(2.90473750965559,-5.3572166708772,2.45670505316053));
#5735=CARTESIAN_POINT('Ctrl Pts',(2.90473750965559,-5.39138885678305,2.43094692360454));
#5736=CARTESIAN_POINT('',(2.90473750965559,-5.256806,1.78655641542154));
#5737=CARTESIAN_POINT('Ctrl Pts',(2.90473750965559,-5.3913888567809,2.4309469236011));
#5738=CARTESIAN_POINT('Ctrl Pts',(2.90473750965559,-5.256806,2.2161500875401));
#5739=CARTESIAN_POINT('Ctrl Pts',(2.90473750965559,-5.256806,1.78655641542154));
#5740=CARTESIAN_POINT('Ctrl Pts',(2.97944832558882,-5.0747107644863,1.78655641542154));
#5741=CARTESIAN_POINT('Ctrl Pts',(2.95820333773049,-5.09609369819033,1.78655641542154));
#5742=CARTESIAN_POINT('Ctrl Pts',(2.9172061259648,-5.15519259486884,1.78655641542154));
#5743=CARTESIAN_POINT('Ctrl Pts',(2.90473750965559,-5.22164305490948,1.78655641542154));
#5744=CARTESIAN_POINT('Ctrl Pts',(2.90473750965559,-5.256806,1.78655641542154));
#5745=CARTESIAN_POINT('Ctrl Pts',(3.0157184623799,-5.08640306318808,2.45404961274705));
#5746=CARTESIAN_POINT('Ctrl Pts',(2.99388183884167,-5.11175205814768,2.46976914701084));
#5747=CARTESIAN_POINT('Ctrl Pts',(2.96047906468133,-5.16480198854771,2.48610446836246));
#5748=CARTESIAN_POINT('Ctrl Pts',(2.91663907288374,-5.27849558419396,2.49829498364801));
#5749=CARTESIAN_POINT('Ctrl Pts',(2.90473750965559,-5.3572166708772,2.45670505316053));
#5750=CARTESIAN_POINT('Ctrl Pts',(2.90473750965559,-5.39138885678305,2.43094692360454));
#5751=CARTESIAN_POINT('Ctrl Pts',(2.99869690660322,-5.11174005205543,2.49897205663164));
#5752=CARTESIAN_POINT('Ctrl Pts',(2.98031522409216,-5.13916438175685,2.51078095000412));
#5753=CARTESIAN_POINT('Ctrl Pts',(2.9520545052047,-5.19547213784247,2.5245305126294));
#5754=CARTESIAN_POINT('Ctrl Pts',(2.91374334882748,-5.3130674870326,2.53758367196073));
#5755=CARTESIAN_POINT('Ctrl Pts',(2.90473750965559,-5.38811073318087,2.49994050852494));
#5756=CARTESIAN_POINT('Ctrl Pts',(2.90473750965559,-5.4212961582904,2.47867955384031));
#5757=CARTESIAN_POINT('Ctrl Pts',(2.96708129069832,-5.17514935864223,2.57697365543285));
#5758=CARTESIAN_POINT('Ctrl Pts',(2.95490086543385,-5.2062807182471,2.5840554870204));
#5759=CARTESIAN_POINT('Ctrl Pts',(2.93517343538895,-5.26992160815908,2.59652036696575));
#5760=CARTESIAN_POINT('Ctrl Pts',(2.9066197837853,-5.39823163540137,2.60549477677182));
#5761=CARTESIAN_POINT('Ctrl Pts',(2.90473750965559,-5.46104004763126,2.57283306135718));
#5762=CARTESIAN_POINT('Ctrl Pts',(2.90473750965559,-5.49107986180753,2.55823393756661));
#5763=CARTESIAN_POINT('Ctrl Pts',(2.90397783169038,-5.40409418059799,2.70570324260724));
#5764=CARTESIAN_POINT('Ctrl Pts',(2.90218673870932,-5.43743968365668,2.70384660041397));
#5765=CARTESIAN_POINT('Ctrl Pts',(2.89934773873168,-5.5040563560024,2.69919008205468));
#5766=CARTESIAN_POINT('Ctrl Pts',(2.9007765850225,-5.57987234744828,2.66794543290995));
#5767=CARTESIAN_POINT('Ctrl Pts',(2.90473750965559,-5.60783105430645,2.64160072565996));
#5768=CARTESIAN_POINT('Ctrl Pts',(2.90473750965559,-5.62566271859058,2.62983288292028));
#5769=CARTESIAN_POINT('Ctrl Pts',(2.88536415581346,-5.65684158251976,2.74403410632889));
#5770=CARTESIAN_POINT('Ctrl Pts',(2.88943016834823,-5.6706379395737,2.73421214366202));
#5771=CARTESIAN_POINT('Ctrl Pts',(2.89648334139661,-5.69256271147663,2.71366595685151));
#5772=CARTESIAN_POINT('Ctrl Pts',(2.90318486132397,-5.71535293645378,2.68059006993345));
#5773=CARTESIAN_POINT('Ctrl Pts',(2.90473750965559,-5.72858350607344,2.65745549020129));
#5774=CARTESIAN_POINT('Ctrl Pts',(2.90473750965559,-5.73532282411752,2.64574375966554));
#5775=CARTESIAN_POINT('Ctrl Pts',(2.88536415581346,-5.79513742713221,2.74403410632889));
#5776=CARTESIAN_POINT('Ctrl Pts',(2.88966934555615,-5.79513742713221,2.73363438115221));
#5777=CARTESIAN_POINT('Ctrl Pts',(2.89688461001604,-5.79513742713221,2.71225774537788));
#5778=CARTESIAN_POINT('Ctrl Pts',(2.90334165779814,-5.79513742713221,2.67914321494553));
#5779=CARTESIAN_POINT('Ctrl Pts',(2.90473750965559,-5.79513742713221,2.65683908333099));
#5780=CARTESIAN_POINT('Ctrl Pts',(2.90473750965559,-5.79513742713221,2.64574375966554));
#5781=CARTESIAN_POINT('',(2.88536415581346,-5.79513742713221,2.74403410632889));
#5782=CARTESIAN_POINT('Ctrl Pts',(3.0157184623799,-5.08640306318808,2.45404961274705));
#5783=CARTESIAN_POINT('Ctrl Pts',(2.99869690660322,-5.11174005205543,2.49897205663164));
#5784=CARTESIAN_POINT('Ctrl Pts',(2.96708129069832,-5.17514935864223,2.57697365543285));
#5785=CARTESIAN_POINT('Ctrl Pts',(2.90397783169038,-5.40409418059799,2.70570324260725));
#5786=CARTESIAN_POINT('Ctrl Pts',(2.88536415581346,-5.65684158251975,2.74403410632889));
#5787=CARTESIAN_POINT('Ctrl Pts',(2.88536415581346,-5.79513742713221,2.74403410632889));
#5788=CARTESIAN_POINT('',(2.90473750965559,-5.79513742713221,2.64574375966554));
#5789=CARTESIAN_POINT('Ctrl Pts',(2.90473750965559,-5.7951374271322,2.64574375966554));
#5790=CARTESIAN_POINT('Ctrl Pts',(2.90473750965559,-5.7951374271322,2.67427459194814));
#5791=CARTESIAN_POINT('Ctrl Pts',(2.89926629940374,-5.7951374271322,2.70805816640597));
#5792=CARTESIAN_POINT('Ctrl Pts',(2.88720218717235,-5.7951374271322,2.73957752722692));
#5793=CARTESIAN_POINT('Ctrl Pts',(2.88534970159378,-5.7951374271322,2.74402808995864));
#5794=CARTESIAN_POINT('Ctrl Pts',(2.90473750965559,-5.79513742713221,2.64574375966554));
#5795=CARTESIAN_POINT('Ctrl Pts',(2.90473750965559,-5.52597171356395,2.64574375966554));
#5796=CARTESIAN_POINT('Ctrl Pts',(2.90473750965559,-5.3913888567809,2.4309469236011));
#5797=CARTESIAN_POINT('Ctrl Pts',(3.0157184623799,-5.08640306318808,2.45404961274705));
#5798=CARTESIAN_POINT('Ctrl Pts',(2.99869690660322,-5.11174005205543,2.49897205663164));
#5799=CARTESIAN_POINT('Ctrl Pts',(2.96708129069832,-5.17514935864223,2.57697365543285));
#5800=CARTESIAN_POINT('Ctrl Pts',(2.90397783169038,-5.40409418059799,2.70570324260725));
#5801=CARTESIAN_POINT('Ctrl Pts',(2.88536415581346,-5.65684158251975,2.74403410632889));
#5802=CARTESIAN_POINT('Ctrl Pts',(2.88536415581346,-5.79513742713221,2.74403410632889));
#5803=CARTESIAN_POINT('Ctrl Pts',(3.02053353014144,-5.08639105709583,2.48325252236785));
#5804=CARTESIAN_POINT('Ctrl Pts',(3.00229208746053,-5.1127349854224,2.52385461897335));
#5805=CARTESIAN_POINT('Ctrl Pts',(2.96715196832089,-5.17918035331895,2.59612528617945));
#5806=CARTESIAN_POINT('Ctrl Pts',(2.89959388583747,-5.41426342668931,2.71949482192154));
#5807=CARTESIAN_POINT('Ctrl Pts',(2.88129814327869,-5.65841143042275,2.75385606899575));
#5808=CARTESIAN_POINT('Ctrl Pts',(2.88105896607076,-5.79513742713221,2.75443383150557));
#5809=CARTESIAN_POINT('Ctrl Pts',(3.02967399341629,-5.0857878313661,2.52618220814101));
#5810=CARTESIAN_POINT('Ctrl Pts',(3.00747260888328,-5.11506538173219,2.56309767039332));
#5811=CARTESIAN_POINT('Ctrl Pts',(2.96267135279086,-5.19031441008736,2.63234730146256));
#5812=CARTESIAN_POINT('Ctrl Pts',(2.8872033772689,-5.43672086407098,2.75039661782268));
#5813=CARTESIAN_POINT('Ctrl Pts',(2.87176520793498,-5.65967704208246,2.77337570491028));
#5814=CARTESIAN_POINT('Ctrl Pts',(2.87105372066036,-5.79513742713221,2.77465549470452));
#5815=CARTESIAN_POINT('Ctrl Pts',(3.03042374205311,-5.05746020629117,2.59238556397603));
#5816=CARTESIAN_POINT('Ctrl Pts',(2.9979522216237,-5.09661817456996,2.6329614685754));
#5817=CARTESIAN_POINT('Ctrl Pts',(2.93682947536531,-5.19739497794799,2.70796937162387));
#5818=CARTESIAN_POINT('Ctrl Pts',(2.86917058846611,-5.4415222126767,2.78805983672953));
#5819=CARTESIAN_POINT('Ctrl Pts',(2.8531273399456,-5.66144130743949,2.80151028401791));
#5820=CARTESIAN_POINT('Ctrl Pts',(2.85221559953597,-5.79513742713221,2.80264461373887));
#5821=CARTESIAN_POINT('Ctrl Pts',(3.02408042295213,-5.01985433542937,2.61820397317106));
#5822=CARTESIAN_POINT('Ctrl Pts',(2.98670898679146,-5.07122934181832,2.66138206756814));
#5823=CARTESIAN_POINT('Ctrl Pts',(2.92043091205336,-5.19522397579707,2.73427093347349));
#5824=CARTESIAN_POINT('Ctrl Pts',(2.85406576271777,-5.45186745040274,2.80281171743948));
#5825=CARTESIAN_POINT('Ctrl Pts',(2.8378738255624,-5.67176134617226,2.8189730957957));
#5826=CARTESIAN_POINT('Ctrl Pts',(2.83743814025447,-5.79513742713221,2.81940914136925));
#5827=CARTESIAN_POINT('Ctrl Pts',(3.01924021772016,-5.00617985678305,2.62377371503358));
#5828=CARTESIAN_POINT('Ctrl Pts',(2.97868655574872,-5.0646211582904,2.67043980003109));
#5829=CARTESIAN_POINT('Ctrl Pts',(2.90900491698004,-5.20098419514087,2.746375016166));
#5830=CARTESIAN_POINT('Ctrl Pts',(2.8442183445313,-5.46397005192393,2.81273596195349));
#5831=CARTESIAN_POINT('Ctrl Pts',(2.82959580471179,-5.67825482411752,2.82725796169318));
#5832=CARTESIAN_POINT('Ctrl Pts',(2.82959580471179,-5.79513742713221,2.82725796169318));
#5833=CARTESIAN_POINT('',(3.01924021772016,-5.00617985678305,2.62377371503358));
#5834=CARTESIAN_POINT('Ctrl Pts',(3.0157184623799,-5.08640306318808,2.45404961274705));
#5835=CARTESIAN_POINT('Ctrl Pts',(3.02053353014144,-5.08639105709583,2.48325252236785));
#5836=CARTESIAN_POINT('Ctrl Pts',(3.02967399341629,-5.0857878313661,2.52618220814101));
#5837=CARTESIAN_POINT('Ctrl Pts',(3.03042374205311,-5.05746020629117,2.59238556397603));
#5838=CARTESIAN_POINT('Ctrl Pts',(3.02408042295213,-5.01985433542937,2.61820397317106));
#5839=CARTESIAN_POINT('Ctrl Pts',(3.01924021772016,-5.00617985678305,2.62377371503358));
#5840=CARTESIAN_POINT('',(2.90473750967059,-5.24227927022284,2.74999999998413));
#5841=CARTESIAN_POINT('Ctrl Pts',(3.01924021772016,-5.00617985678305,2.62377371503359));
#5842=CARTESIAN_POINT('Ctrl Pts',(2.99601191014258,-5.03965383818585,2.65050309341937));
#5843=CARTESIAN_POINT('Ctrl Pts',(2.97464996572497,-5.07632335482957,2.67437440513224));
#5844=CARTESIAN_POINT('Ctrl Pts',(2.95534249493684,-5.11618840671422,2.69554275381053));
#5845=CARTESIAN_POINT('Ctrl Pts',(2.93646573853974,-5.15516414214027,2.71623887531262));
#5846=CARTESIAN_POINT('Ctrl Pts',(2.91955244566636,-5.19719442997648,2.73435145442394));
#5847=CARTESIAN_POINT('Ctrl Pts',(2.90473750967059,-5.24227927022284,2.74999999998413));
#5848=CARTESIAN_POINT('',(2.82959580471179,-5.79513742713221,2.82725796169318));
#5849=CARTESIAN_POINT('Ctrl Pts',(2.90473750967059,-5.24227927022284,2.74999999998413));
#5850=CARTESIAN_POINT('Ctrl Pts',(2.88953871788503,-5.2885322611089,2.76605400020284));
#5851=CARTESIAN_POINT('Ctrl Pts',(2.87654841947385,-5.33800014225553,2.77951496525173));
#5852=CARTESIAN_POINT('Ctrl Pts',(2.86587114642791,-5.39068291366272,2.79048070627123));
#5853=CARTESIAN_POINT('Ctrl Pts',(2.8551908347705,-5.44338067789375,2.8014495679964));
#5854=CARTESIAN_POINT('Ctrl Pts',(2.84682473068046,-5.49929516247668,2.80992193235249));
#5855=CARTESIAN_POINT('Ctrl Pts',(2.84083819911746,-5.55842636741152,2.81596135030918));
#5856=CARTESIAN_POINT('Ctrl Pts',(2.83485116566409,-5.61756252970464,2.82200127459005));
#5857=CARTESIAN_POINT('Ctrl Pts',(2.83124402681298,-5.67991595172997,2.82560792426464));
#5858=CARTESIAN_POINT('Ctrl Pts',(2.83004449869577,-5.74548663348752,2.82680882540752));
#5859=CARTESIAN_POINT('Ctrl Pts',(2.82974539313537,-5.76183685923978,2.82710827333556));
#5860=CARTESIAN_POINT('Ctrl Pts',(2.82959580471179,-5.77838712378801,2.82725796169318));
#5861=CARTESIAN_POINT('Ctrl Pts',(2.82959580471179,-5.79513742713221,2.82725796169318));
#5862=CARTESIAN_POINT('Ctrl Pts',(2.88534970159378,-5.7951374271322,2.74402808995864));
#5863=CARTESIAN_POINT('Ctrl Pts',(2.87238612663979,-5.79513742713221,2.77517284176003));
#5864=CARTESIAN_POINT('Ctrl Pts',(2.85312194384943,-5.79513742713221,2.80371236892913));
#5865=CARTESIAN_POINT('Ctrl Pts',(2.82959580471179,-5.79513742713221,2.82725796169318));
#5866=CARTESIAN_POINT('Ctrl Pts',(3.0157184623799,-5.08640306318808,2.45404961274705));
#5867=CARTESIAN_POINT('Ctrl Pts',(3.02053353014144,-5.08639105709583,2.48325252236785));
#5868=CARTESIAN_POINT('Ctrl Pts',(3.02967399341629,-5.0857878313661,2.52618220814101));
#5869=CARTESIAN_POINT('Ctrl Pts',(3.03042374205311,-5.05746020629117,2.59238556397603));
#5870=CARTESIAN_POINT('Ctrl Pts',(3.02408042295213,-5.01985433542937,2.61820397317106));
#5871=CARTESIAN_POINT('Ctrl Pts',(3.01924021772016,-5.00617985678305,2.62377371503358));
#5872=CARTESIAN_POINT('Ctrl Pts',(3.03755508591812,-5.06105406822848,2.43833007848326));
#5873=CARTESIAN_POINT('Ctrl Pts',(3.04267210605296,-5.05935420680763,2.46379388981821));
#5874=CARTESIAN_POINT('Ctrl Pts',(3.05362423349401,-5.05392392644216,2.50222314917798));
#5875=CARTESIAN_POINT('Ctrl Pts',(3.06150403400813,-5.01098327169513,2.55884840768428));
#5876=CARTESIAN_POINT('Ctrl Pts',(3.06091405853148,-4.96695994252416,2.57564473898093));
#5877=CARTESIAN_POINT('Ctrl Pts',(3.05979387969159,-4.94773855527571,2.57710763003608));
#5878=CARTESIAN_POINT('Ctrl Pts',(3.08751063927717,-5.01535812260598,2.39717257410154));
#5879=CARTESIAN_POINT('Ctrl Pts',(3.09466955202913,-5.00958957774246,2.4163076114487));
#5880=CARTESIAN_POINT('Ctrl Pts',(3.11272665794681,-4.99255410706478,2.44421457647205));
#5881=CARTESIAN_POINT('Ctrl Pts',(3.1384754864954,-4.92446227115956,2.4734754092937));
#5882=CARTESIAN_POINT('Ctrl Pts',(3.147104910366,-4.87590125150711,2.47269304589387));
#5883=CARTESIAN_POINT('Ctrl Pts',(3.15233202819146,-4.8503363860968,2.46637127498222));
#5884=CARTESIAN_POINT('Ctrl Pts',(3.24478382598266,-4.94328191606062,2.21353407769119));
#5885=CARTESIAN_POINT('Ctrl Pts',(3.25684023155731,-4.93014492015528,2.22364810896575));
#5886=CARTESIAN_POINT('Ctrl Pts',(3.2828033492587,-4.89609431363896,2.23528036609071));
#5887=CARTESIAN_POINT('Ctrl Pts',(3.29915398990945,-4.83208948374452,2.2578801772623));
#5888=CARTESIAN_POINT('Ctrl Pts',(3.31015432748029,-4.78736590625386,2.25273983510026));
#5889=CARTESIAN_POINT('Ctrl Pts',(3.31729932593191,-4.76267443383578,2.24214197440219));
#5890=CARTESIAN_POINT('Ctrl Pts',(3.37259228348648,-4.92529722565627,2.0120971980555));
#5891=CARTESIAN_POINT('Ctrl Pts',(3.38384639758348,-4.90961886560882,2.02412690216543));
#5892=CARTESIAN_POINT('Ctrl Pts',(3.40375197339066,-4.873434397345,2.04556256791071));
#5893=CARTESIAN_POINT('Ctrl Pts',(3.42383878818963,-4.80940287599045,2.06264863976886));
#5894=CARTESIAN_POINT('Ctrl Pts',(3.43391328250516,-4.76484525785667,2.05554733819912));
#5895=CARTESIAN_POINT('Ctrl Pts',(3.43724741947651,-4.743194,2.04954128264234));
#5896=CARTESIAN_POINT('Ctrl Pts',(3.43194809360757,-4.92529722565627,1.90517468819218));
#5897=CARTESIAN_POINT('Ctrl Pts',(3.44646226946386,-4.90869660913544,1.91323193139841));
#5898=CARTESIAN_POINT('Ctrl Pts',(3.47135747380882,-4.87079542411994,1.92705198691258));
#5899=CARTESIAN_POINT('Ctrl Pts',(3.49306553068842,-4.80656472156236,1.93910276372179));
#5900=CARTESIAN_POINT('Ctrl Pts',(3.49726188496086,-4.76370571796947,1.94143228262023));
#5901=CARTESIAN_POINT('Ctrl Pts',(3.49726188496086,-4.743194,1.94143228262023));
#5902=CARTESIAN_POINT('',(3.43194809360757,-4.92529722565627,1.90517468819218));
#5903=CARTESIAN_POINT('Ctrl Pts',(3.0157184623799,-5.08640306318808,2.45404961274705));
#5904=CARTESIAN_POINT('Ctrl Pts',(3.03755508591812,-5.06105406822848,2.43833007848326));
#5905=CARTESIAN_POINT('Ctrl Pts',(3.08751063927717,-5.01535812260598,2.39717257410154));
#5906=CARTESIAN_POINT('Ctrl Pts',(3.24478382598266,-4.94328191606062,2.21353407769119));
#5907=CARTESIAN_POINT('Ctrl Pts',(3.37259228348648,-4.92529722565627,2.0120971980555));
#5908=CARTESIAN_POINT('Ctrl Pts',(3.43194809360757,-4.92529722565627,1.90517468819218));
#5909=CARTESIAN_POINT('',(3.49726188496086,-4.743194,1.94143228262023));
#5910=CARTESIAN_POINT('Ctrl Pts',(3.49726188496086,-4.743194,1.94143228262023));
#5911=CARTESIAN_POINT('Ctrl Pts',(3.49726188496086,-4.77835694509053,1.94143228262023));
#5912=CARTESIAN_POINT('Ctrl Pts',(3.48636047011297,-4.8448078482685,1.93538058863559));
#5913=CARTESIAN_POINT('Ctrl Pts',(3.45051602654392,-4.90390587082422,1.91548229042785));
#5914=CARTESIAN_POINT('Ctrl Pts',(3.43194072822825,-4.92528885523878,1.90517059945486));
#5915=CARTESIAN_POINT('',(3.02357540689153,-5.00000000000001,2.61877676766095));
#5916=CARTESIAN_POINT('Ctrl Pts',(3.49726188496086,-4.743194,1.94143228262023));
#5917=CARTESIAN_POINT('Ctrl Pts',(3.46522428906684,-4.743194,1.99914424301616));
#5918=CARTESIAN_POINT('Ctrl Pts',(3.4331875939249,-4.74596972592846,2.0534943873045));
#5919=CARTESIAN_POINT('Ctrl Pts',(3.40154691739782,-4.75152117778538,2.10463264460603));
#5920=CARTESIAN_POINT('Ctrl Pts',(3.3693450892986,-4.75717108537332,2.1566778456468));
#5921=CARTESIAN_POINT('Ctrl Pts',(3.33755344534827,-4.76569604768341,2.20539680752244));
#5922=CARTESIAN_POINT('Ctrl Pts',(3.30653590872957,-4.77709606471567,2.25095985843417));
#5923=CARTESIAN_POINT('Ctrl Pts',(3.27482050773073,-4.78875257103389,2.29754803363839));
#5924=CARTESIAN_POINT('Ctrl Pts',(3.24391442170239,-4.80341495930988,2.34083727126985));
#5925=CARTESIAN_POINT('Ctrl Pts',(3.21415231413411,-4.82108322954365,2.38101341901854));
#5926=CARTESIAN_POINT('Ctrl Pts',(3.18408942116607,-4.83893006098021,2.42159559979542));
#5927=CARTESIAN_POINT('Ctrl Pts',(3.15519358043821,-4.85984383820175,2.45900199665497));
#5928=CARTESIAN_POINT('Ctrl Pts',(3.127756409789,-4.88382456120827,2.49341930710096));
#5929=CARTESIAN_POINT('Ctrl Pts',(3.10001514796604,-4.90807106694799,2.52821807088501));
#5930=CARTESIAN_POINT('Ctrl Pts',(3.07376489054416,-4.93545287824756,2.55996162010559));
#5931=CARTESIAN_POINT('Ctrl Pts',(3.0492554678801,-4.96596999510696,2.5888300623261));
#5932=CARTESIAN_POINT('Ctrl Pts',(3.04046884580544,-4.9769103740921,2.59917939185346));
#5933=CARTESIAN_POINT('Ctrl Pts',(3.03190549523891,-4.98825370905644,2.60915905202539));
#5934=CARTESIAN_POINT('Ctrl Pts',(3.02357540689153,-5.00000000000001,2.61877676766095));
#5935=CARTESIAN_POINT('Ctrl Pts',(3.02357540689153,-5.00000000000001,2.61877676766095));
#5936=CARTESIAN_POINT('Ctrl Pts',(3.02212324000708,-5.0020477063402,2.62045340391828));
#5937=CARTESIAN_POINT('Ctrl Pts',(3.02067816010742,-5.00410765860122,2.62211903976129));
#5938=CARTESIAN_POINT('Ctrl Pts',(3.01924021772016,-5.00617985678305,2.62377371503359));
#5939=CARTESIAN_POINT('Ctrl Pts',(3.0157184623799,-5.08640306318808,2.45404961274705));
#5940=CARTESIAN_POINT('Ctrl Pts',(3.03755508591812,-5.06105406822848,2.43833007848326));
#5941=CARTESIAN_POINT('Ctrl Pts',(3.08751063927717,-5.01535812260598,2.39717257410154));
#5942=CARTESIAN_POINT('Ctrl Pts',(3.24478382598266,-4.94328191606062,2.21353407769119));
#5943=CARTESIAN_POINT('Ctrl Pts',(3.37259228348648,-4.92529722565627,2.0120971980555));
#5944=CARTESIAN_POINT('Ctrl Pts',(3.43194809360757,-4.92529722565627,1.90517468819218));
#5945=CARTESIAN_POINT('Ctrl Pts',(3.03274001815658,-5.06106607432074,2.40912716886246));
#5946=CARTESIAN_POINT('Ctrl Pts',(3.05515319906901,-5.04154693142347,2.39398899208872));
#5947=CARTESIAN_POINT('Ctrl Pts',(3.10601109347347,-5.00580188396297,2.35174073322848));
#5948=CARTESIAN_POINT('Ctrl Pts',(3.25769974987977,-4.95055474321927,2.16739514981096));
#5949=CARTESIAN_POINT('Ctrl Pts',(3.36793325940294,-4.94097558570372,1.98818721507188));
#5950=CARTESIAN_POINT('Ctrl Pts',(3.41743391775128,-4.9418978421771,1.89711744498594));
#5951=CARTESIAN_POINT('Ctrl Pts',(3.06627224006119,-5.02746762464054,2.31551316734765));
#5952=CARTESIAN_POINT('Ctrl Pts',(3.08938772410406,-5.01591691559915,2.29999170473102));
#5953=CARTESIAN_POINT('Ctrl Pts',(3.14165730335433,-4.99447420508679,2.25150834260304));
#5954=CARTESIAN_POINT('Ctrl Pts',(3.27837269435811,-4.96732028843369,2.06958660483704));
#5955=CARTESIAN_POINT('Ctrl Pts',(3.35133819968522,-4.96878331196522,1.9435291530823));
#5956=CARTESIAN_POINT('Ctrl Pts',(3.38429632531389,-4.97037177997628,1.87872179895128));
#5957=CARTESIAN_POINT('Ctrl Pts',(3.14042503836039,-5.00205373310673,2.07360614783689));
#5958=CARTESIAN_POINT('Ctrl Pts',(3.16040615762171,-4.99898100136982,2.06393062249135));
#5959=CARTESIAN_POINT('Ctrl Pts',(3.20480952195066,-4.9939350777142,2.02789143703037));
#5960=CARTESIAN_POINT('Ctrl Pts',(3.27844612173203,-4.99312922534356,1.94539681422258));
#5961=CARTESIAN_POINT('Ctrl Pts',(3.3103577909323,-4.99463838778404,1.88542418343367));
#5962=CARTESIAN_POINT('Ctrl Pts',(3.32813842833918,-4.99520041173869,1.84754690908111));
#5963=CARTESIAN_POINT('Ctrl Pts',(3.17651211791501,-5.,1.95198405825804));
#5964=CARTESIAN_POINT('Ctrl Pts',(3.18745976195362,-5.,1.95308820683258));
#5965=CARTESIAN_POINT('Ctrl Pts',(3.211073982651,-5.,1.94448840346167));
#5966=CARTESIAN_POINT('Ctrl Pts',(3.25072336743396,-5.,1.90053471368039));
#5967=CARTESIAN_POINT('Ctrl Pts',(3.27677012198354,-5.,1.85412481818673));
#5968=CARTESIAN_POINT('Ctrl Pts',(3.29066613841597,-5.,1.82674494578707));
#5969=CARTESIAN_POINT('Ctrl Pts',(3.18934073875508,-5.,1.90937804412746));
#5970=CARTESIAN_POINT('Ctrl Pts',(3.19551790077719,-5.,1.9110576553778));
#5971=CARTESIAN_POINT('Ctrl Pts',(3.20993127882878,-5.,1.90643872028937));
#5972=CARTESIAN_POINT('Ctrl Pts',(3.23772850792826,-5.,1.87557584488941));
#5973=CARTESIAN_POINT('Ctrl Pts',(3.26037810200933,-5.,1.83904427944456));
#5974=CARTESIAN_POINT('Ctrl Pts',(3.27273242605355,-5.,1.81678941792759));
#5975=CARTESIAN_POINT('',(3.18934073875508,-5.,1.90937804412746));
#5976=CARTESIAN_POINT('Ctrl Pts',(3.0157184623799,-5.08640306318808,2.45404961274705));
#5977=CARTESIAN_POINT('Ctrl Pts',(3.03274001815658,-5.06106607432074,2.40912716886246));
#5978=CARTESIAN_POINT('Ctrl Pts',(3.06627224006119,-5.02746762464054,2.31551316734765));
#5979=CARTESIAN_POINT('Ctrl Pts',(3.14042503836039,-5.00205373310673,2.07360614783689));
#5980=CARTESIAN_POINT('Ctrl Pts',(3.17651211791501,-5.,1.95198405825804));
#5981=CARTESIAN_POINT('Ctrl Pts',(3.18934073875508,-5.,1.90937804412746));
#5982=CARTESIAN_POINT('',(3.27273242605355,-5.,1.81678941792759));
#5983=CARTESIAN_POINT('Ctrl Pts',(3.18934073875508,-5.,1.90937804412746));
#5984=CARTESIAN_POINT('Ctrl Pts',(3.21713796785457,-5.,1.91693629475398));
#5985=CARTESIAN_POINT('Ctrl Pts',(3.27273242605355,-5.,1.81678941792759));
#5986=CARTESIAN_POINT('Ctrl Pts',(3.43194072822825,-4.92528885523878,1.90517059945486));
#5987=CARTESIAN_POINT('Ctrl Pts',(3.42573176436665,-4.9324363139351,1.90172382215335));
#5988=CARTESIAN_POINT('Ctrl Pts',(3.37983291596319,-4.97930757564665,1.876244029974));
#5989=CARTESIAN_POINT('Ctrl Pts',(3.31884768641407,-5.,1.84238934670912));
#5990=CARTESIAN_POINT('Ctrl Pts',(3.27273242605355,-5.,1.81678941792759));
#5991=CARTESIAN_POINT('Ctrl Pts',(3.01571844359518,-5.08640306746017,-2.45404963173784));
#5992=CARTESIAN_POINT('Ctrl Pts',(3.03755506345828,-5.06105407223996,-2.4383301024566));
#5993=CARTESIAN_POINT('Ctrl Pts',(3.0875106081442,-5.01535812607478,-2.39717261053533));
#5994=CARTESIAN_POINT('Ctrl Pts',(3.24478376717707,-4.94328191715459,-2.21353416063371));
#5995=CARTESIAN_POINT('Ctrl Pts',(3.37259220373139,-4.92529722565627,-2.01209732998098));
#5996=CARTESIAN_POINT('Ctrl Pts',(3.43194800480823,-4.92529722565627,-1.90517484815373));
#5997=CARTESIAN_POINT('Ctrl Pts',(3.02053350936155,-5.08639106136792,-2.48325254428437));
#5998=CARTESIAN_POINT('Ctrl Pts',(3.0426720814359,-5.05935421073975,-2.46379391708931));
#5999=CARTESIAN_POINT('Ctrl Pts',(3.09466951823749,-5.00958958096847,-2.41630765204061));
#6000=CARTESIAN_POINT('Ctrl Pts',(3.25684016978387,-4.93014492096354,-2.22364819680654));
#6001=CARTESIAN_POINT('Ctrl Pts',(3.38384631639248,-4.90961886560882,-2.02412703619203));
#6002=CARTESIAN_POINT('Ctrl Pts',(3.44646218028898,-4.90869660913544,-1.91323209203646));
#6003=CARTESIAN_POINT('Ctrl Pts',(3.02967396897408,-5.08578783525042,-2.52618223591428));
#6004=CARTESIAN_POINT('Ctrl Pts',(3.0536242047576,-5.05392392982205,-2.50222318305726));
#6005=CARTESIAN_POINT('Ctrl Pts',(3.11272661867117,-4.99255410931597,-2.44421462558956));
#6006=CARTESIAN_POINT('Ctrl Pts',(3.28280328177321,-4.89609431370957,-2.23528046307014));
#6007=CARTESIAN_POINT('Ctrl Pts',(3.40375189011499,-4.87343439734501,-2.04556270482064));
#6008=CARTESIAN_POINT('Ctrl Pts',(3.47135738398979,-4.87079542411994,-1.92705214871098));
#6009=CARTESIAN_POINT('Ctrl Pts',(3.03042371239087,-5.0574602069137,-2.59238559911751));
#6010=CARTESIAN_POINT('Ctrl Pts',(3.06150399891903,-5.01098327200832,-2.55884845001939));
#6011=CARTESIAN_POINT('Ctrl Pts',(3.13847543843312,-4.92446227100332,-2.4734754695527));
#6012=CARTESIAN_POINT('Ctrl Pts',(3.29915391858861,-4.8320894836602,-2.25788027896795));
#6013=CARTESIAN_POINT('Ctrl Pts',(3.42383870352467,-4.80940287599045,-2.06264877868308));
#6014=CARTESIAN_POINT('Ctrl Pts',(3.49306544030771,-4.80656472156236,-1.93910292653199));
#6015=CARTESIAN_POINT('Ctrl Pts',(3.02408039244774,-5.01985433542937,-2.6182040084043));
#6016=CARTESIAN_POINT('Ctrl Pts',(3.06091402212951,-4.96695994252416,-2.5756447820295));
#6017=CARTESIAN_POINT('Ctrl Pts',(3.14710486067141,-4.87590125150711,-2.47269310786802));
#6018=CARTESIAN_POINT('Ctrl Pts',(3.31015425563487,-4.78736590625386,-2.2527399382827));
#6019=CARTESIAN_POINT('Ctrl Pts',(3.43391319730997,-4.76484525785667,-2.0555474791343));
#6020=CARTESIAN_POINT('Ctrl Pts',(3.49726179447158,-4.76370571796947,-1.94143244562603));
#6021=CARTESIAN_POINT('Ctrl Pts',(3.01924018714693,-5.00617985678305,-2.62377375021494));
#6022=CARTESIAN_POINT('Ctrl Pts',(3.05979384286809,-4.94773855527571,-2.57710767350806));
#6023=CARTESIAN_POINT('Ctrl Pts',(3.15233197750214,-4.8503363860968,-2.4663713383977));
#6024=CARTESIAN_POINT('Ctrl Pts',(3.31729925323331,-4.76267443383578,-2.24214207959199));
#6025=CARTESIAN_POINT('Ctrl Pts',(3.43724733400268,-4.743194,-2.04954142473913));
#6026=CARTESIAN_POINT('Ctrl Pts',(3.49726179447158,-4.743194,-1.94143244562603));
#6027=CARTESIAN_POINT('',(3.01571844359518,-5.08640306746017,-2.45404963173784));
#6028=CARTESIAN_POINT('',(3.43194800480823,-4.92529722565627,-1.90517484815373));
#6029=CARTESIAN_POINT('Ctrl Pts',(3.01571844359518,-5.08640306746017,-2.45404963173784));
#6030=CARTESIAN_POINT('Ctrl Pts',(3.03755506345828,-5.06105407223996,-2.4383301024566));
#6031=CARTESIAN_POINT('Ctrl Pts',(3.0875106081442,-5.01535812607478,-2.39717261053533));
#6032=CARTESIAN_POINT('Ctrl Pts',(3.24478376717707,-4.94328191715459,-2.21353416063371));
#6033=CARTESIAN_POINT('Ctrl Pts',(3.37259220373139,-4.92529722565627,-2.01209732998098));
#6034=CARTESIAN_POINT('Ctrl Pts',(3.43194800480823,-4.92529722565627,-1.90517484815373));
#6035=CARTESIAN_POINT('',(3.01924018714693,-5.00617985678305,-2.62377375021494));
#6036=CARTESIAN_POINT('Ctrl Pts',(3.01571844359518,-5.08640306746017,-2.45404963173784));
#6037=CARTESIAN_POINT('Ctrl Pts',(3.02053350936155,-5.08639106136792,-2.48325254428437));
#6038=CARTESIAN_POINT('Ctrl Pts',(3.02967396897408,-5.08578783525042,-2.52618223591428));
#6039=CARTESIAN_POINT('Ctrl Pts',(3.03042371239087,-5.0574602069137,-2.59238559911751));
#6040=CARTESIAN_POINT('Ctrl Pts',(3.02408039244774,-5.01985433542937,-2.6182040084043));
#6041=CARTESIAN_POINT('Ctrl Pts',(3.01924018714693,-5.00617985678305,-2.62377375021494));
#6042=CARTESIAN_POINT('',(3.02357537565094,-5.00000000000001,-2.61877680373057));
#6043=CARTESIAN_POINT('Ctrl Pts',(3.01924018714693,-5.00617985678306,-2.62377375021494));
#6044=CARTESIAN_POINT('Ctrl Pts',(3.02067812931257,-5.00410765860122,-2.62211907523661));
#6045=CARTESIAN_POINT('Ctrl Pts',(3.02212320898978,-5.0020477063402,-2.62045343968969));
#6046=CARTESIAN_POINT('Ctrl Pts',(3.02357537565094,-5.00000000000001,-2.61877680373057));
#6047=CARTESIAN_POINT('',(3.49726179447158,-4.743194,-1.94143244562603));
#6048=CARTESIAN_POINT('Ctrl Pts',(3.02357537565094,-5.00000000000001,-2.61877680373057));
#6049=CARTESIAN_POINT('Ctrl Pts',(3.04681617632588,-4.96722804884177,-2.59194354610776));
#6050=CARTESIAN_POINT('Ctrl Pts',(3.07187618871838,-4.93759270892718,-2.56229429442358));
#6051=CARTESIAN_POINT('Ctrl Pts',(3.09852303207161,-4.91109398025626,-2.52965511873096));
#6052=CARTESIAN_POINT('Ctrl Pts',(3.12494454577717,-4.88481932875335,-2.49729194473436));
#6053=CARTESIAN_POINT('Ctrl Pts',(3.15292636364054,-4.86162846548501,-2.46198874369595));
#6054=CARTESIAN_POINT('Ctrl Pts',(3.18219298624311,-4.84152139045125,-2.42356097474463));
#6055=CARTESIAN_POINT('Ctrl Pts',(3.21094789848611,-4.82176587626327,-2.38580509362043));
#6056=CARTESIAN_POINT('Ctrl Pts',(3.24094318279794,-4.80498725645112,-2.34503244090512));
#6057=CARTESIAN_POINT('Ctrl Pts',(3.27186796847645,-4.79118553101478,-2.30106062433344));
#6058=CARTESIAN_POINT('Ctrl Pts',(3.30238958621915,-4.77756373934461,-2.25766207047424));
#6059=CARTESIAN_POINT('Ctrl Pts',(3.33381673526959,-4.76684172818334,-2.21114668502438));
#6060=CARTESIAN_POINT('Ctrl Pts',(3.36580021238791,-4.75901949753098,-2.16133961475043));
#6061=CARTESIAN_POINT('Ctrl Pts',(3.39708878197811,-4.75136722110051,-2.11261470661785));
#6062=CARTESIAN_POINT('Ctrl Pts',(3.42890975551957,-4.74649008654727,-2.06073905676114));
#6063=CARTESIAN_POINT('Ctrl Pts',(3.46088712222813,-4.74438809387126,-2.0055573607343));
#6064=CARTESIAN_POINT('Ctrl Pts',(3.47299752839705,-4.74359203129042,-1.9846590560657));
#6065=CARTESIAN_POINT('Ctrl Pts',(3.48512985600209,-4.743194,-1.96328670328913));
#6066=CARTESIAN_POINT('Ctrl Pts',(3.49726179447158,-4.743194,-1.94143244562603));
#6067=CARTESIAN_POINT('Ctrl Pts',(3.43194063942911,-4.92528885523878,-1.90517075941606));
#6068=CARTESIAN_POINT('Ctrl Pts',(3.45051593726415,-4.90390587082422,-1.91548245125484));
#6069=CARTESIAN_POINT('Ctrl Pts',(3.48636037990575,-4.8448078482685,-1.93538075113328));
#6070=CARTESIAN_POINT('Ctrl Pts',(3.49726179447158,-4.77835694509053,-1.94143244562603));
#6071=CARTESIAN_POINT('Ctrl Pts',(3.49726179447158,-4.743194,-1.94143244562603));
#6072=CARTESIAN_POINT('Ctrl Pts',(3.01571844359518,-5.08640306746017,-2.45404963173784));
#6073=CARTESIAN_POINT('Ctrl Pts',(3.02053350936155,-5.08639106136792,-2.48325254428437));
#6074=CARTESIAN_POINT('Ctrl Pts',(3.02967396897408,-5.08578783525042,-2.52618223591428));
#6075=CARTESIAN_POINT('Ctrl Pts',(3.03042371239087,-5.0574602069137,-2.59238559911751));
#6076=CARTESIAN_POINT('Ctrl Pts',(3.02408039244774,-5.01985433542937,-2.6182040084043));
#6077=CARTESIAN_POINT('Ctrl Pts',(3.01924018714693,-5.00617985678305,-2.62377375021494));
#6078=CARTESIAN_POINT('Ctrl Pts',(2.99869688949845,-5.11174005658813,-2.49897207356561));
#6079=CARTESIAN_POINT('Ctrl Pts',(3.00229206884979,-5.11273498985645,-2.52385463811008));
#6080=CARTESIAN_POINT('Ctrl Pts',(3.00747258752751,-5.11506538563961,-2.56309769398555));
#6081=CARTESIAN_POINT('Ctrl Pts',(2.99795219707961,-5.09661817515679,-2.63296149669779));
#6082=CARTESIAN_POINT('Ctrl Pts',(2.986708962177,-5.07122934181832,-2.66138209498027));
#6083=CARTESIAN_POINT('Ctrl Pts',(2.97868653142578,-5.0646211582904,-2.67043982692182));
#6084=CARTESIAN_POINT('Ctrl Pts',(2.96708127728996,-5.17514936355638,-2.57697366799058));
#6085=CARTESIAN_POINT('Ctrl Pts',(2.96715195422703,-5.17918035801137,-2.59612529983983));
#6086=CARTESIAN_POINT('Ctrl Pts',(2.96267133776958,-5.19031441402028,-2.63234731710336));
#6087=CARTESIAN_POINT('Ctrl Pts',(2.93682946077502,-5.19739497839289,-2.70796938728425));
#6088=CARTESIAN_POINT('Ctrl Pts',(2.92043089825952,-5.19522397579707,-2.73427094789482));
#6089=CARTESIAN_POINT('Ctrl Pts',(2.90900490379479,-5.20098419514088,-2.74637502983395));
#6090=CARTESIAN_POINT('Ctrl Pts',(2.90397782827424,-5.40409418582681,-2.70570324552681));
#6091=CARTESIAN_POINT('Ctrl Pts',(2.89959388254519,-5.41426343128206,-2.71949482486389));
#6092=CARTESIAN_POINT('Ctrl Pts',(2.88720337457306,-5.43672086698967,-2.75039662048448));
#6093=CARTESIAN_POINT('Ctrl Pts',(2.86917058587672,-5.44152221274996,-2.78805983931613));
#6094=CARTESIAN_POINT('Ctrl Pts',(2.85406576010973,-5.45186745040273,-2.8028117200196));
#6095=CARTESIAN_POINT('Ctrl Pts',(2.84421834207214,-5.46397005192392,-2.81273596437696));
#6096=CARTESIAN_POINT('Ctrl Pts',(2.88536415581346,-5.65684158441847,-2.74403410632889));
#6097=CARTESIAN_POINT('Ctrl Pts',(2.88129814327869,-5.65841143201191,-2.75385606899575));
#6098=CARTESIAN_POINT('Ctrl Pts',(2.87176520793498,-5.65967704292735,-2.77337570491027));
#6099=CARTESIAN_POINT('Ctrl Pts',(2.85312733994561,-5.66144130744128,-2.80151028401791));
#6100=CARTESIAN_POINT('Ctrl Pts',(2.8378738255624,-5.67176134617227,-2.8189730957957));
#6101=CARTESIAN_POINT('Ctrl Pts',(2.82959580471179,-5.67825482411753,-2.82725796169318));
#6102=CARTESIAN_POINT('Ctrl Pts',(2.88536415581346,-5.79513742713222,-2.74403410632889));
#6103=CARTESIAN_POINT('Ctrl Pts',(2.88105896607077,-5.79513742713222,-2.75443383150557));
#6104=CARTESIAN_POINT('Ctrl Pts',(2.87105372066036,-5.79513742713222,-2.77465549470452));
#6105=CARTESIAN_POINT('Ctrl Pts',(2.85221559953598,-5.79513742713222,-2.80264461373886));
#6106=CARTESIAN_POINT('Ctrl Pts',(2.83743814025447,-5.79513742713222,-2.81940914136925));
#6107=CARTESIAN_POINT('Ctrl Pts',(2.82959580471179,-5.79513742713222,-2.82725796169318));
#6108=CARTESIAN_POINT('',(2.88536415581346,-5.79513742713222,-2.74403410632889));
#6109=CARTESIAN_POINT('Ctrl Pts',(3.01571844359518,-5.08640306746017,-2.45404963173784));
#6110=CARTESIAN_POINT('Ctrl Pts',(2.99869688949845,-5.11174005658813,-2.49897207356561));
#6111=CARTESIAN_POINT('Ctrl Pts',(2.96708127728996,-5.17514936355637,-2.57697366799057));
#6112=CARTESIAN_POINT('Ctrl Pts',(2.90397782827424,-5.40409418582681,-2.70570324552681));
#6113=CARTESIAN_POINT('Ctrl Pts',(2.88536415581346,-5.65684158441847,-2.74403410632889));
#6114=CARTESIAN_POINT('Ctrl Pts',(2.88536415581346,-5.79513742713222,-2.74403410632889));
#6115=CARTESIAN_POINT('',(2.82959580471179,-5.79513742713222,-2.82725796169317));
#6116=CARTESIAN_POINT('Ctrl Pts',(2.82959580471179,-5.79513742713222,-2.82725796169317));
#6117=CARTESIAN_POINT('Ctrl Pts',(2.85312194384943,-5.79513742713222,-2.80371236892913));
#6118=CARTESIAN_POINT('Ctrl Pts',(2.87238612663979,-5.79513742713222,-2.77517284176004));
#6119=CARTESIAN_POINT('Ctrl Pts',(2.88534970159378,-5.79513742713222,-2.74402808995865));
#6120=CARTESIAN_POINT('',(2.90473750966024,-5.24227923247746,-2.74999999999506));
#6121=CARTESIAN_POINT('Ctrl Pts',(2.82959580471179,-5.79513742713222,-2.82725796169318));
#6122=CARTESIAN_POINT('Ctrl Pts',(2.82959580471179,-5.72796241951041,-2.82725796169318));
#6123=CARTESIAN_POINT('Ctrl Pts',(2.83200454138999,-5.66400465831977,-2.82485337907808));
#6124=CARTESIAN_POINT('Ctrl Pts',(2.83680354588237,-5.60326414356032,-2.82002582294369));
#6125=CARTESIAN_POINT('Ctrl Pts',(2.84160226797268,-5.54252720313536,-2.81519855089152));
#6126=CARTESIAN_POINT('Ctrl Pts',(2.84879103840771,-5.48500713050875,-2.80794852690347));
#6127=CARTESIAN_POINT('Ctrl Pts',(2.85831399385491,-5.43070392568049,-2.79822106212737));
#6128=CARTESIAN_POINT('Ctrl Pts',(2.86783272903066,-5.3764247863082,-2.78849790825476));
#6129=CARTESIAN_POINT('Ctrl Pts',(2.87968369986892,-5.32535966413874,-2.77629937796101));
#6130=CARTESIAN_POINT('Ctrl Pts',(2.89377239528181,-5.27750855917209,-2.761536044361));
#6131=CARTESIAN_POINT('Ctrl Pts',(2.89728884436151,-5.26556522665684,-2.75785120986571));
#6132=CARTESIAN_POINT('Ctrl Pts',(2.90094450301226,-5.25382211775863,-2.75400643224408));
#6133=CARTESIAN_POINT('Ctrl Pts',(2.90473750966024,-5.24227923247746,-2.74999999999506));
#6134=CARTESIAN_POINT('Ctrl Pts',(2.90473750966024,-5.24227923247746,-2.74999999999506));
#6135=CARTESIAN_POINT('Ctrl Pts',(2.91989048075984,-5.19616568106446,-2.73399439870928));
#6136=CARTESIAN_POINT('Ctrl Pts',(2.9372388161989,-5.15324766543203,-2.7154111437315));
#6137=CARTESIAN_POINT('Ctrl Pts',(2.95663769787118,-5.11352518558018,-2.69412203204068));
#6138=CARTESIAN_POINT('Ctrl Pts',(2.97560381741032,-5.0746888591368,-2.67330785089192));
#6139=CARTESIAN_POINT('Ctrl Pts',(2.99653007246347,-5.03890708287109,-2.64990683082122));
#6140=CARTESIAN_POINT('Ctrl Pts',(3.01924018714693,-5.00617985678306,-2.62377375021494));
#6141=CARTESIAN_POINT('Ctrl Pts',(3.01571844359518,-5.08640306746017,-2.45404963173784));
#6142=CARTESIAN_POINT('Ctrl Pts',(2.99869688949845,-5.11174005658813,-2.49897207356561));
#6143=CARTESIAN_POINT('Ctrl Pts',(2.96708127728996,-5.17514936355637,-2.57697366799057));
#6144=CARTESIAN_POINT('Ctrl Pts',(2.90397782827424,-5.40409418582681,-2.70570324552681));
#6145=CARTESIAN_POINT('Ctrl Pts',(2.88536415581346,-5.65684158441847,-2.74403410632889));
#6146=CARTESIAN_POINT('Ctrl Pts',(2.88536415581346,-5.79513742713222,-2.74403410632889));
#6147=CARTESIAN_POINT('Ctrl Pts',(2.99388182373208,-5.11175206268039,-2.46976916101908));
#6148=CARTESIAN_POINT('Ctrl Pts',(2.98031521020508,-5.13916438657643,-2.51078096273146));
#6149=CARTESIAN_POINT('Ctrl Pts',(2.95490085445362,-5.20628072354554,-2.58405549665618));
#6150=CARTESIAN_POINT('Ctrl Pts',(2.90218673629215,-5.43743968915621,-2.70384660234772));
#6151=CARTESIAN_POINT('Ctrl Pts',(2.88943016834823,-5.670637941571,-2.73421214366202));
#6152=CARTESIAN_POINT('Ctrl Pts',(2.88966934555616,-5.79513742713222,-2.73363438115221));
#6153=CARTESIAN_POINT('Ctrl Pts',(2.96047905489382,-5.16480199346185,-2.48610447589632));
#6154=CARTESIAN_POINT('Ctrl Pts',(2.95205449612856,-5.19547214314091,-2.52453051962746));
#6155=CARTESIAN_POINT('Ctrl Pts',(2.93517342840379,-5.26992161420092,-2.59652037222012));
#6156=CARTESIAN_POINT('Ctrl Pts',(2.89934773806182,-5.50405636169125,-2.69919008248452));
#6157=CARTESIAN_POINT('Ctrl Pts',(2.89648334139661,-5.69256271342337,-2.71366595685151));
#6158=CARTESIAN_POINT('Ctrl Pts',(2.89688461001603,-5.79513742713222,-2.71225774537788));
#6159=CARTESIAN_POINT('Ctrl Pts',(2.91663907066375,-5.27849558942278,-2.49829498516367));
#6160=CARTESIAN_POINT('Ctrl Pts',(2.91374334695194,-5.31306749253213,-2.53758367325221));
#6161=CARTESIAN_POINT('Ctrl Pts',(2.90661978313377,-5.39823164109022,-2.60549477717674));
#6162=CARTESIAN_POINT('Ctrl Pts',(2.90077658546622,-5.57987235109253,-2.66794543261214));
#6163=CARTESIAN_POINT('Ctrl Pts',(2.90318486132397,-5.71535293754549,-2.68059006993345));
#6164=CARTESIAN_POINT('Ctrl Pts',(2.90334165779814,-5.79513742713222,-2.67914321494553));
#6165=CARTESIAN_POINT('Ctrl Pts',(2.90473750965559,-5.35721667277591,-2.45670505316053));
#6166=CARTESIAN_POINT('Ctrl Pts',(2.90473750965559,-5.38811073517817,-2.49994050852494));
#6167=CARTESIAN_POINT('Ctrl Pts',(2.90473750965559,-5.46104004957799,-2.57283306135718));
#6168=CARTESIAN_POINT('Ctrl Pts',(2.90473750965559,-5.60783105539816,-2.64160072565996));
#6169=CARTESIAN_POINT('Ctrl Pts',(2.90473750965559,-5.72858350638991,-2.65745549020129));
#6170=CARTESIAN_POINT('Ctrl Pts',(2.90473750965559,-5.79513742713222,-2.65683908333099));
#6171=CARTESIAN_POINT('Ctrl Pts',(2.90473750965559,-5.39138885678305,-2.43094692360453));
#6172=CARTESIAN_POINT('Ctrl Pts',(2.90473750965559,-5.4212961582904,-2.47867955384031));
#6173=CARTESIAN_POINT('Ctrl Pts',(2.90473750965559,-5.49107986180754,-2.55823393756661));
#6174=CARTESIAN_POINT('Ctrl Pts',(2.90473750965559,-5.62566271859059,-2.62983288292028));
#6175=CARTESIAN_POINT('Ctrl Pts',(2.90473750965559,-5.73532282411753,-2.64574375966553));
#6176=CARTESIAN_POINT('Ctrl Pts',(2.90473750965559,-5.79513742713222,-2.64574375966553));
#6177=CARTESIAN_POINT('',(2.90473750965559,-5.39138885678305,-2.43094692360453));
#6178=CARTESIAN_POINT('Ctrl Pts',(3.01571844359518,-5.08640306746017,-2.45404963173784));
#6179=CARTESIAN_POINT('Ctrl Pts',(2.99388182373208,-5.11175206268039,-2.46976916101908));
#6180=CARTESIAN_POINT('Ctrl Pts',(2.96047905489382,-5.16480199346185,-2.48610447589632));
#6181=CARTESIAN_POINT('Ctrl Pts',(2.91663907066375,-5.27849558942278,-2.49829498516367));
#6182=CARTESIAN_POINT('Ctrl Pts',(2.90473750965559,-5.35721667277591,-2.45670505316053));
#6183=CARTESIAN_POINT('Ctrl Pts',(2.90473750965559,-5.39138885678305,-2.43094692360453));
#6184=CARTESIAN_POINT('',(2.90473750965559,-5.79513742713222,-2.64574375966553));
#6185=CARTESIAN_POINT('Ctrl Pts',(2.90473750965559,-5.3913888567809,-2.4309469236011));
#6186=CARTESIAN_POINT('Ctrl Pts',(2.90473750965559,-5.52597171356396,-2.64574375966553));
#6187=CARTESIAN_POINT('Ctrl Pts',(2.90473750965559,-5.79513742713222,-2.64574375966553));
#6188=CARTESIAN_POINT('Ctrl Pts',(2.88534970159378,-5.79513742713222,-2.74402808995865));
#6189=CARTESIAN_POINT('Ctrl Pts',(2.88720218717235,-5.79513742713222,-2.73957752722692));
#6190=CARTESIAN_POINT('Ctrl Pts',(2.89926629940374,-5.79513742713222,-2.70805816640597));
#6191=CARTESIAN_POINT('Ctrl Pts',(2.90473750965559,-5.79513742713222,-2.67427459194813));
#6192=CARTESIAN_POINT('Ctrl Pts',(2.90473750965559,-5.79513742713222,-2.64574375966553));
#6193=CARTESIAN_POINT('Ctrl Pts',(3.01571844359518,-5.08640306746017,-2.45404963173784));
#6194=CARTESIAN_POINT('Ctrl Pts',(2.99388182373208,-5.11175206268039,-2.46976916101908));
#6195=CARTESIAN_POINT('Ctrl Pts',(2.96047905489382,-5.16480199346185,-2.48610447589632));
#6196=CARTESIAN_POINT('Ctrl Pts',(2.91663907066375,-5.27849558942278,-2.49829498516367));
#6197=CARTESIAN_POINT('Ctrl Pts',(2.90473750965559,-5.35721667277591,-2.45670505316053));
#6198=CARTESIAN_POINT('Ctrl Pts',(2.90473750965559,-5.39138885678305,-2.43094692360453));
#6199=CARTESIAN_POINT('Ctrl Pts',(3.01090337782881,-5.08641507355243,-2.42484671919131));
#6200=CARTESIAN_POINT('Ctrl Pts',(2.99134290911248,-5.10819762067489,-2.43782591968949));
#6201=CARTESIAN_POINT('Ctrl Pts',(2.9593791216277,-5.15554878099891,-2.45111645058858));
#6202=CARTESIAN_POINT('Ctrl Pts',(2.91585959486804,-5.25918098687036,-2.45534081217906));
#6203=CARTESIAN_POINT('Ctrl Pts',(2.90473750965559,-5.33011951970778,-2.410607583401));
#6204=CARTESIAN_POINT('Ctrl Pts',(2.90473750965559,-5.36148155527571,-2.38321429336876));
#6205=CARTESIAN_POINT('Ctrl Pts',(3.00057749235903,-5.0846402073439,-2.35760018201772));
#6206=CARTESIAN_POINT('Ctrl Pts',(2.98378179833586,-5.10220905043713,-2.36532291749927));
#6207=CARTESIAN_POINT('Ctrl Pts',(2.95336772883856,-5.14211082545586,-2.36946994665369));
#6208=CARTESIAN_POINT('Ctrl Pts',(2.91211973643648,-5.22934800408408,-2.34981991618645));
#6209=CARTESIAN_POINT('Ctrl Pts',(2.90473750965559,-5.28518978447692,-2.30082522399265));
#6210=CARTESIAN_POINT('Ctrl Pts',(2.90473750965559,-5.31163605276347,-2.27183815615194));
#6211=CARTESIAN_POINT('Ctrl Pts',(2.98187529966587,-5.08150895814564,-2.12546463698063));
#6212=CARTESIAN_POINT('Ctrl Pts',(2.96640174630833,-5.09650612612366,-2.12654764437344));
#6213=CARTESIAN_POINT('Ctrl Pts',(2.93803097709237,-5.1315681571959,-2.12032020043883));
#6214=CARTESIAN_POINT('Ctrl Pts',(2.90995098082726,-5.19820493390985,-2.10923411268093));
#6215=CARTESIAN_POINT('Ctrl Pts',(2.90473750965559,-5.24385224090513,-2.07735105041872));
#6216=CARTESIAN_POINT('Ctrl Pts',(2.90473750965559,-5.26677510050245,-2.05704132009094));
#6217=CARTESIAN_POINT('Ctrl Pts',(2.97944028399933,-5.07470277434374,-1.90159295061742));
#6218=CARTESIAN_POINT('Ctrl Pts',(2.96376192395187,-5.09038113439119,-1.90563974285171));
#6219=CARTESIAN_POINT('Ctrl Pts',(2.93595419769037,-5.12656560265499,-1.91111740982303));
#6220=CARTESIAN_POINT('Ctrl Pts',(2.91009912187155,-5.19059712400956,-1.90642127260798));
#6221=CARTESIAN_POINT('Ctrl Pts',(2.90473750965559,-5.23515474214334,-1.8903855093269));
#6222=CARTESIAN_POINT('Ctrl Pts',(2.90473750965559,-5.256806,-1.88202167589309));
#6223=CARTESIAN_POINT('Ctrl Pts',(2.97944028399933,-5.07470277434374,-1.78655641542154));
#6224=CARTESIAN_POINT('Ctrl Pts',(2.9628396674785,-5.09130339086457,-1.78655641542154));
#6225=CARTESIAN_POINT('Ctrl Pts',(2.93436572967931,-5.12920457588006,-1.78655641542154));
#6226=CARTESIAN_POINT('Ctrl Pts',(2.9095370979169,-5.19343527843765,-1.78655641542154));
#6227=CARTESIAN_POINT('Ctrl Pts',(2.90473750965559,-5.23629428203053,-1.78655641542154));
#6228=CARTESIAN_POINT('Ctrl Pts',(2.90473750965559,-5.256806,-1.78655641542154));
#6229=CARTESIAN_POINT('',(2.97944028399933,-5.07470277434374,-1.78655641542154));
#6230=CARTESIAN_POINT('Ctrl Pts',(3.01571844359518,-5.08640306746017,-2.45404963173784));
#6231=CARTESIAN_POINT('Ctrl Pts',(3.01090337782881,-5.08641507355243,-2.42484671919131));
#6232=CARTESIAN_POINT('Ctrl Pts',(3.00057749235903,-5.0846402073439,-2.35760018201772));
#6233=CARTESIAN_POINT('Ctrl Pts',(2.98187529966587,-5.08150895814564,-2.12546463698063));
#6234=CARTESIAN_POINT('Ctrl Pts',(2.97944028399933,-5.07470277434374,-1.90159295061742));
#6235=CARTESIAN_POINT('Ctrl Pts',(2.97944028399933,-5.07470277434374,-1.78655641542154));
#6236=CARTESIAN_POINT('',(2.90473750965559,-5.256806,-1.78655641542154));
#6237=CARTESIAN_POINT('Ctrl Pts',(2.90473750965559,-5.256806,-1.78655641542154));
#6238=CARTESIAN_POINT('Ctrl Pts',(2.90473750965559,-5.22164305490948,-1.78655641542154));
#6239=CARTESIAN_POINT('Ctrl Pts',(2.9172061259648,-5.15519259486884,-1.78655641542154));
#6240=CARTESIAN_POINT('Ctrl Pts',(2.9582033377305,-5.09609369819033,-1.78655641542154));
#6241=CARTESIAN_POINT('Ctrl Pts',(2.97944832558882,-5.0747107644863,-1.78655641542154));
#6242=CARTESIAN_POINT('Ctrl Pts',(2.90473750965559,-5.256806,-1.78655641542154));
#6243=CARTESIAN_POINT('Ctrl Pts',(2.90473750965559,-5.256806,-2.2161500875401));
#6244=CARTESIAN_POINT('Ctrl Pts',(2.90473750965559,-5.3913888567809,-2.4309469236011));
#6245=CARTESIAN_POINT('Ctrl Pts',(3.01571844359518,-5.08640306746017,-2.45404963173784));
#6246=CARTESIAN_POINT('Ctrl Pts',(3.01090337782881,-5.08641507355243,-2.42484671919131));
#6247=CARTESIAN_POINT('Ctrl Pts',(3.00057749235903,-5.0846402073439,-2.35760018201772));
#6248=CARTESIAN_POINT('Ctrl Pts',(2.98187529966587,-5.08150895814564,-2.12546463698063));
#6249=CARTESIAN_POINT('Ctrl Pts',(2.97944028399933,-5.07470277434374,-1.90159295061742));
#6250=CARTESIAN_POINT('Ctrl Pts',(2.97944028399933,-5.07470277434374,-1.78655641542154));
#6251=CARTESIAN_POINT('Ctrl Pts',(3.0327399976919,-5.06106607833221,-2.40912718991007));
#6252=CARTESIAN_POINT('Ctrl Pts',(3.02580086118973,-5.06396094845435,-2.38109469635218));
#6253=CARTESIAN_POINT('Ctrl Pts',(3.01344029173587,-5.06657602996632,-2.31382220875974));
#6254=CARTESIAN_POINT('Ctrl Pts',(2.99609282939715,-5.06539375118427,-2.083290998217));
#6255=CARTESIAN_POINT('Ctrl Pts',(2.99511864404678,-5.05902441429629,-1.88476432113914));
#6256=CARTESIAN_POINT('Ctrl Pts',(2.99604090052016,-5.05810215782291,-1.78655641542154));
#6257=CARTESIAN_POINT('Ctrl Pts',(3.06627221673657,-5.02746762810933,-2.31551319222891));
#6258=CARTESIAN_POINT('Ctrl Pts',(3.05690480408096,-5.03199222860652,-2.28837548902428));
#6259=CARTESIAN_POINT('Ctrl Pts',(3.04301214079211,-5.03790899188699,-2.21759534886827));
#6260=CARTESIAN_POINT('Ctrl Pts',(3.03026265615974,-5.03593149174162,-1.99376988917311));
#6261=CARTESIAN_POINT('Ctrl Pts',(3.03130311231059,-5.03121668803479,-1.85490978678274));
#6262=CARTESIAN_POINT('Ctrl Pts',(3.03394208553565,-5.02962822002372,-1.78655641542154));
#6263=CARTESIAN_POINT('Ctrl Pts',(3.14042501405478,-5.0020537342007,-2.07360617434734));
#6264=CARTESIAN_POINT('Ctrl Pts',(3.12910291548922,-5.00429198700261,-2.0535076040053));
#6265=CARTESIAN_POINT('Ctrl Pts',(3.11221909064808,-5.00648181876316,-1.99624120352874));
#6266=CARTESIAN_POINT('Ctrl Pts',(3.09464072666694,-5.00530736934936,-1.88561003955319));
#6267=CARTESIAN_POINT('Ctrl Pts',(3.09533463366514,-5.00536161221596,-1.8246505780959));
#6268=CARTESIAN_POINT('Ctrl Pts',(3.09817278809323,-5.00479958826131,-1.78655641542153));
#6269=CARTESIAN_POINT('Ctrl Pts',(3.17651209586376,-5.,-1.95198408478287));
#6270=CARTESIAN_POINT('Ctrl Pts',(3.16698985875614,-5.,-1.94614592668249));
#6271=CARTESIAN_POINT('Ctrl Pts',(3.15190021173082,-5.,-1.92468176814326));
#6272=CARTESIAN_POINT('Ctrl Pts',(3.14012302798309,-5.,-1.86697167163047));
#6273=CARTESIAN_POINT('Ctrl Pts',(3.13989225179892,-5.,-1.81625278931337));
#6274=CARTESIAN_POINT('Ctrl Pts',(3.14103179168612,-5.,-1.78655641542154));
#6275=CARTESIAN_POINT('Ctrl Pts',(3.18934071758514,-5.,-1.90937807126289));
#6276=CARTESIAN_POINT('Ctrl Pts',(3.18316356026747,-5.,-1.90769845153807));
#6277=CARTESIAN_POINT('Ctrl Pts',(3.17286829807133,-5.,-1.89636105813896));
#6278=CARTESIAN_POINT('Ctrl Pts',(3.16360256209482,-5.,-1.85542050619185));
#6279=CARTESIAN_POINT('Ctrl Pts',(3.16154350965559,-5.,-1.8121704969948));
#6280=CARTESIAN_POINT('Ctrl Pts',(3.16154350965559,-5.,-1.78655641542154));
#6281=CARTESIAN_POINT('',(3.18934071758514,-5.,-1.90937807126289));
#6282=CARTESIAN_POINT('Ctrl Pts',(3.01571844359518,-5.08640306746017,-2.45404963173784));
#6283=CARTESIAN_POINT('Ctrl Pts',(3.0327399976919,-5.06106607833221,-2.40912718991007));
#6284=CARTESIAN_POINT('Ctrl Pts',(3.06627221673657,-5.02746762810933,-2.31551319222891));
#6285=CARTESIAN_POINT('Ctrl Pts',(3.14042501405478,-5.0020537342007,-2.07360617434734));
#6286=CARTESIAN_POINT('Ctrl Pts',(3.17651209586376,-5.,-1.95198408478287));
#6287=CARTESIAN_POINT('Ctrl Pts',(3.18934071758514,-5.,-1.90937807126289));
#6288=CARTESIAN_POINT('',(3.16154350965559,-5.,-1.78655641542154));
#6289=CARTESIAN_POINT('Ctrl Pts',(3.18934071758514,-5.,-1.90937807126289));
#6290=CARTESIAN_POINT('Ctrl Pts',(3.16154350965559,-5.,-1.90181978250123));
#6291=CARTESIAN_POINT('Ctrl Pts',(3.16154350965559,-5.,-1.78655641542154));
#6292=CARTESIAN_POINT('Ctrl Pts',(2.97944832558882,-5.0747107644863,-1.78655641542154));
#6293=CARTESIAN_POINT('Ctrl Pts',(2.98655033923168,-5.06756263675363,-1.78655641542154));
#6294=CARTESIAN_POINT('Ctrl Pts',(3.03904778269402,-5.02069023913947,-1.78655641542154));
#6295=CARTESIAN_POINT('Ctrl Pts',(3.1087990920198,-5.,-1.78655641542154));
#6296=CARTESIAN_POINT('Ctrl Pts',(3.16154350965559,-5.,-1.78655641542154));
#6297=CARTESIAN_POINT('Origin',(0.,10.9401318745641,0.));
#6298=CARTESIAN_POINT('',(-21.5583680740147,11.4904867491282,-2.64013864566825E-15));
#6299=CARTESIAN_POINT('Origin',(0.,11.4904867491282,0.));
#6300=CARTESIAN_POINT('',(-22.5,10.389777,-2.75545529808154E-15));
#6301=CARTESIAN_POINT('',(-22.0291840370073,10.9401318745641,-2.6977969718749E-15));
#6302=CARTESIAN_POINT('Origin',(0.,10.389777,0.));
#6303=CARTESIAN_POINT('Origin',(0.,11.8932589989139,0.));
#6304=CARTESIAN_POINT('',(-22.5,12.2960312486996,-2.75545529808154E-15));
#6305=CARTESIAN_POINT('Origin',(0.,12.2960312486996,0.));
#6306=CARTESIAN_POINT('',(-22.0291840370073,11.8932589989139,-2.6977969718749E-15));
#6307=CARTESIAN_POINT('Origin',(0.,32.197775111022,0.));
#6308=CARTESIAN_POINT('',(-21.5583680740147,32.6685910740146,-2.64013864566825E-15));
#6309=CARTESIAN_POINT('Origin',(0.,32.6685910740146,0.));
#6310=CARTESIAN_POINT('',(-22.5,31.7269591480293,-2.75545529808154E-15));
#6311=CARTESIAN_POINT('',(-22.0291840370073,32.197775111022,-2.6977969718749E-15));
#6312=CARTESIAN_POINT('Origin',(0.,31.7269591480293,0.));
#6313=CARTESIAN_POINT('Origin',(0.,33.1394070370073,0.));
#6314=CARTESIAN_POINT('',(-22.5,33.610223,-2.75545529808155E-15));
#6315=CARTESIAN_POINT('Origin',(0.,33.610223,0.));
#6316=CARTESIAN_POINT('',(-22.0291840370073,33.1394070370073,-2.6977969718749E-15));
#6317=CARTESIAN_POINT('Origin',(0.,0.,0.));
#6318=CARTESIAN_POINT('',(-22.5,39.610223,2.75545529808154E-15));
#6319=CARTESIAN_POINT('Origin',(0.,39.610223,0.));
#6320=CARTESIAN_POINT('',(-22.5,0.,2.75545529808154E-15));
#6321=CARTESIAN_POINT('Origin',(0.,0.,0.));
#6322=CARTESIAN_POINT('',(-22.5,0.,2.75545529808154E-15));
#6323=CARTESIAN_POINT('Origin',(0.,40.748671,0.));
#6324=CARTESIAN_POINT('',(21.5,40.748671,2.63299061816681E-15));
#6325=CARTESIAN_POINT('',(-2.63299061816681E-15,40.748671,-21.5));
#6326=CARTESIAN_POINT('Origin',(0.,40.748671,0.));
#6327=CARTESIAN_POINT('',(-2.54130486379036E-15,40.,-20.751329));
#6328=CARTESIAN_POINT('Origin',(-2.54130486379036E-15,40.748671,-20.751329));
#6329=CARTESIAN_POINT('Origin',(0.,40.,0.));
#6330=CARTESIAN_POINT('Origin',(0.,40.748671,0.));
#6331=CARTESIAN_POINT('Origin',(0.,102.770771,0.));
#6332=CARTESIAN_POINT('',(-11.5104035389371,106.5,-1.40961788508536E-15));
#6333=CARTESIAN_POINT('Origin',(0.,106.5,0.));
#6334=CARTESIAN_POINT('',(-13.7534691866612,105.75,-1.68431420166164E-15));
#6335=CARTESIAN_POINT('Origin',(-11.5104035389371,102.770771,-1.40961788508536E-15));
#6336=CARTESIAN_POINT('',(-1.68431420166164E-15,105.75,13.7534691866612));
#6337=CARTESIAN_POINT('Origin',(0.,105.75,0.));
#6338=CARTESIAN_POINT('Origin',(0.,105.75,0.));
#6339=CARTESIAN_POINT('Origin',(0.,105.,0.));
#6340=CARTESIAN_POINT('',(21.205817875707,105.,-2.59696369847863E-15));
#6341=CARTESIAN_POINT('Origin',(0.,105.,0.));
#6342=CARTESIAN_POINT('',(19.705817875707,105.,-2.53646414155137));
#6343=CARTESIAN_POINT('',(19.705817875707,105.,2.53646414155137));
#6344=CARTESIAN_POINT('',(19.705817875707,105.,1.35215407077569));
#6345=CARTESIAN_POINT('',(19.537973875707,105.,2.70430814155137));
#6346=CARTESIAN_POINT('Origin',(19.537973875707,105.,2.53646414155137));
#6347=CARTESIAN_POINT('',(19.373661875707,105.,2.70430814155137));
#6348=CARTESIAN_POINT('',(9.60290893785351,105.,2.70430814155137));
#6349=CARTESIAN_POINT('',(19.205817875707,105.,2.53646414155137));
#6350=CARTESIAN_POINT('Origin',(19.373661875707,105.,2.53646414155137));
#6351=CARTESIAN_POINT('',(19.205817875707,105.,-2.53646414155137));
#6352=CARTESIAN_POINT('',(19.205817875707,105.,-1.35215407077569));
#6353=CARTESIAN_POINT('',(19.373661875707,105.,-2.70430814155137));
#6354=CARTESIAN_POINT('Origin',(19.373661875707,105.,-2.53646414155137));
#6355=CARTESIAN_POINT('',(19.537973875707,105.,-2.70430814155137));
#6356=CARTESIAN_POINT('',(9.85290893785351,105.,-2.70430814155137));
#6357=CARTESIAN_POINT('Origin',(19.537973875707,105.,-2.53646414155137));
#6358=CARTESIAN_POINT('',(-19.205817875707,105.,-2.53646414155137));
#6359=CARTESIAN_POINT('',(-19.205817875707,105.,2.53646414155137));
#6360=CARTESIAN_POINT('',(-19.205817875707,105.,1.35215407077569));
#6361=CARTESIAN_POINT('',(-19.373661875707,105.,2.70430814155137));
#6362=CARTESIAN_POINT('Origin',(-19.373661875707,105.,2.53646414155137));
#6363=CARTESIAN_POINT('',(-19.537973875707,105.,2.70430814155137));
#6364=CARTESIAN_POINT('',(-9.85290893785351,105.,2.70430814155137));
#6365=CARTESIAN_POINT('',(-19.705817875707,105.,2.53646414155137));
#6366=CARTESIAN_POINT('Origin',(-19.537973875707,105.,2.53646414155137));
#6367=CARTESIAN_POINT('',(-19.705817875707,105.,-2.53646414155137));
#6368=CARTESIAN_POINT('',(-19.705817875707,105.,-1.35215407077569));
#6369=CARTESIAN_POINT('',(-19.537973875707,105.,-2.70430814155137));
#6370=CARTESIAN_POINT('Origin',(-19.537973875707,105.,-2.53646414155137));
#6371=CARTESIAN_POINT('',(-19.373661875707,105.,-2.70430814155137));
#6372=CARTESIAN_POINT('',(-9.60290893785351,105.,-2.70430814155139));
#6373=CARTESIAN_POINT('Origin',(-19.373661875707,105.,-2.53646414155137));
#6374=CARTESIAN_POINT('',(-1.95901051823791E-15,105.,15.9965348343853));
#6375=CARTESIAN_POINT('Origin',(0.,105.,0.));
#6376=CARTESIAN_POINT('Origin',(0.,108.729229,0.));
#6377=CARTESIAN_POINT('Origin',(-1.95901051823791E-15,108.729229,15.9965348343853));
#6378=CARTESIAN_POINT('Origin',(0.,113.,0.));
#6379=CARTESIAN_POINT('',(3.75,113.,0.));
#6380=CARTESIAN_POINT('Origin',(0.,113.,0.));
#6381=CARTESIAN_POINT('',(3.51162456638936,113.,-4.30049978503594E-16));
#6382=CARTESIAN_POINT('Origin',(0.,113.,0.));
#6383=CARTESIAN_POINT('Origin',(0.,112.5,0.));
#6384=CARTESIAN_POINT('',(3.51162456638936,112.5,-4.30049978503594E-16));
#6385=CARTESIAN_POINT('Origin',(0.,112.5,0.));
#6386=CARTESIAN_POINT('',(2.75,112.5,-3.36777869765522E-16));
#6387=CARTESIAN_POINT('Origin',(0.,112.5,0.));
#6388=CARTESIAN_POINT('Origin',(0.,113.,0.));
#6389=CARTESIAN_POINT('',(3.51162456638936,113.,4.30049978503594E-16));
#6390=CARTESIAN_POINT('Origin',(0.,116.,0.));
#6391=CARTESIAN_POINT('',(-2.22461744722954E-16,116.,-1.816538));
#6392=CARTESIAN_POINT('Origin',(0.,116.,0.));
#6393=CARTESIAN_POINT('Origin',(0.,112.5,0.));
#6394=CARTESIAN_POINT('',(2.75,115.066538,-3.36777869765522E-16));
#6395=CARTESIAN_POINT('',(-3.36777869765522E-16,115.066538,-2.75));
#6396=CARTESIAN_POINT('Origin',(0.,115.066538,0.));
#6397=CARTESIAN_POINT('',(2.75,112.5,-3.36777869765522E-16));
#6398=CARTESIAN_POINT('Origin',(0.,115.066538,0.));
#6399=CARTESIAN_POINT('Origin',(0.,115.066538,0.));
#6400=CARTESIAN_POINT('Origin',(-2.22461744722954E-16,115.066538,-1.816538));
#6401=CARTESIAN_POINT('Origin',(0.,111.5,0.));
#6402=CARTESIAN_POINT('',(6.98918766334008,111.704324934664,-8.5592863005496E-16));
#6403=CARTESIAN_POINT('',(7.5,111.5,-9.18485099360515E-16));
#6404=CARTESIAN_POINT('',(-8.5592863005496E-16,111.704324934664,-6.98918766334008));
#6405=CARTESIAN_POINT('Origin',(0.,111.704324934664,0.));
#6406=CARTESIAN_POINT('Origin',(0.,111.704324934664,0.));
#6407=CARTESIAN_POINT('Origin',(0.,110.949838276314,0.));
#6408=CARTESIAN_POINT('',(-9.18485099360515E-16,110.949838276314,-7.5));
#6409=CARTESIAN_POINT('Origin',(-8.18969443209042E-16,110.949838276314,
-6.687393));
#6410=CARTESIAN_POINT('',(7.5,110.949838276314,-9.18485099360515E-16));
#6411=CARTESIAN_POINT('Origin',(0.,110.949838276314,0.));
#6412=CARTESIAN_POINT('Origin',(0.,110.949838276314,0.));
#6413=CARTESIAN_POINT('Origin',(0.,106.5,0.));
#6414=CARTESIAN_POINT('',(-1.01800075551199E-15,106.5,8.312607));
#6415=CARTESIAN_POINT('Origin',(0.,106.5,0.));
#6416=CARTESIAN_POINT('Origin',(0.,106.5,0.));
#6417=CARTESIAN_POINT('',(7.5,107.312607,9.18485099360515E-16));
#6418=CARTESIAN_POINT('',(7.5,106.5,-9.18485099360515E-16));
#6419=CARTESIAN_POINT('',(-9.18485099360515E-16,107.312607,7.5));
#6420=CARTESIAN_POINT('Origin',(0.,107.312607,0.));
#6421=CARTESIAN_POINT('Origin',(0.,107.312607,0.));
#6422=CARTESIAN_POINT('Origin',(0.,107.312607,0.));
#6423=CARTESIAN_POINT('Origin',(-1.01800075551199E-15,107.312607,8.312607));
#6424=CARTESIAN_POINT('Origin',(0.,40.,0.));
#6425=CARTESIAN_POINT('',(21.5,106.447853,-2.63299061816681E-15));
#6426=CARTESIAN_POINT('',(-2.63299061816681E-15,106.447853,-21.5));
#6427=CARTESIAN_POINT('Origin',(0.,106.447853,0.));
#6428=CARTESIAN_POINT('',(21.5,40.,-2.63299061816681E-15));
#6429=CARTESIAN_POINT('Origin',(0.,106.447853,0.));
#6430=CARTESIAN_POINT('',(20.0740036256302,90.,7.69963495486555));
#6431=CARTESIAN_POINT('',(20.0740036256302,83.,7.69963495486555));
#6432=CARTESIAN_POINT('',(20.0740036256302,40.,7.69963495486555));
#6433=CARTESIAN_POINT('',(7.69963495486556,83.,20.0740036256302));
#6434=CARTESIAN_POINT('Origin',(0.,83.,0.));
#6435=CARTESIAN_POINT('',(7.69963495486556,90.,20.0740036256302));
#6436=CARTESIAN_POINT('',(7.69963495486555,40.,20.0740036256302));
#6437=CARTESIAN_POINT('Origin',(0.,90.,0.));
#6438=CARTESIAN_POINT('',(7.69963495486556,90.,-20.0740036256302));
#6439=CARTESIAN_POINT('',(7.69963495486556,83.,-20.0740036256302));
#6440=CARTESIAN_POINT('',(7.69963495486556,40.,-20.0740036256301));
#6441=CARTESIAN_POINT('',(20.0740036256302,83.,-7.69963495486555));
#6442=CARTESIAN_POINT('Origin',(0.,83.,0.));
#6443=CARTESIAN_POINT('',(20.0740036256302,90.,-7.69963495486555));
#6444=CARTESIAN_POINT('',(20.0740036256302,40.,-7.69963495486555));
#6445=CARTESIAN_POINT('Origin',(0.,90.,0.));
#6446=CARTESIAN_POINT('',(-20.0740036256301,90.,-7.69963495486556));
#6447=CARTESIAN_POINT('',(-20.0740036256301,83.,-7.69963495486556));
#6448=CARTESIAN_POINT('',(-20.0740036256301,40.,-7.69963495486556));
#6449=CARTESIAN_POINT('',(-7.69963495486556,83.,-20.0740036256301));
#6450=CARTESIAN_POINT('Origin',(0.,83.,0.));
#6451=CARTESIAN_POINT('',(-7.69963495486556,90.,-20.0740036256301));
#6452=CARTESIAN_POINT('',(-7.69963495486556,40.,-20.0740036256301));
#6453=CARTESIAN_POINT('Origin',(0.,90.,0.));
#6454=CARTESIAN_POINT('',(-20.0740036256301,83.,7.69963495486557));
#6455=CARTESIAN_POINT('',(-20.0740036256301,90.,7.69963495486557));
#6456=CARTESIAN_POINT('',(-20.0740036256301,40.,7.69963495486557));
#6457=CARTESIAN_POINT('',(-7.69963495486555,90.,20.0740036256302));
#6458=CARTESIAN_POINT('Origin',(0.,90.,0.));
#6459=CARTESIAN_POINT('',(-7.69963495486555,83.,20.0740036256302));
#6460=CARTESIAN_POINT('',(-7.69963495486555,40.,20.0740036256302));
#6461=CARTESIAN_POINT('Origin',(0.,83.,0.));
#6462=CARTESIAN_POINT('Origin',(0.,106.447853,0.));
#6463=CARTESIAN_POINT('',(-2.6266044525033E-15,106.5,-21.447853));
#6464=CARTESIAN_POINT('Origin',(0.,106.5,0.));
#6465=CARTESIAN_POINT('Origin',(-2.6266044525033E-15,106.447853,-21.447853));
#6466=CARTESIAN_POINT('Origin',(0.,105.,0.));
#6467=CARTESIAN_POINT('',(21.205817875707,106.447853,2.59696369847863E-15));
#6468=CARTESIAN_POINT('',(-2.59696369847863E-15,106.447853,21.205817875707));
#6469=CARTESIAN_POINT('Origin',(0.,106.447853,0.));
#6470=CARTESIAN_POINT('',(21.205817875707,105.,-2.59696369847863E-15));
#6471=CARTESIAN_POINT('Origin',(0.,106.447853,0.));
#6472=CARTESIAN_POINT('Origin',(0.,106.5,0.));
#6473=CARTESIAN_POINT('',(-2.60334986414215E-15,106.5,21.257964875707));
#6474=CARTESIAN_POINT('Origin',(0.,106.5,0.));
#6475=CARTESIAN_POINT('Origin',(0.,106.447853,0.));
#6476=CARTESIAN_POINT('Origin',(-2.60334986414215E-15,106.447853,21.257964875707));
#6477=CARTESIAN_POINT('Origin',(-19.705817875707,105.,2.70430814155137));
#6478=CARTESIAN_POINT('',(-19.537973875707,115.332156,2.70430814155137));
#6479=CARTESIAN_POINT('',(-19.537973875707,105.,2.70430814155137));
#6480=CARTESIAN_POINT('',(-19.373661875707,115.332156,2.70430814155137));
#6481=CARTESIAN_POINT('',(-19.373661875707,105.,2.70430814155137));
#6482=CARTESIAN_POINT('',(-19.580817875707,115.332156,2.70430814155137));
#6483=CARTESIAN_POINT('Origin',(-19.205817875707,105.,2.70430814155137));
#6484=CARTESIAN_POINT('',(-19.205817875707,115.332156,2.53646414155137));
#6485=CARTESIAN_POINT('',(-19.205817875707,105.,2.53646414155137));
#6486=CARTESIAN_POINT('',(-19.205817875707,115.332156,-2.53646414155137));
#6487=CARTESIAN_POINT('',(-19.205817875707,105.,-2.53646414155137));
#6488=CARTESIAN_POINT('',(-19.205817875707,115.332156,1.35215407077568));
#6489=CARTESIAN_POINT('Origin',(19.205817875707,105.,-2.70430814155137));
#6490=CARTESIAN_POINT('',(19.205817875707,115.332156,-2.53646414155137));
#6491=CARTESIAN_POINT('',(19.205817875707,105.,-2.53646414155137));
#6492=CARTESIAN_POINT('',(19.205817875707,115.332156,2.53646414155137));
#6493=CARTESIAN_POINT('',(19.205817875707,105.,2.53646414155137));
#6494=CARTESIAN_POINT('',(19.205817875707,115.332156,-1.35215407077569));
#6495=CARTESIAN_POINT('Origin',(19.205817875707,105.,2.70430814155137));
#6496=CARTESIAN_POINT('',(19.373661875707,115.332156,2.70430814155137));
#6497=CARTESIAN_POINT('',(19.373661875707,105.,2.70430814155137));
#6498=CARTESIAN_POINT('',(19.537973875707,115.332156,2.70430814155137));
#6499=CARTESIAN_POINT('',(19.537973875707,105.,2.70430814155137));
#6500=CARTESIAN_POINT('',(19.330817875707,115.332156,2.70430814155137));
#6501=CARTESIAN_POINT('Origin',(-19.455817875707,115.5,-5.55111512312578E-16));
#6502=CARTESIAN_POINT('',(-19.537973875707,115.5,2.53646414155137));
#6503=CARTESIAN_POINT('',(-19.537973875707,115.5,-2.53646414155137));
#6504=CARTESIAN_POINT('',(-19.537973875707,115.5,-1.35215407077569));
#6505=CARTESIAN_POINT('',(-19.373661875707,115.5,2.53646414155137));
#6506=CARTESIAN_POINT('',(-19.580817875707,115.5,2.53646414155137));
#6507=CARTESIAN_POINT('',(-19.373661875707,115.5,-2.53646414155137));
#6508=CARTESIAN_POINT('',(-19.373661875707,115.5,1.35215407077568));
#6509=CARTESIAN_POINT('',(-19.330817875707,115.5,-2.53646414155137));
#6510=CARTESIAN_POINT('Origin',(-19.205817875707,105.,-2.70430814155137));
#6511=CARTESIAN_POINT('',(-19.537973875707,115.332156,-2.70430814155137));
#6512=CARTESIAN_POINT('',(-19.537973875707,105.,-2.70430814155137));
#6513=CARTESIAN_POINT('',(-19.373661875707,115.332156,-2.70430814155137));
#6514=CARTESIAN_POINT('',(-19.330817875707,115.332156,-2.70430814155137));
#6515=CARTESIAN_POINT('',(-19.373661875707,105.,-2.70430814155137));
#6516=CARTESIAN_POINT('Origin',(-19.705817875707,105.,-2.70430814155137));
#6517=CARTESIAN_POINT('',(-19.705817875707,115.332156,2.53646414155137));
#6518=CARTESIAN_POINT('',(-19.705817875707,105.,2.53646414155137));
#6519=CARTESIAN_POINT('',(-19.705817875707,115.332156,-2.53646414155137));
#6520=CARTESIAN_POINT('',(-19.705817875707,115.332156,-1.35215407077569));
#6521=CARTESIAN_POINT('',(-19.705817875707,105.,-2.53646414155137));
#6522=CARTESIAN_POINT('Origin',(-19.580817875707,115.332156,2.53646414155137));
#6523=CARTESIAN_POINT('Origin',(-19.373661875707,115.332156,2.53646414155137));
#6524=CARTESIAN_POINT('Origin',(-19.537973875707,115.332156,2.53646414155137));
#6525=CARTESIAN_POINT('Origin',(-19.373661875707,115.332156,1.35215407077568));
#6526=CARTESIAN_POINT('Origin',(-19.373661875707,115.332156,-2.53646414155137));
#6527=CARTESIAN_POINT('Origin',(-19.373661875707,115.332156,2.53646414155137));
#6528=CARTESIAN_POINT('Origin',(-19.330817875707,115.332156,-2.53646414155137));
#6529=CARTESIAN_POINT('Origin',(-19.537973875707,115.332156,-2.53646414155137));
#6530=CARTESIAN_POINT('Origin',(-19.373661875707,115.332156,-2.53646414155137));
#6531=CARTESIAN_POINT('Origin',(-19.373661875707,105.,-2.53646414155137));
#6532=CARTESIAN_POINT('Origin',(-19.373661875707,115.332156,-2.53646414155137));
#6533=CARTESIAN_POINT('Origin',(-19.373661875707,115.332156,-2.53646414155137));
#6534=CARTESIAN_POINT('Origin',(-19.537973875707,115.332156,-1.35215407077569));
#6535=CARTESIAN_POINT('Origin',(-19.537973875707,115.332156,2.53646414155137));
#6536=CARTESIAN_POINT('Origin',(-19.537973875707,115.332156,-2.53646414155137));
#6537=CARTESIAN_POINT('Origin',(-19.537973875707,105.,-2.53646414155137));
#6538=CARTESIAN_POINT('Origin',(-19.537973875707,115.332156,-2.53646414155137));
#6539=CARTESIAN_POINT('Origin',(-19.537973875707,115.332156,-2.53646414155137));
#6540=CARTESIAN_POINT('Origin',(-19.373661875707,105.,2.53646414155137));
#6541=CARTESIAN_POINT('Origin',(-19.373661875707,115.332156,2.53646414155137));
#6542=CARTESIAN_POINT('Origin',(-19.373661875707,115.332156,2.53646414155137));
#6543=CARTESIAN_POINT('Origin',(-19.537973875707,105.,2.53646414155137));
#6544=CARTESIAN_POINT('Origin',(-19.537973875707,115.332156,2.53646414155137));
#6545=CARTESIAN_POINT('Origin',(-19.537973875707,115.332156,2.53646414155137));
#6546=CARTESIAN_POINT('Origin',(19.455817875707,115.5,0.));
#6547=CARTESIAN_POINT('',(19.373661875707,115.5,-2.53646414155137));
#6548=CARTESIAN_POINT('',(19.537973875707,115.5,-2.53646414155137));
#6549=CARTESIAN_POINT('',(19.580817875707,115.5,-2.53646414155137));
#6550=CARTESIAN_POINT('',(19.373661875707,115.5,2.53646414155137));
#6551=CARTESIAN_POINT('',(19.373661875707,115.5,-1.35215407077569));
#6552=CARTESIAN_POINT('',(19.537973875707,115.5,2.53646414155137));
#6553=CARTESIAN_POINT('',(19.330817875707,115.5,2.53646414155137));
#6554=CARTESIAN_POINT('',(19.537973875707,115.5,1.35215407077569));
#6555=CARTESIAN_POINT('Origin',(19.705817875707,105.,2.70430814155137));
#6556=CARTESIAN_POINT('',(19.705817875707,115.332156,-2.53646414155137));
#6557=CARTESIAN_POINT('',(19.705817875707,105.,-2.53646414155137));
#6558=CARTESIAN_POINT('',(19.705817875707,115.332156,2.53646414155137));
#6559=CARTESIAN_POINT('',(19.705817875707,115.332156,1.35215407077569));
#6560=CARTESIAN_POINT('',(19.705817875707,105.,2.53646414155137));
#6561=CARTESIAN_POINT('Origin',(19.705817875707,105.,-2.70430814155137));
#6562=CARTESIAN_POINT('',(19.373661875707,115.332156,-2.70430814155137));
#6563=CARTESIAN_POINT('',(19.373661875707,105.,-2.70430814155137));
#6564=CARTESIAN_POINT('',(19.537973875707,115.332156,-2.70430814155137));
#6565=CARTESIAN_POINT('',(19.580817875707,115.332156,-2.70430814155137));
#6566=CARTESIAN_POINT('',(19.537973875707,105.,-2.70430814155137));
#6567=CARTESIAN_POINT('Origin',(19.373661875707,115.332156,-1.35215407077569));
#6568=CARTESIAN_POINT('Origin',(19.373661875707,115.332156,2.53646414155137));
#6569=CARTESIAN_POINT('Origin',(19.373661875707,115.332156,-2.53646414155137));
#6570=CARTESIAN_POINT('Origin',(19.330817875707,115.332156,2.53646414155137));
#6571=CARTESIAN_POINT('Origin',(19.537973875707,115.332156,2.53646414155137));
#6572=CARTESIAN_POINT('Origin',(19.373661875707,115.332156,2.53646414155137));
#6573=CARTESIAN_POINT('Origin',(19.537973875707,115.332156,1.35215407077569));
#6574=CARTESIAN_POINT('Origin',(19.537973875707,115.332156,-2.53646414155137));
#6575=CARTESIAN_POINT('Origin',(19.537973875707,115.332156,2.53646414155137));
#6576=CARTESIAN_POINT('Origin',(19.537973875707,105.,2.53646414155137));
#6577=CARTESIAN_POINT('Origin',(19.537973875707,115.332156,2.53646414155137));
#6578=CARTESIAN_POINT('Origin',(19.537973875707,115.332156,2.53646414155137));
#6579=CARTESIAN_POINT('Origin',(19.580817875707,115.332156,-2.53646414155137));
#6580=CARTESIAN_POINT('Origin',(19.373661875707,115.332156,-2.53646414155137));
#6581=CARTESIAN_POINT('Origin',(19.537973875707,115.332156,-2.53646414155137));
#6582=CARTESIAN_POINT('Origin',(19.537973875707,105.,-2.53646414155137));
#6583=CARTESIAN_POINT('Origin',(19.537973875707,115.332156,-2.53646414155137));
#6584=CARTESIAN_POINT('Origin',(19.537973875707,115.332156,-2.53646414155137));
#6585=CARTESIAN_POINT('Origin',(19.373661875707,105.,2.53646414155137));
#6586=CARTESIAN_POINT('Origin',(19.373661875707,115.332156,2.53646414155137));
#6587=CARTESIAN_POINT('Origin',(19.373661875707,115.332156,2.53646414155137));
#6588=CARTESIAN_POINT('Origin',(19.373661875707,105.,-2.53646414155137));
#6589=CARTESIAN_POINT('Origin',(19.373661875707,115.332156,-2.53646414155137));
#6590=CARTESIAN_POINT('Origin',(19.373661875707,115.332156,-2.53646414155137));
#6591=CARTESIAN_POINT('Origin',(-13.6309944713561,83.,13.6309944713561));
#6592=CARTESIAN_POINT('',(-7.02722774564164,83.,19.4015964164062));
#6593=CARTESIAN_POINT('',(-19.4015964164062,83.,7.02722774564167));
#6594=CARTESIAN_POINT('Origin',(0.,83.,0.));
#6595=CARTESIAN_POINT('',(-27.2619889427121,83.,14.8876202719476));
#6596=CARTESIAN_POINT('',(31.4399691813755,83.,-19.0656005106109));
#6597=CARTESIAN_POINT('Origin',(4.44089209850063E-15,90.,12.3743686707646));
#6598=CARTESIAN_POINT('',(-7.02722774564164,90.,19.4015964164062));
#6599=CARTESIAN_POINT('',(-7.02722774564165,90.,19.4015964164062));
#6600=CARTESIAN_POINT('',(31.4399691813755,90.,-19.0656005106109));
#6601=CARTESIAN_POINT('Origin',(-15.5935921676911,90.,-15.5935921676911));
#6602=CARTESIAN_POINT('',(-7.02722774564166,90.,-19.4015964164062));
#6603=CARTESIAN_POINT('',(-19.4015964164062,90.,-7.02722774564165));
#6604=CARTESIAN_POINT('Origin',(0.,90.,0.));
#6605=CARTESIAN_POINT('',(-31.1871843353823,90.,-18.8128156646177));
#6606=CARTESIAN_POINT('',(25.5389029061661,90.,13.1645342354015));
#6607=CARTESIAN_POINT('Origin',(-18.8128156646177,90.,-31.1871843353823));
#6608=CARTESIAN_POINT('',(-7.02722774564166,83.,-19.4015964164062));
#6609=CARTESIAN_POINT('',(-7.02722774564165,90.,-19.4015964164062));
#6610=CARTESIAN_POINT('',(25.5389029061661,83.,13.1645342354015));
#6611=CARTESIAN_POINT('Origin',(15.7199845906877,90.,-14.5076309033493));
#6612=CARTESIAN_POINT('',(19.4015964164062,90.,-7.02722774564164));
#6613=CARTESIAN_POINT('',(7.02722774564165,90.,-19.4015964164062));
#6614=CARTESIAN_POINT('Origin',(0.,90.,0.));
#6615=CARTESIAN_POINT('',(-27.2619889427121,90.,14.8876202719476));
#6616=CARTESIAN_POINT('',(31.4399691813755,90.,-19.0656005106109));
#6617=CARTESIAN_POINT('Origin',(31.4399691813755,90.,-19.0656005106109));
#6618=CARTESIAN_POINT('',(19.4015964164062,83.,-7.02722774564164));
#6619=CARTESIAN_POINT('',(19.4015964164062,90.,-7.02722774564164));
#6620=CARTESIAN_POINT('',(31.4399691813755,83.,-19.0656005106109));
#6621=CARTESIAN_POINT('Origin',(12.7694514530831,90.,12.7694514530831));
#6622=CARTESIAN_POINT('',(7.02722774564165,90.,19.4015964164062));
#6623=CARTESIAN_POINT('',(19.4015964164062,90.,7.02722774564164));
#6624=CARTESIAN_POINT('Origin',(0.,90.,0.));
#6625=CARTESIAN_POINT('',(25.5389029061661,90.,13.1645342354015));
#6626=CARTESIAN_POINT('',(-31.1871843353823,90.,-18.8128156646177));
#6627=CARTESIAN_POINT('Origin',(13.1645342354015,90.,25.5389029061661));
#6628=CARTESIAN_POINT('',(7.02722774564165,83.,19.4015964164062));
#6629=CARTESIAN_POINT('',(7.02722774564165,90.,19.4015964164062));
#6630=CARTESIAN_POINT('',(-31.1871843353823,83.,-18.8128156646177));
#6631=CARTESIAN_POINT('Origin',(-13.6309944713561,90.,13.6309944713561));
#6632=CARTESIAN_POINT('',(-19.4015964164062,90.,7.02722774564167));
#6633=CARTESIAN_POINT('Origin',(0.,90.,0.));
#6634=CARTESIAN_POINT('',(-27.2619889427121,90.,14.8876202719476));
#6635=CARTESIAN_POINT('Origin',(-27.2619889427121,90.,14.8876202719476));
#6636=CARTESIAN_POINT('',(-19.4015964164062,90.,7.02722774564167));
#6637=CARTESIAN_POINT('Origin',(-15.5935921676911,83.,-15.5935921676911));
#6638=CARTESIAN_POINT('',(-19.4015964164062,83.,-7.02722774564165));
#6639=CARTESIAN_POINT('Origin',(0.,83.,0.));
#6640=CARTESIAN_POINT('',(-31.1871843353823,83.,-18.8128156646177));
#6641=CARTESIAN_POINT('Origin',(-12.3743686707646,90.,6.66133814775094E-15));
#6642=CARTESIAN_POINT('',(-19.4015964164062,90.,-7.02722774564166));
#6643=CARTESIAN_POINT('Origin',(15.7199845906877,83.,-14.5076309033493));
#6644=CARTESIAN_POINT('',(7.02722774564165,83.,-19.4015964164062));
#6645=CARTESIAN_POINT('Origin',(0.,83.,0.));
#6646=CARTESIAN_POINT('',(-27.2619889427121,83.,14.8876202719476));
#6647=CARTESIAN_POINT('Origin',(1.33226762955019E-14,90.,-12.3743686707646));
#6648=CARTESIAN_POINT('',(7.02722774564165,90.,-19.4015964164062));
#6649=CARTESIAN_POINT('Origin',(12.7694514530831,83.,12.7694514530831));
#6650=CARTESIAN_POINT('',(19.4015964164062,83.,7.02722774564164));
#6651=CARTESIAN_POINT('Origin',(0.,83.,0.));
#6652=CARTESIAN_POINT('',(25.5389029061661,83.,13.1645342354015));
#6653=CARTESIAN_POINT('Origin',(12.3743686707646,90.,2.22044604925031E-15));
#6654=CARTESIAN_POINT('',(19.4015964164062,90.,7.02722774564164));
#6655=CARTESIAN_POINT('Origin',(0.,100.9547001681,0.));
#6656=CARTESIAN_POINT('',(-20.6350157086013,100.9547001681,2.5270605937894E-15));
#6657=CARTESIAN_POINT('Origin',(0.,100.9547001681,0.));
#6658=CARTESIAN_POINT('Origin',(0.,90.,0.));
#6659=CARTESIAN_POINT('',(-20.6350157086013,42.45041,2.5270605937894E-15));
#6660=CARTESIAN_POINT('Origin',(0.,42.45041,0.));
#6661=CARTESIAN_POINT('',(-20.6350157086013,90.,2.5270605937894E-15));
#6662=CARTESIAN_POINT('Origin',(0.,42.45041,0.));
#6663=CARTESIAN_POINT('Origin',(-14.0276985200745,6.,14.0276985200745));
#6664=CARTESIAN_POINT('',(-15.6314459692035,6.,10.3547282394021));
#6665=CARTESIAN_POINT('',(-18.5471448929013,6.,12.7378733045091));
#6666=CARTESIAN_POINT('',(-15.6314459692035,6.,10.3547282394021));
#6667=CARTESIAN_POINT('',(-10.3547282394021,6.,15.6314459692035));
#6668=CARTESIAN_POINT('Origin',(-13.2582521472478,6.,13.2582521472478));
#6669=CARTESIAN_POINT('',(-12.7378733045091,6.,18.5471448929013));
#6670=CARTESIAN_POINT('',(-10.3547282394021,6.,15.6314459692035));
#6671=CARTESIAN_POINT('Origin',(0.,6.,0.));
#6672=CARTESIAN_POINT('',(-15.5405570118956,6.,15.5405570118956));
#6673=CARTESIAN_POINT('Origin',(-13.2582521472478,6.,13.2582521472478));
#6674=CARTESIAN_POINT('Origin',(-15.6314459692035,0.,10.3547282394021));
#6675=CARTESIAN_POINT('',(-15.6314459692035,0.389777,10.3547282394021));
#6676=CARTESIAN_POINT('',(-18.5471448929013,0.389777,12.7378733045091));
#6677=CARTESIAN_POINT('',(-8.40902144009068,0.389777,4.45148314273966));
#6678=CARTESIAN_POINT('',(-15.6314459692035,0.,10.3547282394021));
#6679=CARTESIAN_POINT('',(-18.5471448929013,0.,12.7378733045091));
#6680=CARTESIAN_POINT('Origin',(-12.7378733045091,0.,18.5471448929013));
#6681=CARTESIAN_POINT('',(-12.7378733045091,0.389777,18.5471448929013));
#6682=CARTESIAN_POINT('',(-10.3547282394021,0.389777,15.6314459692035));
#6683=CARTESIAN_POINT('',(-5.64305567529316,0.389777,9.86687090193957));
#6684=CARTESIAN_POINT('',(-12.7378733045091,0.,18.5471448929013));
#6685=CARTESIAN_POINT('',(-10.3547282394021,0.,15.6314459692035));
#6686=CARTESIAN_POINT('Origin',(-13.2582521472478,0.,13.2582521472478));
#6687=CARTESIAN_POINT('Origin',(-13.2582521472478,0.389777,13.2582521472478));
#6688=CARTESIAN_POINT('Origin',(-13.2582521472478,0.,13.2582521472478));
#6689=CARTESIAN_POINT('',(-16.3759385715375,1.5,12.4228705876059));
#6690=CARTESIAN_POINT('',(-15.5405570118956,1.5,15.5405570118956));
#6691=CARTESIAN_POINT('Origin',(-13.2582521472478,1.5,13.2582521472478));
#6692=CARTESIAN_POINT('',(-15.5405570118956,4.,15.5405570118956));
#6693=CARTESIAN_POINT('',(-15.5405570118956,0.,15.5405570118956));
#6694=CARTESIAN_POINT('',(-15.5405570118956,0.,15.5405570118956));
#6695=CARTESIAN_POINT('',(-15.5405570118956,0.,15.5405570118956));
#6696=CARTESIAN_POINT('',(-12.4228705876059,1.5,16.3759385715375));
#6697=CARTESIAN_POINT('Origin',(-13.2582521472478,1.5,13.2582521472478));
#6698=CARTESIAN_POINT('',(-12.4228705876059,4.,16.3759385715375));
#6699=CARTESIAN_POINT('',(-12.4228705876059,0.,16.3759385715375));
#6700=CARTESIAN_POINT('',(-12.4228705876059,0.,16.3759385715375));
#6701=CARTESIAN_POINT('',(-10.140565722958,1.5,14.0936337068897));
#6702=CARTESIAN_POINT('Origin',(-13.2582521472478,1.5,13.2582521472478));
#6703=CARTESIAN_POINT('',(-10.140565722958,4.,14.0936337068897));
#6704=CARTESIAN_POINT('',(-10.140565722958,0.,14.0936337068897));
#6705=CARTESIAN_POINT('',(-10.140565722958,0.,14.0936337068897));
#6706=CARTESIAN_POINT('',(-10.9759472826,1.5,10.9759472825999));
#6707=CARTESIAN_POINT('Origin',(-13.2582521472478,1.5,13.2582521472478));
#6708=CARTESIAN_POINT('',(-10.9759472825999,4.,10.9759472825999));
#6709=CARTESIAN_POINT('',(-10.9759472826,0.,10.9759472825999));
#6710=CARTESIAN_POINT('',(-10.9759472826,0.,10.9759472825999));
#6711=CARTESIAN_POINT('',(-14.0936337068897,1.5,10.140565722958));
#6712=CARTESIAN_POINT('Origin',(-13.2582521472478,1.5,13.2582521472478));
#6713=CARTESIAN_POINT('',(-14.0936337068897,4.,10.140565722958));
#6714=CARTESIAN_POINT('',(-14.0936337068897,0.,10.140565722958));
#6715=CARTESIAN_POINT('',(-14.0936337068897,0.,10.140565722958));
#6716=CARTESIAN_POINT('Origin',(-13.2582521472478,1.5,13.2582521472478));
#6717=CARTESIAN_POINT('',(-16.3759385715375,4.,12.4228705876059));
#6718=CARTESIAN_POINT('',(-16.3759385715375,0.,12.4228705876059));
#6719=CARTESIAN_POINT('',(-16.3759385715375,0.,12.4228705876059));
#6720=CARTESIAN_POINT('Origin',(-14.0276985200745,6.,-14.0276985200745));
#6721=CARTESIAN_POINT('',(-15.6314459692035,6.,-10.3547282394021));
#6722=CARTESIAN_POINT('',(-10.3547282394021,6.,-15.6314459692035));
#6723=CARTESIAN_POINT('Origin',(-13.2582521472478,6.,-13.2582521472478));
#6724=CARTESIAN_POINT('',(-18.5471448929013,6.,-12.7378733045091));
#6725=CARTESIAN_POINT('',(-15.6314459692035,6.,-10.3547282394021));
#6726=CARTESIAN_POINT('',(-12.7378733045091,6.,-18.5471448929013));
#6727=CARTESIAN_POINT('Origin',(0.,6.,0.));
#6728=CARTESIAN_POINT('',(-10.3547282394021,6.,-15.6314459692035));
#6729=CARTESIAN_POINT('',(-15.5405570118956,6.,-15.5405570118956));
#6730=CARTESIAN_POINT('Origin',(-13.2582521472478,6.,-13.2582521472478));
#6731=CARTESIAN_POINT('Origin',(-13.2582521472478,0.,-13.2582521472478));
#6732=CARTESIAN_POINT('',(-15.6314459692035,0.389777,-10.3547282394021));
#6733=CARTESIAN_POINT('',(-10.3547282394021,0.389777,-15.6314459692035));
#6734=CARTESIAN_POINT('Origin',(-13.2582521472478,0.389777,-13.2582521472478));
#6735=CARTESIAN_POINT('',(-15.6314459692035,0.,-10.3547282394021));
#6736=CARTESIAN_POINT('',(-10.3547282394021,0.,-15.6314459692035));
#6737=CARTESIAN_POINT('Origin',(-10.3547282394021,0.,-15.6314459692035));
#6738=CARTESIAN_POINT('',(-12.7378733045091,0.389777,-18.5471448929013));
#6739=CARTESIAN_POINT('',(-4.45148314273966,0.389777,-8.40902144009068));
#6740=CARTESIAN_POINT('',(-12.7378733045091,0.,-18.5471448929013));
#6741=CARTESIAN_POINT('Origin',(-18.5471448929013,0.,-12.7378733045091));
#6742=CARTESIAN_POINT('',(-18.5471448929013,0.389777,-12.7378733045091));
#6743=CARTESIAN_POINT('',(-9.86687090193957,0.389777,-5.64305567529316));
#6744=CARTESIAN_POINT('',(-18.5471448929013,0.,-12.7378733045091));
#6745=CARTESIAN_POINT('Origin',(-13.2582521472478,0.,-13.2582521472478));
#6746=CARTESIAN_POINT('',(-12.4228705876059,1.5,-16.3759385715375));
#6747=CARTESIAN_POINT('',(-15.5405570118956,1.5,-15.5405570118956));
#6748=CARTESIAN_POINT('Origin',(-13.2582521472478,1.5,-13.2582521472478));
#6749=CARTESIAN_POINT('',(-15.5405570118956,4.,-15.5405570118956));
#6750=CARTESIAN_POINT('',(-15.5405570118956,0.,-15.5405570118956));
#6751=CARTESIAN_POINT('',(-15.5405570118956,0.,-15.5405570118956));
#6752=CARTESIAN_POINT('',(-15.5405570118956,0.,-15.5405570118956));
#6753=CARTESIAN_POINT('',(-16.3759385715375,1.5,-12.4228705876059));
#6754=CARTESIAN_POINT('Origin',(-13.2582521472478,1.5,-13.2582521472478));
#6755=CARTESIAN_POINT('',(-16.3759385715375,4.,-12.4228705876059));
#6756=CARTESIAN_POINT('',(-16.3759385715375,0.,-12.4228705876059));
#6757=CARTESIAN_POINT('',(-16.3759385715375,0.,-12.4228705876059));
#6758=CARTESIAN_POINT('',(-14.0936337068897,1.5,-10.140565722958));
#6759=CARTESIAN_POINT('Origin',(-13.2582521472478,1.5,-13.2582521472478));
#6760=CARTESIAN_POINT('',(-14.0936337068897,4.,-10.140565722958));
#6761=CARTESIAN_POINT('',(-14.0936337068897,0.,-10.140565722958));
#6762=CARTESIAN_POINT('',(-14.0936337068897,0.,-10.140565722958));
#6763=CARTESIAN_POINT('',(-10.9759472825999,1.5,-10.9759472826));
#6764=CARTESIAN_POINT('Origin',(-13.2582521472478,1.5,-13.2582521472478));
#6765=CARTESIAN_POINT('',(-10.9759472825999,4.,-10.9759472825999));
#6766=CARTESIAN_POINT('',(-10.9759472825999,0.,-10.9759472826));
#6767=CARTESIAN_POINT('',(-10.9759472825999,0.,-10.9759472826));
#6768=CARTESIAN_POINT('',(-10.140565722958,1.5,-14.0936337068897));
#6769=CARTESIAN_POINT('Origin',(-13.2582521472478,1.5,-13.2582521472478));
#6770=CARTESIAN_POINT('',(-10.140565722958,4.,-14.0936337068897));
#6771=CARTESIAN_POINT('',(-10.140565722958,0.,-14.0936337068897));
#6772=CARTESIAN_POINT('',(-10.140565722958,0.,-14.0936337068897));
#6773=CARTESIAN_POINT('Origin',(-13.2582521472478,1.5,-13.2582521472478));
#6774=CARTESIAN_POINT('',(-12.4228705876059,4.,-16.3759385715375));
#6775=CARTESIAN_POINT('',(-12.4228705876059,0.,-16.3759385715375));
#6776=CARTESIAN_POINT('',(-12.4228705876059,0.,-16.3759385715375));
#6777=CARTESIAN_POINT('Origin',(14.0276985200745,6.,14.0276985200745));
#6778=CARTESIAN_POINT('',(10.3547282394021,6.,15.6314459692035));
#6779=CARTESIAN_POINT('',(12.7378733045091,6.,18.5471448929013));
#6780=CARTESIAN_POINT('',(10.3547282394021,6.,15.6314459692035));
#6781=CARTESIAN_POINT('',(15.6314459692035,6.,10.3547282394021));
#6782=CARTESIAN_POINT('Origin',(13.2582521472478,6.,13.2582521472478));
#6783=CARTESIAN_POINT('',(18.5471448929013,6.,12.7378733045091));
#6784=CARTESIAN_POINT('',(15.6314459692035,6.,10.3547282394021));
#6785=CARTESIAN_POINT('Origin',(0.,6.,0.));
#6786=CARTESIAN_POINT('',(15.5405570118956,6.,15.5405570118956));
#6787=CARTESIAN_POINT('Origin',(13.2582521472478,6.,13.2582521472478));
#6788=CARTESIAN_POINT('Origin',(13.2582521472478,0.,13.2582521472478));
#6789=CARTESIAN_POINT('',(12.4228705876059,1.5,16.3759385715375));
#6790=CARTESIAN_POINT('',(15.5405570118956,1.5,15.5405570118956));
#6791=CARTESIAN_POINT('Origin',(13.2582521472478,1.5,13.2582521472478));
#6792=CARTESIAN_POINT('',(15.5405570118956,4.,15.5405570118956));
#6793=CARTESIAN_POINT('',(15.5405570118956,0.,15.5405570118956));
#6794=CARTESIAN_POINT('',(15.5405570118956,0.,15.5405570118956));
#6795=CARTESIAN_POINT('',(15.5405570118956,0.,15.5405570118956));
#6796=CARTESIAN_POINT('',(16.3759385715375,1.5,12.4228705876059));
#6797=CARTESIAN_POINT('Origin',(13.2582521472478,1.5,13.2582521472478));
#6798=CARTESIAN_POINT('',(16.3759385715375,4.,12.4228705876059));
#6799=CARTESIAN_POINT('',(16.3759385715375,0.,12.4228705876059));
#6800=CARTESIAN_POINT('',(16.3759385715375,0.,12.4228705876059));
#6801=CARTESIAN_POINT('',(14.0936337068897,1.5,10.140565722958));
#6802=CARTESIAN_POINT('Origin',(13.2582521472478,1.5,13.2582521472478));
#6803=CARTESIAN_POINT('',(14.0936337068897,4.,10.140565722958));
#6804=CARTESIAN_POINT('',(14.0936337068897,0.,10.140565722958));
#6805=CARTESIAN_POINT('',(14.0936337068897,0.,10.140565722958));
#6806=CARTESIAN_POINT('',(10.9759472825999,1.5,10.9759472826));
#6807=CARTESIAN_POINT('Origin',(13.2582521472478,1.5,13.2582521472478));
#6808=CARTESIAN_POINT('',(10.9759472825999,4.,10.9759472825999));
#6809=CARTESIAN_POINT('',(10.9759472825999,0.,10.9759472826));
#6810=CARTESIAN_POINT('',(10.9759472825999,0.,10.9759472826));
#6811=CARTESIAN_POINT('',(10.140565722958,1.5,14.0936337068897));
#6812=CARTESIAN_POINT('Origin',(13.2582521472478,1.5,13.2582521472478));
#6813=CARTESIAN_POINT('',(10.140565722958,4.,14.0936337068897));
#6814=CARTESIAN_POINT('',(10.140565722958,0.,14.0936337068897));
#6815=CARTESIAN_POINT('',(10.140565722958,0.,14.0936337068897));
#6816=CARTESIAN_POINT('Origin',(13.2582521472478,1.5,13.2582521472478));
#6817=CARTESIAN_POINT('',(12.4228705876059,4.,16.3759385715375));
#6818=CARTESIAN_POINT('',(12.4228705876059,0.,16.3759385715375));
#6819=CARTESIAN_POINT('',(12.4228705876059,0.,16.3759385715375));
#6820=CARTESIAN_POINT('Origin',(14.0276985200745,6.,-14.0276985200745));
#6821=CARTESIAN_POINT('',(10.3547282394021,6.,-15.6314459692035));
#6822=CARTESIAN_POINT('',(15.6314459692035,6.,-10.3547282394021));
#6823=CARTESIAN_POINT('Origin',(13.2582521472478,6.,-13.2582521472478));
#6824=CARTESIAN_POINT('',(12.7378733045091,6.,-18.5471448929013));
#6825=CARTESIAN_POINT('',(10.3547282394021,6.,-15.6314459692035));
#6826=CARTESIAN_POINT('',(18.5471448929013,6.,-12.7378733045091));
#6827=CARTESIAN_POINT('Origin',(0.,6.,0.));
#6828=CARTESIAN_POINT('',(15.6314459692035,6.,-10.3547282394021));
#6829=CARTESIAN_POINT('',(15.5405570118956,6.,-15.5405570118956));
#6830=CARTESIAN_POINT('Origin',(13.2582521472478,6.,-13.2582521472478));
#6831=CARTESIAN_POINT('Origin',(13.2582521472478,0.,-13.2582521472478));
#6832=CARTESIAN_POINT('',(16.3759385715375,1.5,-12.4228705876059));
#6833=CARTESIAN_POINT('',(15.5405570118956,1.5,-15.5405570118956));
#6834=CARTESIAN_POINT('Origin',(13.2582521472478,1.5,-13.2582521472478));
#6835=CARTESIAN_POINT('',(15.5405570118956,4.,-15.5405570118956));
#6836=CARTESIAN_POINT('',(15.5405570118956,0.,-15.5405570118956));
#6837=CARTESIAN_POINT('',(15.5405570118956,0.,-15.5405570118956));
#6838=CARTESIAN_POINT('',(15.5405570118956,0.,-15.5405570118956));
#6839=CARTESIAN_POINT('',(12.4228705876059,1.5,-16.3759385715375));
#6840=CARTESIAN_POINT('Origin',(13.2582521472478,1.5,-13.2582521472478));
#6841=CARTESIAN_POINT('',(12.4228705876059,4.,-16.3759385715375));
#6842=CARTESIAN_POINT('',(12.4228705876059,0.,-16.3759385715375));
#6843=CARTESIAN_POINT('',(12.4228705876059,0.,-16.3759385715375));
#6844=CARTESIAN_POINT('',(10.140565722958,1.5,-14.0936337068897));
#6845=CARTESIAN_POINT('Origin',(13.2582521472478,1.5,-13.2582521472478));
#6846=CARTESIAN_POINT('',(10.140565722958,4.,-14.0936337068897));
#6847=CARTESIAN_POINT('',(10.140565722958,0.,-14.0936337068897));
#6848=CARTESIAN_POINT('',(10.140565722958,0.,-14.0936337068897));
#6849=CARTESIAN_POINT('',(10.9759472826,1.5,-10.9759472826));
#6850=CARTESIAN_POINT('Origin',(13.2582521472478,1.5,-13.2582521472478));
#6851=CARTESIAN_POINT('',(10.9759472826,4.,-10.9759472826));
#6852=CARTESIAN_POINT('',(10.9759472826,0.,-10.9759472826));
#6853=CARTESIAN_POINT('',(10.9759472826,0.,-10.9759472826));
#6854=CARTESIAN_POINT('',(14.0936337068897,1.5,-10.140565722958));
#6855=CARTESIAN_POINT('Origin',(13.2582521472478,1.5,-13.2582521472478));
#6856=CARTESIAN_POINT('',(14.0936337068897,4.,-10.140565722958));
#6857=CARTESIAN_POINT('',(14.0936337068897,0.,-10.140565722958));
#6858=CARTESIAN_POINT('',(14.0936337068897,0.,-10.140565722958));
#6859=CARTESIAN_POINT('Origin',(13.2582521472478,1.5,-13.2582521472478));
#6860=CARTESIAN_POINT('',(16.3759385715375,4.,-12.4228705876059));
#6861=CARTESIAN_POINT('',(16.3759385715375,0.,-12.4228705876059));
#6862=CARTESIAN_POINT('',(16.3759385715375,0.,-12.4228705876059));
#6863=CARTESIAN_POINT('Origin',(13.2582521472478,4.,-13.2582521472478));
#6864=CARTESIAN_POINT('',(10.140565722958,4.,-14.0936337068897));
#6865=CARTESIAN_POINT('',(12.4228705876059,4.,-16.3759385715375));
#6866=CARTESIAN_POINT('',(15.5405570118956,4.,-15.5405570118956));
#6867=CARTESIAN_POINT('',(16.3759385715375,4.,-12.4228705876059));
#6868=CARTESIAN_POINT('',(14.0936337068897,4.,-10.140565722958));
#6869=CARTESIAN_POINT('',(10.9759472826,4.,-10.9759472826));
#6870=CARTESIAN_POINT('Origin',(10.140565722958,0.,-14.0936337068897));
#6871=CARTESIAN_POINT('',(11.5626253867866,1.5,-8.78643479008724));
#6872=CARTESIAN_POINT('Origin',(15.5405570118956,0.,-15.5405570118956));
#6873=CARTESIAN_POINT('',(10.2333580950932,1.5,-16.9626166757241));
#6874=CARTESIAN_POINT('Origin',(12.4228705876059,0.,-16.3759385715375));
#6875=CARTESIAN_POINT('',(5.22316829782002,1.5,-9.17623628175166));
#6876=CARTESIAN_POINT('Origin',(-13.2582521472478,4.,13.2582521472478));
#6877=CARTESIAN_POINT('',(-10.140565722958,4.,14.0936337068897));
#6878=CARTESIAN_POINT('',(-12.4228705876059,4.,16.3759385715375));
#6879=CARTESIAN_POINT('',(-15.5405570118956,4.,15.5405570118956));
#6880=CARTESIAN_POINT('',(-16.3759385715375,4.,12.4228705876059));
#6881=CARTESIAN_POINT('',(-14.0936337068897,4.,10.140565722958));
#6882=CARTESIAN_POINT('',(-10.9759472825999,4.,10.9759472825999));
#6883=CARTESIAN_POINT('Origin',(-10.140565722958,0.,14.0936337068897));
#6884=CARTESIAN_POINT('',(-11.5626253867866,1.5,8.78643479008723));
#6885=CARTESIAN_POINT('Origin',(-15.5405570118956,0.,15.5405570118956));
#6886=CARTESIAN_POINT('',(-10.2333580950932,1.5,16.9626166757241));
#6887=CARTESIAN_POINT('Origin',(-12.4228705876059,0.,16.3759385715375));
#6888=CARTESIAN_POINT('',(-5.22316829782002,1.5,9.17623628175166));
#6889=CARTESIAN_POINT('Origin',(-13.2582521472478,4.,-13.2582521472478));
#6890=CARTESIAN_POINT('',(-14.0936337068897,4.,-10.140565722958));
#6891=CARTESIAN_POINT('',(-16.3759385715375,4.,-12.4228705876059));
#6892=CARTESIAN_POINT('',(-15.5405570118956,4.,-15.5405570118956));
#6893=CARTESIAN_POINT('',(-12.4228705876059,4.,-16.3759385715375));
#6894=CARTESIAN_POINT('',(-10.140565722958,4.,-14.0936337068897));
#6895=CARTESIAN_POINT('',(-10.9759472825999,4.,-10.9759472825999));
#6896=CARTESIAN_POINT('Origin',(-14.0936337068897,0.,-10.140565722958));
#6897=CARTESIAN_POINT('',(-8.78643479008723,1.5,-11.5626253867866));
#6898=CARTESIAN_POINT('Origin',(-15.5405570118956,0.,-15.5405570118956));
#6899=CARTESIAN_POINT('',(-16.9626166757241,1.5,-10.2333580950932));
#6900=CARTESIAN_POINT('Origin',(-16.3759385715375,0.,-12.4228705876059));
#6901=CARTESIAN_POINT('',(-9.17623628175166,1.5,-5.22316829782002));
#6902=CARTESIAN_POINT('Origin',(13.2582521472478,4.,13.2582521472478));
#6903=CARTESIAN_POINT('',(14.0936337068897,4.,10.140565722958));
#6904=CARTESIAN_POINT('',(16.3759385715375,4.,12.4228705876059));
#6905=CARTESIAN_POINT('',(15.5405570118956,4.,15.5405570118956));
#6906=CARTESIAN_POINT('',(12.4228705876059,4.,16.3759385715375));
#6907=CARTESIAN_POINT('',(10.140565722958,4.,14.0936337068897));
#6908=CARTESIAN_POINT('',(10.9759472825999,4.,10.9759472825999));
#6909=CARTESIAN_POINT('Origin',(14.0936337068897,0.,10.140565722958));
#6910=CARTESIAN_POINT('',(8.78643479008723,1.5,11.5626253867866));
#6911=CARTESIAN_POINT('Origin',(15.5405570118956,0.,15.5405570118956));
#6912=CARTESIAN_POINT('',(16.9626166757241,1.5,10.2333580950932));
#6913=CARTESIAN_POINT('Origin',(16.3759385715375,0.,12.4228705876059));
#6914=CARTESIAN_POINT('',(9.17623628175166,1.5,5.22316829782002));
#6915=CARTESIAN_POINT('Origin',(10.9759472826,0.,-10.9759472826));
#6916=CARTESIAN_POINT('',(7.22759157794238,1.5,-11.9803161666075));
#6917=CARTESIAN_POINT('Origin',(14.0936337068897,0.,-10.140565722958));
#6918=CARTESIAN_POINT('',(8.03508384942774,1.5,-4.08201586549611));
#6919=CARTESIAN_POINT('Origin',(16.3759385715375,0.,-12.4228705876059));
#6920=CARTESIAN_POINT('',(17.3803074555451,1.5,-8.67451488294828));
#6921=CARTESIAN_POINT('Origin',(-10.9759472825999,0.,10.9759472825999));
#6922=CARTESIAN_POINT('',(-7.22759157794237,1.5,11.9803161666075));
#6923=CARTESIAN_POINT('Origin',(-14.0936337068897,0.,10.140565722958));
#6924=CARTESIAN_POINT('',(-8.03508384942774,1.5,4.08201586549612));
#6925=CARTESIAN_POINT('Origin',(-16.3759385715375,0.,12.4228705876059));
#6926=CARTESIAN_POINT('',(-17.3803074555451,1.5,8.67451488294828));
#6927=CARTESIAN_POINT('Origin',(-10.9759472825999,0.,-10.9759472825999));
#6928=CARTESIAN_POINT('',(-11.9803161666075,1.5,-7.22759157794237));
#6929=CARTESIAN_POINT('Origin',(-10.140565722958,0.,-14.0936337068897));
#6930=CARTESIAN_POINT('',(-4.08201586549612,1.5,-8.03508384942774));
#6931=CARTESIAN_POINT('Origin',(-12.4228705876059,0.,-16.3759385715375));
#6932=CARTESIAN_POINT('',(-8.67451488294828,1.5,-17.3803074555451));
#6933=CARTESIAN_POINT('Origin',(10.9759472825999,0.,10.9759472825999));
#6934=CARTESIAN_POINT('',(11.9803161666075,1.5,7.22759157794237));
#6935=CARTESIAN_POINT('Origin',(10.140565722958,0.,14.0936337068897));
#6936=CARTESIAN_POINT('',(4.08201586549612,1.5,8.03508384942774));
#6937=CARTESIAN_POINT('Origin',(12.4228705876059,0.,16.3759385715375));
#6938=CARTESIAN_POINT('',(8.67451488294828,1.5,17.3803074555451));
#6939=CARTESIAN_POINT('Origin',(0.,1.5,0.));
#6940=CARTESIAN_POINT('Origin',(0.,1.5,0.));
#6941=CARTESIAN_POINT('Origin',(0.,1.5,0.));
#6942=CARTESIAN_POINT('Origin',(0.,1.5,0.));
#6943=CARTESIAN_POINT('Origin',(0.,1.5,0.));
#6944=CARTESIAN_POINT('Origin',(0.,1.5,0.));
#6945=CARTESIAN_POINT('Origin',(0.,1.5,0.));
#6946=CARTESIAN_POINT('Origin',(0.,1.5,0.));
#6947=CARTESIAN_POINT('Origin',(0.,1.5,0.));
#6948=CARTESIAN_POINT('Origin',(0.,1.5,0.));
#6949=CARTESIAN_POINT('Origin',(0.,1.5,0.));
#6950=CARTESIAN_POINT('Origin',(0.,1.5,0.));
#6951=CARTESIAN_POINT('Origin',(0.,1.5,0.));
#6952=CARTESIAN_POINT('Origin',(0.,1.5,0.));
#6953=CARTESIAN_POINT('Origin',(0.,1.5,0.));
#6954=CARTESIAN_POINT('Origin',(0.,1.5,0.));
#6955=CARTESIAN_POINT('Origin',(0.,1.5,0.));
#6956=CARTESIAN_POINT('Origin',(0.,1.5,0.));
#6957=CARTESIAN_POINT('Origin',(0.,1.5,0.));
#6958=CARTESIAN_POINT('Origin',(0.,1.5,0.));
#6959=CARTESIAN_POINT('Origin',(0.,1.5,0.));
#6960=CARTESIAN_POINT('Origin',(0.,1.5,0.));
#6961=CARTESIAN_POINT('Origin',(0.,1.5,0.));
#6962=CARTESIAN_POINT('Origin',(0.,1.5,0.));
#6963=CARTESIAN_POINT('Origin',(0.,0.,0.));
#6964=CARTESIAN_POINT('',(-22.5,0.389777,2.75545529808154E-15));
#6965=CARTESIAN_POINT('',(-22.5,0.,2.75545529808154E-15));
#6966=CARTESIAN_POINT('Origin',(0.,0.389777,0.));
#6967=CARTESIAN_POINT('',(12.7378733045091,0.389777,18.5471448929013));
#6968=CARTESIAN_POINT('Origin',(0.,0.389777,0.));
#6969=CARTESIAN_POINT('',(12.7378733045091,0.,18.5471448929013));
#6970=CARTESIAN_POINT('',(18.5471448929013,0.389777,12.7378733045091));
#6971=CARTESIAN_POINT('',(18.5471448929013,0.,12.7378733045091));
#6972=CARTESIAN_POINT('',(18.5471448929013,0.389777,-12.7378733045091));
#6973=CARTESIAN_POINT('Origin',(0.,0.389777,0.));
#6974=CARTESIAN_POINT('',(18.5471448929013,0.,-12.7378733045091));
#6975=CARTESIAN_POINT('',(12.7378733045091,0.389777,-18.5471448929013));
#6976=CARTESIAN_POINT('',(12.7378733045091,0.,-18.5471448929013));
#6977=CARTESIAN_POINT('Origin',(0.,0.389777,0.));
#6978=CARTESIAN_POINT('Origin',(0.,0.389777,0.));
#6979=CARTESIAN_POINT('Origin',(0.,39.8051115,0.));
#6980=CARTESIAN_POINT('',(-22.110223,40.,-2.70772138253842E-15));
#6981=CARTESIAN_POINT('Origin',(0.,40.,0.));
#6982=CARTESIAN_POINT('',(-22.3051115,39.8051115,2.73158834030998E-15));
#6983=CARTESIAN_POINT('Origin',(12.7378733045091,0.,-18.5471448929013));
#6984=CARTESIAN_POINT('',(10.3547282394021,0.389777,-15.6314459692035));
#6985=CARTESIAN_POINT('',(5.64305567529316,0.389777,-9.86687090193956));
#6986=CARTESIAN_POINT('',(10.3547282394021,0.,-15.6314459692035));
#6987=CARTESIAN_POINT('Origin',(13.2582521472478,0.,-13.2582521472478));
#6988=CARTESIAN_POINT('',(15.6314459692035,0.389777,-10.3547282394021));
#6989=CARTESIAN_POINT('Origin',(13.2582521472478,0.389777,-13.2582521472478));
#6990=CARTESIAN_POINT('',(15.6314459692035,0.,-10.3547282394021));
#6991=CARTESIAN_POINT('Origin',(15.6314459692035,0.,-10.3547282394021));
#6992=CARTESIAN_POINT('',(8.40902144009067,0.389777,-4.45148314273967));
#6993=CARTESIAN_POINT('Origin',(18.5471448929013,0.,12.7378733045091));
#6994=CARTESIAN_POINT('',(15.6314459692035,0.389777,10.3547282394021));
#6995=CARTESIAN_POINT('',(9.86687090193957,0.389777,5.64305567529316));
#6996=CARTESIAN_POINT('',(15.6314459692035,0.,10.3547282394021));
#6997=CARTESIAN_POINT('Origin',(13.2582521472478,0.,13.2582521472478));
#6998=CARTESIAN_POINT('',(10.3547282394021,0.389777,15.6314459692035));
#6999=CARTESIAN_POINT('Origin',(13.2582521472478,0.389777,13.2582521472478));
#7000=CARTESIAN_POINT('',(10.3547282394021,0.,15.6314459692035));
#7001=CARTESIAN_POINT('Origin',(10.3547282394021,0.,15.6314459692035));
#7002=CARTESIAN_POINT('',(4.45148314273966,0.389777,8.40902144009068));
#7003=CARTESIAN_POINT('Origin',(-8.5323569558694,0.1948885,4.30058623097588));
#7004=CARTESIAN_POINT('',(-18.4625713243118,0.,12.1653368718022));
#7005=CARTESIAN_POINT('',(-15.8781170007609,0.,10.0529344158746));
#7006=CARTESIAN_POINT('',(-8.65569247164813,0.,4.1496893192121));
#7007=CARTESIAN_POINT('',(-15.6314459692035,0.389777,10.3547282394021));
#7008=CARTESIAN_POINT('Ctrl Pts',(-18.4625713243118,-3.46944695195361E-17,
12.1653368718022));
#7009=CARTESIAN_POINT('Ctrl Pts',(-18.491728454302,0.12944652518072,12.3563530327808));
#7010=CARTESIAN_POINT('Ctrl Pts',(-18.5199106333136,0.259389591450423,12.5472136177871));
#7011=CARTESIAN_POINT('Ctrl Pts',(-18.5471448929013,0.389777,12.7378733045091));
#7012=CARTESIAN_POINT('Origin',(-13.2582521472478,0.1948885,13.2582521472478));
#7013=CARTESIAN_POINT('',(-10.0529344158746,0.,15.8781170007609));
#7014=CARTESIAN_POINT('Origin',(-13.2582521472478,0.,13.2582521472478));
#7015=CARTESIAN_POINT('',(-10.3547282394021,0.389777,15.6314459692035));
#7016=CARTESIAN_POINT('Origin',(-5.49215876352938,0.1948885,9.99020641771829));
#7017=CARTESIAN_POINT('',(-12.1653368718022,0.,18.4625713243118));
#7018=CARTESIAN_POINT('',(-5.3412618517656,0.,10.113541933497));
#7019=CARTESIAN_POINT('Ctrl Pts',(-12.7378733045091,0.389777,18.5471448929013));
#7020=CARTESIAN_POINT('Ctrl Pts',(-12.5472136177868,0.259389591450259,18.5199106333136));
#7021=CARTESIAN_POINT('Ctrl Pts',(-12.3563530327807,0.129446525180641,18.491728454302));
#7022=CARTESIAN_POINT('Ctrl Pts',(-12.1653368718022,-3.46944695195361E-17,
18.4625713243118));
#7023=CARTESIAN_POINT('Origin',(4.30058623097588,0.1948885,8.5323569558694));
#7024=CARTESIAN_POINT('',(12.1653368718022,0.,18.4625713243118));
#7025=CARTESIAN_POINT('',(10.0529344158746,0.,15.8781170007609));
#7026=CARTESIAN_POINT('',(4.1496893192121,0.,8.65569247164813));
#7027=CARTESIAN_POINT('',(10.3547282394021,0.389777,15.6314459692035));
#7028=CARTESIAN_POINT('Ctrl Pts',(12.1653368718022,-3.46944695195361E-17,
18.4625713243118));
#7029=CARTESIAN_POINT('Ctrl Pts',(12.3563530327806,0.129446525180547,18.491728454302));
#7030=CARTESIAN_POINT('Ctrl Pts',(12.5472136177866,0.259389591450059,18.5199106333136));
#7031=CARTESIAN_POINT('Ctrl Pts',(12.7378733045091,0.389777,18.5471448929013));
#7032=CARTESIAN_POINT('Origin',(13.2582521472478,0.1948885,13.2582521472478));
#7033=CARTESIAN_POINT('',(15.8781170007609,0.,10.0529344158746));
#7034=CARTESIAN_POINT('Origin',(13.2582521472478,0.,13.2582521472478));
#7035=CARTESIAN_POINT('',(15.6314459692035,0.389777,10.3547282394021));
#7036=CARTESIAN_POINT('Origin',(9.99020641771829,0.1948885,5.49215876352938));
#7037=CARTESIAN_POINT('',(18.4625713243118,0.,12.1653368718022));
#7038=CARTESIAN_POINT('',(10.113541933497,0.,5.3412618517656));
#7039=CARTESIAN_POINT('Ctrl Pts',(18.5471448929013,0.389777,12.7378733045091));
#7040=CARTESIAN_POINT('Ctrl Pts',(18.5199106333136,0.259389591450226,12.5472136177868));
#7041=CARTESIAN_POINT('Ctrl Pts',(18.491728454302,0.129446525180626,12.3563530327807));
#7042=CARTESIAN_POINT('Ctrl Pts',(18.4625713243118,-3.46944695195361E-17,
12.1653368718022));
#7043=CARTESIAN_POINT('Origin',(-4.30058623097588,0.1948885,-8.5323569558694));
#7044=CARTESIAN_POINT('',(-12.1653368718022,0.,-18.4625713243118));
#7045=CARTESIAN_POINT('',(-10.0529344158746,0.,-15.8781170007609));
#7046=CARTESIAN_POINT('',(-4.1496893192121,0.,-8.65569247164813));
#7047=CARTESIAN_POINT('',(-10.3547282394021,0.389777,-15.6314459692035));
#7048=CARTESIAN_POINT('Ctrl Pts',(-12.1653368718022,-3.46944695195361E-17,
-18.4625713243118));
#7049=CARTESIAN_POINT('Ctrl Pts',(-12.3563530327807,0.129446525180643,-18.491728454302));
#7050=CARTESIAN_POINT('Ctrl Pts',(-12.5472136177868,0.259389591450258,-18.5199106333136));
#7051=CARTESIAN_POINT('Ctrl Pts',(-12.7378733045091,0.389777,-18.5471448929013));
#7052=CARTESIAN_POINT('Origin',(-13.2582521472478,0.1948885,-13.2582521472478));
#7053=CARTESIAN_POINT('',(-15.8781170007609,0.,-10.0529344158746));
#7054=CARTESIAN_POINT('Origin',(-13.2582521472478,0.,-13.2582521472478));
#7055=CARTESIAN_POINT('',(-15.6314459692035,0.389777,-10.3547282394021));
#7056=CARTESIAN_POINT('Origin',(-9.99020641771829,0.1948885,-5.49215876352938));
#7057=CARTESIAN_POINT('',(-18.4625713243118,0.,-12.1653368718022));
#7058=CARTESIAN_POINT('',(-10.113541933497,0.,-5.3412618517656));
#7059=CARTESIAN_POINT('Ctrl Pts',(-18.5471448929013,0.389777,-12.7378733045091));
#7060=CARTESIAN_POINT('Ctrl Pts',(-18.5199106333136,0.259389591450271,-12.5472136177869));
#7061=CARTESIAN_POINT('Ctrl Pts',(-18.491728454302,0.129446525180648,-12.3563530327807));
#7062=CARTESIAN_POINT('Ctrl Pts',(-18.4625713243118,-3.46944695195361E-17,
-12.1653368718022));
#7063=CARTESIAN_POINT('Origin',(8.53235695586939,0.1948885,-4.30058623097589));
#7064=CARTESIAN_POINT('',(18.4625713243118,0.,-12.1653368718022));
#7065=CARTESIAN_POINT('',(15.8781170007609,0.,-10.0529344158746));
#7066=CARTESIAN_POINT('',(8.65569247164812,0.,-4.14968931921211));
#7067=CARTESIAN_POINT('',(15.6314459692035,0.389777,-10.3547282394021));
#7068=CARTESIAN_POINT('Ctrl Pts',(18.4625713243118,-3.46944695195361E-17,
-12.1653368718022));
#7069=CARTESIAN_POINT('Ctrl Pts',(18.491728454302,0.129446525180646,-12.3563530327807));
#7070=CARTESIAN_POINT('Ctrl Pts',(18.5199106333136,0.259389591450268,-12.5472136177869));
#7071=CARTESIAN_POINT('Ctrl Pts',(18.5471448929013,0.389777,-12.7378733045091));
#7072=CARTESIAN_POINT('Origin',(13.2582521472478,0.1948885,-13.2582521472478));
#7073=CARTESIAN_POINT('',(10.0529344158746,0.,-15.8781170007609));
#7074=CARTESIAN_POINT('Origin',(13.2582521472478,0.,-13.2582521472478));
#7075=CARTESIAN_POINT('',(10.3547282394021,0.389777,-15.6314459692035));
#7076=CARTESIAN_POINT('Origin',(5.49215876352938,0.1948885,-9.99020641771828));
#7077=CARTESIAN_POINT('',(12.1653368718022,0.,-18.4625713243118));
#7078=CARTESIAN_POINT('',(5.3412618517656,0.,-10.113541933497));
#7079=CARTESIAN_POINT('Ctrl Pts',(12.7378733045091,0.389777,-18.5471448929013));
#7080=CARTESIAN_POINT('Ctrl Pts',(12.5472136177872,0.259389591450525,-18.5199106333137));
#7081=CARTESIAN_POINT('Ctrl Pts',(12.3563530327809,0.129446525180771,-18.491728454302));
#7082=CARTESIAN_POINT('Ctrl Pts',(12.1653368718022,-3.46944695195361E-17,
-18.4625713243118));
#7083=CARTESIAN_POINT('Origin',(0.,0.1948885,0.));
#7084=CARTESIAN_POINT('Origin',(0.,0.,0.));
#7085=CARTESIAN_POINT('Origin',(0.,0.1948885,0.));
#7086=CARTESIAN_POINT('Origin',(0.,0.,0.));
#7087=CARTESIAN_POINT('Origin',(0.,0.1948885,0.));
#7088=CARTESIAN_POINT('Origin',(0.,0.,0.));
#7089=CARTESIAN_POINT('Origin',(0.,0.1948885,0.));
#7090=CARTESIAN_POINT('Origin',(0.,0.,0.));
#7091=CARTESIAN_POINT('Origin',(0.,40.,0.));
#7092=CARTESIAN_POINT('Origin',(0.,0.,0.));
#7093=CARTESIAN_POINT('',(-12.5,0.,-1.53080849893419E-15));
#7094=CARTESIAN_POINT('Origin',(0.,0.,0.));
#7095=CARTESIAN_POINT('Origin',(0.,-2.,0.));
#7096=CARTESIAN_POINT('',(-10.1856305194635,-2.,-1.24737998129585E-15));
#7097=CARTESIAN_POINT('Origin',(0.,-2.,0.));
#7098=CARTESIAN_POINT('',(-6.42703131332337,-2.,-7.87084332588127E-16));
#7099=CARTESIAN_POINT('Origin',(0.,-2.,0.));
#7100=CARTESIAN_POINT('Origin',(0.,0.,0.));
#7101=CARTESIAN_POINT('',(-12.5,-1.857444,-1.53080849893419E-15));
#7102=CARTESIAN_POINT('Origin',(0.,-1.857444,0.));
#7103=CARTESIAN_POINT('',(-12.5,0.,-1.53080849893419E-15));
#7104=CARTESIAN_POINT('Origin',(0.,-1.928722,0.));
#7105=CARTESIAN_POINT('',(-12.357444,-2.,1.51335042402427E-15));
#7106=CARTESIAN_POINT('Origin',(0.,-2.,0.));
#7107=CARTESIAN_POINT('',(-12.428722,-1.928722,-1.52207946147923E-15));
#7108=CARTESIAN_POINT('Origin',(0.,-2.,0.));
#7109=CARTESIAN_POINT('',(-4.26572527891539,-2.,-5.22400680886569E-16));
#7110=CARTESIAN_POINT('Origin',(0.,-2.,0.));
#7111=CARTESIAN_POINT('',(-4.,-2.,-4.89858719658941E-16));
#7112=CARTESIAN_POINT('Origin',(0.,-2.,0.));
#7113=CARTESIAN_POINT('Origin',(0.,-2.,0.));
#7114=CARTESIAN_POINT('',(-6.28409091040336,-2.,-7.69579181897645E-16));
#7115=CARTESIAN_POINT('Origin',(0.,-2.,0.));
#7116=CARTESIAN_POINT('',(-4.47297380276273,-2.,-5.47781305022335E-16));
#7117=CARTESIAN_POINT('Origin',(0.,-2.,0.));
#7118=CARTESIAN_POINT('Origin',(0.,-2.,0.));
#7119=CARTESIAN_POINT('',(-10.5664210479848,-2.,-1.29401337148578E-15));
#7120=CARTESIAN_POINT('Origin',(0.,-2.,0.));
#7121=CARTESIAN_POINT('Origin',(0.,-1.55340627185938,0.));
#7122=CARTESIAN_POINT('',(-10.3422341092417,-1.10681254371877,-1.26655838979154E-15));
#7123=CARTESIAN_POINT('Origin',(0.,-1.10681254371877,0.));
#7124=CARTESIAN_POINT('',(-10.4543275786132,-1.55340627185938,-1.28028588063866E-15));
#7125=CARTESIAN_POINT('Origin',(0.,-1.55340627185938,0.));
#7126=CARTESIAN_POINT('',(-10.2639323143526,-1.55340627185938,-1.2569691855437E-15));
#7127=CARTESIAN_POINT('Origin',(0.,-1.7152542079397,0.));
#7128=CARTESIAN_POINT('',(-6.28409091040336,-1.43050841587939,-7.69579181897645E-16));
#7129=CARTESIAN_POINT('Origin',(0.,-1.43050841587939,0.));
#7130=CARTESIAN_POINT('',(-6.28409091040336,-1.7152542079397,-7.69579181897645E-16));
#7131=CARTESIAN_POINT('Origin',(0.,-1.7152542079397,0.));
#7132=CARTESIAN_POINT('',(-6.35556111186336,-1.7152542079397,-7.78331757242886E-16));
#7133=CARTESIAN_POINT('Origin',(0.,-1.79357430134969,0.));
#7134=CARTESIAN_POINT('',(-4.36934954083906,-1.58714860269938,-5.35090992954452E-16));
#7135=CARTESIAN_POINT('Origin',(0.,-1.58714860269938,0.));
#7136=CARTESIAN_POINT('',(-4.31753740987723,-1.79357430134969,-5.2874583692051E-16));
#7137=CARTESIAN_POINT('Origin',(0.,-1.79357430134969,0.));
#7138=CARTESIAN_POINT('',(-4.4211616718009,-1.79357430134969,-5.41436148988393E-16));
#7139=CARTESIAN_POINT('Origin',(0.,-2.,0.));
#7140=CARTESIAN_POINT('Ctrl Pts',(3.49726179447158,-4.743194,-1.94143244562603));
#7141=CARTESIAN_POINT('Ctrl Pts',(3.8255723103801,-4.743194,-1.35001973559486));
#7142=CARTESIAN_POINT('Ctrl Pts',(4.1744503965538,-4.743194,-9.73698919939344E-8));
#7143=CARTESIAN_POINT('Ctrl Pts',(3.82557237321196,-4.743194,1.35001955745228));
#7144=CARTESIAN_POINT('Ctrl Pts',(3.49726188496086,-4.743194,1.94143228262023));
#7145=CARTESIAN_POINT('Ctrl Pts',(2.82959580471179,-23.5257184899796,-2.82725796169317));
#7146=CARTESIAN_POINT('Ctrl Pts',(2.82959580471179,-17.6155248023638,-2.82725796169317));
#7147=CARTESIAN_POINT('Ctrl Pts',(2.82959580471179,-11.705331114748,-2.82725796169317));
#7148=CARTESIAN_POINT('Ctrl Pts',(2.82959580471179,-5.79513742713222,-2.82725796169317));
#7149=CARTESIAN_POINT('',(2.67189540792407,-23.743194,-2.97673897564336));
#7150=CARTESIAN_POINT('Ctrl Pts',(2.67189540792407,-23.743194,-2.97673897564336));
#7151=CARTESIAN_POINT('Ctrl Pts',(2.67527623740387,-23.743194,-2.97370437206006));
#7152=CARTESIAN_POINT('Ctrl Pts',(2.67865518387799,-23.7431923493178,-2.97066115772484));
#7153=CARTESIAN_POINT('Ctrl Pts',(2.68207980931187,-23.7431186260698,-2.96756598856396));
#7154=CARTESIAN_POINT('Ctrl Pts',(2.68572224948218,-23.743040213839,-2.964273958909));
#7155=CARTESIAN_POINT('Ctrl Pts',(2.68941600969751,-23.742880300604,-2.96092340241511));
#7156=CARTESIAN_POINT('Ctrl Pts',(2.69317652712043,-23.7425764003708,-2.95749897612282));
#7157=CARTESIAN_POINT('Ctrl Pts',(2.69730037846083,-23.7422431378851,-2.95374368838783));
#7158=CARTESIAN_POINT('Ctrl Pts',(2.70150397404403,-23.7417367241747,-2.94989995787034));
#7159=CARTESIAN_POINT('Ctrl Pts',(2.70576568756996,-23.7410006509724,-2.9459857508089));
#7160=CARTESIAN_POINT('Ctrl Pts',(2.71091691353738,-23.7401109432598,-2.9412545634745));
#7161=CARTESIAN_POINT('Ctrl Pts',(2.7161518305549,-23.7388854279868,-2.93642133263208));
#7162=CARTESIAN_POINT('Ctrl Pts',(2.72138619647997,-23.7372638326145,-2.93156224044592));
#7163=CARTESIAN_POINT('Ctrl Pts',(2.72712528764647,-23.7354858744416,-2.92623460889665));
#7164=CARTESIAN_POINT('Ctrl Pts',(2.73285927503056,-23.7332327984301,-2.92087992230425));
#7165=CARTESIAN_POINT('Ctrl Pts',(2.73847407148665,-23.7304619748036,-2.91560624224112));
#7166=CARTESIAN_POINT('Ctrl Pts',(2.74283626109382,-23.7283092951612,-2.9115090692549));
#7167=CARTESIAN_POINT('Ctrl Pts',(2.74712571023972,-23.7258451498551,-2.90746172124439));
#7168=CARTESIAN_POINT('Ctrl Pts',(2.75131622572074,-23.723055418019,-2.90349083451038));
#7169=CARTESIAN_POINT('Ctrl Pts',(2.75570894075291,-23.7201310768425,-2.89932834568853));
#7170=CARTESIAN_POINT('Ctrl Pts',(2.75999750610591,-23.7168460265297,-2.89524562377952));
#7171=CARTESIAN_POINT('Ctrl Pts',(2.76417831833348,-23.7131957620628,-2.891248558055));
#7172=CARTESIAN_POINT('Ctrl Pts',(2.76862081743913,-23.7093170189509,-2.88700130657852));
#7173=CARTESIAN_POINT('Ctrl Pts',(2.77294121626119,-23.7050265182962,-2.8828510968165));
#7174=CARTESIAN_POINT('Ctrl Pts',(2.77710280679735,-23.700366333246,-2.87883657064417));
#7175=CARTESIAN_POINT('Ctrl Pts',(2.78113283164264,-23.6958534765936,-2.87494896082865));
#7176=CARTESIAN_POINT('Ctrl Pts',(2.78501274858495,-23.6909953610535,-2.87118971243018));
#7177=CARTESIAN_POINT('Ctrl Pts',(2.78869448320233,-23.685855958638,-2.86760929684588));
#7178=CARTESIAN_POINT('',(-3.99849107498381,-23.743194,1.22937934599748E-6));
#7179=CARTESIAN_POINT('Ctrl Pts',(-3.99849107498381,-23.743194,1.22937934604606E-6));
#7180=CARTESIAN_POINT('Ctrl Pts',(-3.99813086194795,-23.743194,-0.440828000434989));
#7181=CARTESIAN_POINT('Ctrl Pts',(-3.78367765121642,-23.743194,-1.75890255057073));
#7182=CARTESIAN_POINT('Ctrl Pts',(-2.36745525239322,-23.743194,-3.59328130064233));
#7183=CARTESIAN_POINT('Ctrl Pts',(0.323716633647204,-23.743194,-4.28344493147666));
#7184=CARTESIAN_POINT('Ctrl Pts',(2.01668976363951,-23.743194,-3.56484594993106));
#7185=CARTESIAN_POINT('Ctrl Pts',(2.67189540792409,-23.743194,-2.97673897564334));
#7186=CARTESIAN_POINT('',(-4.,-2.,-4.89858719658941E-16));
#7187=CARTESIAN_POINT('Ctrl Pts',(2.66077851711132,-23.743194,2.98668004360676));
#7188=CARTESIAN_POINT('Ctrl Pts',(2.00348563262526,-23.743194,3.57225022888132));
#7189=CARTESIAN_POINT('Ctrl Pts',(0.309015266490909,-23.743194,4.28782834098679));
#7190=CARTESIAN_POINT('Ctrl Pts',(-2.38114525862609,-23.743194,3.58032537846634));
#7191=CARTESIAN_POINT('Ctrl Pts',(-3.7895868916155,-23.743194,1.74884177046059));
#7192=CARTESIAN_POINT('Ctrl Pts',(-3.99884742833646,-23.743194,0.43610697335494));
#7193=CARTESIAN_POINT('Ctrl Pts',(-3.99849107498381,-23.743194,1.22937934604606E-6));
#7194=CARTESIAN_POINT('Ctrl Pts',(2.82959580471179,-5.79513742713221,2.82725796169318));
#7195=CARTESIAN_POINT('Ctrl Pts',(2.82959580471179,-11.705331114748,2.82725796169318));
#7196=CARTESIAN_POINT('Ctrl Pts',(2.82959580471179,-17.6155248023638,2.82725796169318));
#7197=CARTESIAN_POINT('Ctrl Pts',(2.82959580471179,-23.5257184899796,2.82725796169318));
#7198=CARTESIAN_POINT('Origin',(3.45236875482778,-5.,1.66533453693773E-15));
#7199=CARTESIAN_POINT('',(3.27273234137381,-5.,-1.81678957046817));
#7200=CARTESIAN_POINT('Ctrl Pts',(3.27273234137381,-5.,-1.81678957046817));
#7201=CARTESIAN_POINT('Ctrl Pts',(3.2171379255147,-5.,-1.91693636002454));
#7202=CARTESIAN_POINT('Ctrl Pts',(3.18934071758514,-5.,-1.90937807126289));
#7203=CARTESIAN_POINT('Ctrl Pts',(3.27273242605355,-5.,1.81678941792759));
#7204=CARTESIAN_POINT('Ctrl Pts',(3.57996488849319,-5.,1.26334627683451));
#7205=CARTESIAN_POINT('Ctrl Pts',(3.90644441942009,-5.,-9.11186051866877E-8));
#7206=CARTESIAN_POINT('Ctrl Pts',(3.57996482969523,-5.,-1.26334644354007));
#7207=CARTESIAN_POINT('Ctrl Pts',(3.27273234137381,-5.,-1.81678957046817));
#7208=CARTESIAN_POINT('',(3.16154350965559,-5.,1.78655641542154));
#7209=CARTESIAN_POINT('Ctrl Pts',(3.16154350965559,-5.,1.78655641542154));
#7210=CARTESIAN_POINT('Ctrl Pts',(3.16154350965559,-5.,1.90181979350095));
#7211=CARTESIAN_POINT('Ctrl Pts',(3.18934073875508,-5.,1.90937804412746));
#7212=CARTESIAN_POINT('Ctrl Pts',(3.16154350965559,-5.,-1.78655641542154));
#7213=CARTESIAN_POINT('Ctrl Pts',(3.16154350965559,-5.,-0.595518805140511));
#7214=CARTESIAN_POINT('Ctrl Pts',(3.16154350965559,-5.,0.595518805140513));
#7215=CARTESIAN_POINT('Ctrl Pts',(3.16154350965559,-5.,1.78655641542154));
#7216=CARTESIAN_POINT('Origin',(2.90473750965559,-24.,-2.75));
#7217=CARTESIAN_POINT('Ctrl Pts',(2.90473750965559,-5.256806,1.78655641542154));
#7218=CARTESIAN_POINT('Ctrl Pts',(2.90473750965559,-5.256806,0.595518805140513));
#7219=CARTESIAN_POINT('Ctrl Pts',(2.90473750965559,-5.256806,-0.595518805140511));
#7220=CARTESIAN_POINT('Ctrl Pts',(2.90473750965559,-5.256806,-1.78655641542154));
#7221=CARTESIAN_POINT('Ctrl Pts',(2.90473750965559,-23.5257184899796,2.64574375966554));
#7222=CARTESIAN_POINT('Ctrl Pts',(2.90473750965559,-17.6155248023638,2.64574375966554));
#7223=CARTESIAN_POINT('Ctrl Pts',(2.90473750965559,-11.705331114748,2.64574375966554));
#7224=CARTESIAN_POINT('Ctrl Pts',(2.90473750965559,-5.7951374271322,2.64574375966554));
#7225=CARTESIAN_POINT('',(2.90473750965559,-23.743194,2.42826824964511));
#7226=CARTESIAN_POINT('Origin',(2.90473750965559,-23.5257184899796,2.42826824964511));
#7227=CARTESIAN_POINT('Ctrl Pts',(2.90473750965559,-23.743194,-2.42826824964538));
#7228=CARTESIAN_POINT('Ctrl Pts',(2.90473750965559,-23.743194,-0.809422749881883));
#7229=CARTESIAN_POINT('Ctrl Pts',(2.90473750965559,-23.743194,0.809422749881612));
#7230=CARTESIAN_POINT('Ctrl Pts',(2.90473750965559,-23.743194,2.42826824964511));
#7231=CARTESIAN_POINT('Ctrl Pts',(2.90473750965559,-5.79513742713222,-2.64574375966553));
#7232=CARTESIAN_POINT('Ctrl Pts',(2.90473750965559,-11.705331114748,-2.64574375966553));
#7233=CARTESIAN_POINT('Ctrl Pts',(2.90473750965559,-17.6155248023638,-2.64574375966553));
#7234=CARTESIAN_POINT('Ctrl Pts',(2.90473750965559,-23.5257184899796,-2.64574375966553));
#7235=CARTESIAN_POINT('Origin',(0.,-24.,0.));
#7236=CARTESIAN_POINT('Ctrl Pts',(2.64793150965559,-24.,2.42826824964511));
#7237=CARTESIAN_POINT('Ctrl Pts',(2.64793150965559,-24.,0.809422749881612));
#7238=CARTESIAN_POINT('Ctrl Pts',(2.64793150965559,-24.,-0.809422749881883));
#7239=CARTESIAN_POINT('Ctrl Pts',(2.64793150965559,-24.,-2.42826824964538));
#7240=CARTESIAN_POINT('Ctrl Pts',(2.50035571489238,-24.,-2.7856278682987));
#7241=CARTESIAN_POINT('Ctrl Pts',(1.88721525577933,-24.,-3.33597749267668));
#7242=CARTESIAN_POINT('Ctrl Pts',(0.302933540192028,-24.,-4.00844134170852));
#7243=CARTESIAN_POINT('Ctrl Pts',(-2.21546107400691,-24.,-3.36258725121925));
#7244=CARTESIAN_POINT('Ctrl Pts',(-3.80410822528483,-24.,-1.30487330877142));
#7245=CARTESIAN_POINT('Ctrl Pts',(-3.81159891528319,-24.,1.29156559101151));
#7246=CARTESIAN_POINT('Ctrl Pts',(-2.22827216130463,-24.,3.35046311868084));
#7247=CARTESIAN_POINT('Ctrl Pts',(0.289176022859156,-24.,4.01254332975294));
#7248=CARTESIAN_POINT('Ctrl Pts',(1.87485884978227,-24.,3.34290640581179));
#7249=CARTESIAN_POINT('Ctrl Pts',(2.489952545145,-24.,2.79493070478714));
#7250=CARTESIAN_POINT('Ctrl Pts',(2.489952545145,-24.,2.79493070478714));
#7251=CARTESIAN_POINT('Ctrl Pts',(1.87485884978227,-24.,3.34290640581179));
#7252=CARTESIAN_POINT('Ctrl Pts',(0.289176022859156,-24.,4.01254332975294));
#7253=CARTESIAN_POINT('Ctrl Pts',(-2.22827216130463,-24.,3.35046311868084));
#7254=CARTESIAN_POINT('Ctrl Pts',(-3.81159891528319,-24.,1.29156559101151));
#7255=CARTESIAN_POINT('Ctrl Pts',(-3.80410822528483,-24.,-1.30487330877142));
#7256=CARTESIAN_POINT('Ctrl Pts',(-2.21546107400691,-24.,-3.36258725121925));
#7257=CARTESIAN_POINT('Ctrl Pts',(0.302933540192028,-24.,-4.00844134170852));
#7258=CARTESIAN_POINT('Ctrl Pts',(1.88721525577933,-24.,-3.33597749267668));
#7259=CARTESIAN_POINT('Ctrl Pts',(2.50035571489238,-24.,-2.7856278682987));
#7260=CARTESIAN_POINT('Ctrl Pts',(2.51334274736881,-24.,2.82118582138122));
#7261=CARTESIAN_POINT('Ctrl Pts',(1.89249018744834,-24.,3.37429198930372));
#7262=CARTESIAN_POINT('Ctrl Pts',(0.29188022174753,-24.,4.05018953974488));
#7263=CARTESIAN_POINT('Ctrl Pts',(-2.24917362926835,-24.,3.38190742581727));
#7264=CARTESIAN_POINT('Ctrl Pts',(-3.84734464824863,-24.,1.30368010770605));
#7265=CARTESIAN_POINT('Ctrl Pts',(-3.8398048726743,-24.,-1.31711869046132));
#7266=CARTESIAN_POINT('Ctrl Pts',(-2.2362287056464,-24.,-3.39413061354855));
#7267=CARTESIAN_POINT('Ctrl Pts',(0.305769684955547,-24.,-4.04606408844131));
#7268=CARTESIAN_POINT('Ctrl Pts',(1.90496260643333,-24.,-3.3672979129116));
#7269=CARTESIAN_POINT('Ctrl Pts',(2.52384364277148,-24.,-2.81179559558603));
#7270=CARTESIAN_POINT('Ctrl Pts',(2.56386268151759,-23.9857597190833,2.87789361504242));
#7271=CARTESIAN_POINT('Ctrl Pts',(1.9304754228613,-23.9857597190833,3.44216671635845));
#7272=CARTESIAN_POINT('Ctrl Pts',(0.297782413556679,-23.9857597190833,4.13173583064431));
#7273=CARTESIAN_POINT('Ctrl Pts',(-2.29447119961431,-23.9857597190833,3.44997039658534));
#7274=CARTESIAN_POINT('Ctrl Pts',(-3.92485043483205,-23.9857597190832,1.32993728341816));
#7275=CARTESIAN_POINT('Ctrl Pts',(-3.91709807444208,-23.9857597190832,-1.34362920115441));
#7276=CARTESIAN_POINT('Ctrl Pts',(-2.28130476456418,-23.9857597190833,-3.46248182899789));
#7277=CARTESIAN_POINT('Ctrl Pts',(0.311943292627732,-23.9857597190833,-4.12748423589692));
#7278=CARTESIAN_POINT('Ctrl Pts',(1.94319872119685,-23.9857597190833,-3.43503226695134));
#7279=CARTESIAN_POINT('Ctrl Pts',(2.57457465220823,-23.9857597190833,-2.8683146391894));
#7280=CARTESIAN_POINT('Ctrl Pts',(2.64105501339746,-23.8956119912799,2.96454073567362));
#7281=CARTESIAN_POINT('Ctrl Pts',(1.9886561580739,-23.8956119912799,3.54575092005503));
#7282=CARTESIAN_POINT('Ctrl Pts',(0.306710764272403,-23.8956119912799,4.25599096410999));
#7283=CARTESIAN_POINT('Ctrl Pts',(-2.36346005798442,-23.8956119912798,3.5537523519155));
#7284=CARTESIAN_POINT('Ctrl Pts',(-4.04283775249674,-23.8956119912798,1.36992348149842));
#7285=CARTESIAN_POINT('Ctrl Pts',(-4.03491654187791,-23.8956119912798,-1.38404539311584));
#7286=CARTESIAN_POINT('Ctrl Pts',(-2.34985628408422,-23.8956119912798,-3.56659546763687));
#7287=CARTESIAN_POINT('Ctrl Pts',(0.321306217694696,-23.8956119912799,-4.25165707934605));
#7288=CARTESIAN_POINT('Ctrl Pts',(2.0017623420781,-23.8956119912799,-3.53840144281467));
#7289=CARTESIAN_POINT('Ctrl Pts',(2.65208949823927,-23.8956119912799,-2.95467335768089));
#7290=CARTESIAN_POINT('Ctrl Pts',(2.66077851711132,-23.7959384176358,2.98668004360676));
#7291=CARTESIAN_POINT('Ctrl Pts',(2.00334682293225,-23.7959384176358,3.57237389189301));
#7292=CARTESIAN_POINT('Ctrl Pts',(0.309103884922489,-23.7959384176358,4.28816741180726));
#7293=CARTESIAN_POINT('Ctrl Pts',(-2.38136586581655,-23.7959384176358,3.58053758800778));
#7294=CARTESIAN_POINT('Ctrl Pts',(-4.07352968424039,-23.7959384176358,1.38030657145587));
#7295=CARTESIAN_POINT('Ctrl Pts',(-4.06537142526259,-23.7959384176358,-1.39448500644797));
#7296=CARTESIAN_POINT('Ctrl Pts',(-2.36777327475599,-23.7959384176358,-3.59360064306882));
#7297=CARTESIAN_POINT('Ctrl Pts',(0.323785683726912,-23.7959384176358,-4.28367518528615));
#7298=CARTESIAN_POINT('Ctrl Pts',(2.01655139473808,-23.7959384176358,-3.56497014867181));
#7299=CARTESIAN_POINT('Ctrl Pts',(2.67189540792409,-23.7959384176358,-2.97673897564334));
#7300=CARTESIAN_POINT('Ctrl Pts',(2.66077851711132,-23.743194,2.98668004360676));
#7301=CARTESIAN_POINT('Ctrl Pts',(2.00348563262526,-23.743194,3.57225022888132));
#7302=CARTESIAN_POINT('Ctrl Pts',(0.309015266490909,-23.743194,4.28782834098679));
#7303=CARTESIAN_POINT('Ctrl Pts',(-2.38114525862609,-23.743194,3.58032537846634));
#7304=CARTESIAN_POINT('Ctrl Pts',(-4.07309791080319,-23.743194,1.38017488915776));
#7305=CARTESIAN_POINT('Ctrl Pts',(-4.06509331366133,-23.743194,-1.39439559773958));
#7306=CARTESIAN_POINT('Ctrl Pts',(-2.36745525239322,-23.743194,-3.59328130064233));
#7307=CARTESIAN_POINT('Ctrl Pts',(0.323716633647204,-23.743194,-4.28344493147666));
#7308=CARTESIAN_POINT('Ctrl Pts',(2.01668976363951,-23.743194,-3.56484594993106));
#7309=CARTESIAN_POINT('Ctrl Pts',(2.67189540792409,-23.743194,-2.97673897564334));
#7310=CARTESIAN_POINT('Ctrl Pts',(2.67189540792409,-23.743194,-2.97673897564334));
#7311=CARTESIAN_POINT('Ctrl Pts',(2.67189540792409,-23.7959384176358,-2.97673897564334));
#7312=CARTESIAN_POINT('Ctrl Pts',(2.65803159972357,-23.865708265608,-2.96129340913691));
#7313=CARTESIAN_POINT('Ctrl Pts',(2.62674331710422,-23.9181905866808,-2.92643536414092));
#7314=CARTESIAN_POINT('Ctrl Pts',(2.62198242673496,-23.925276926517,-2.92113129127979));
#7315=CARTESIAN_POINT('Ctrl Pts',(2.64793150965559,-24.,-2.42826824964538));
#7316=CARTESIAN_POINT('Ctrl Pts',(2.64793150965559,-24.,-0.809422749881883));
#7317=CARTESIAN_POINT('Ctrl Pts',(2.64793150965559,-24.,0.809422749881612));
#7318=CARTESIAN_POINT('Ctrl Pts',(2.64793150965559,-24.,2.42826824964511));
#7319=CARTESIAN_POINT('Ctrl Pts',(2.68309445474611,-24.,-2.42826824964538));
#7320=CARTESIAN_POINT('Ctrl Pts',(2.68309445474611,-24.,-0.809422749881879));
#7321=CARTESIAN_POINT('Ctrl Pts',(2.68309445474611,-24.,0.809422749881608));
#7322=CARTESIAN_POINT('Ctrl Pts',(2.68309445474611,-24.,2.42826824964511));
#7323=CARTESIAN_POINT('Ctrl Pts',(2.75904226888024,-23.9857595741882,-2.42826824964538));
#7324=CARTESIAN_POINT('Ctrl Pts',(2.75904226888024,-23.9857595741882,-0.809422749881887));
#7325=CARTESIAN_POINT('Ctrl Pts',(2.75904226888024,-23.9857595741882,0.809422749881617));
#7326=CARTESIAN_POINT('Ctrl Pts',(2.75904226888024,-23.9857595741882,2.42826824964511));
#7327=CARTESIAN_POINT('Ctrl Pts',(2.87508754496682,-23.8956115451388,-2.42826824964538));
#7328=CARTESIAN_POINT('Ctrl Pts',(2.87508754496682,-23.8956115451388,-0.80942274988188));
#7329=CARTESIAN_POINT('Ctrl Pts',(2.87508754496682,-23.8956115451388,0.809422749881609));
#7330=CARTESIAN_POINT('Ctrl Pts',(2.87508754496682,-23.8956115451388,2.42826824964511));
#7331=CARTESIAN_POINT('Ctrl Pts',(2.90473750965559,-23.7959384176358,-2.42826824964538));
#7332=CARTESIAN_POINT('Ctrl Pts',(2.90473750965559,-23.7959384176358,-0.809422749881886));
#7333=CARTESIAN_POINT('Ctrl Pts',(2.90473750965559,-23.7959384176358,0.809422749881615));
#7334=CARTESIAN_POINT('Ctrl Pts',(2.90473750965559,-23.7959384176358,2.42826824964511));
#7335=CARTESIAN_POINT('Ctrl Pts',(2.90473750965559,-23.743194,-2.42826824964538));
#7336=CARTESIAN_POINT('Ctrl Pts',(2.90473750965559,-23.743194,-0.809422749881883));
#7337=CARTESIAN_POINT('Ctrl Pts',(2.90473750965559,-23.743194,0.809422749881612));
#7338=CARTESIAN_POINT('Ctrl Pts',(2.90473750965559,-23.743194,2.42826824964511));
#7339=CARTESIAN_POINT('Ctrl Pts',(2.90473750965559,-23.743194,2.42826824964511));
#7340=CARTESIAN_POINT('Ctrl Pts',(2.90473750965559,-23.7959384176358,2.42826824964511));
#7341=CARTESIAN_POINT('Ctrl Pts',(2.88398297176662,-23.8657081365203,2.42826824964511));
#7342=CARTESIAN_POINT('Ctrl Pts',(2.83714216947058,-23.9181905617483,2.42826824964511));
#7343=CARTESIAN_POINT('Ctrl Pts',(2.83001464933878,-23.9252770233081,2.42826824964511));
#7344=CARTESIAN_POINT('Ctrl Pts',(2.90473750965559,-5.256806,-1.78655641542154));
#7345=CARTESIAN_POINT('Ctrl Pts',(2.90473750965559,-5.256806,-0.595518805140511));
#7346=CARTESIAN_POINT('Ctrl Pts',(2.90473750965559,-5.256806,0.595518805140513));
#7347=CARTESIAN_POINT('Ctrl Pts',(2.90473750965559,-5.256806,1.78655641542154));
#7348=CARTESIAN_POINT('Ctrl Pts',(2.90473750965559,-5.22164305490948,-1.78655641542154));
#7349=CARTESIAN_POINT('Ctrl Pts',(2.90473750965559,-5.22164305490948,-0.595518805140509));
#7350=CARTESIAN_POINT('Ctrl Pts',(2.90473750965559,-5.22164305490948,0.59551880514051));
#7351=CARTESIAN_POINT('Ctrl Pts',(2.90473750965559,-5.22164305490948,1.78655641542154));
#7352=CARTESIAN_POINT('Ctrl Pts',(2.91899174263957,-5.14567629838875,-1.78655641542154));
#7353=CARTESIAN_POINT('Ctrl Pts',(2.91899174263957,-5.14567629838875,-0.595518805140515));
#7354=CARTESIAN_POINT('Ctrl Pts',(2.91899174263957,-5.14567629838875,0.595518805140516));
#7355=CARTESIAN_POINT('Ctrl Pts',(2.91899174263957,-5.14567629838875,1.78655641542154));
#7356=CARTESIAN_POINT('Ctrl Pts',(3.00918501388811,-5.02954839297104,-1.78655641542154));
#7357=CARTESIAN_POINT('Ctrl Pts',(3.00918501388811,-5.02954839297104,-0.59551880514051));
#7358=CARTESIAN_POINT('Ctrl Pts',(3.00918501388811,-5.02954839297104,0.595518805140511));
#7359=CARTESIAN_POINT('Ctrl Pts',(3.00918501388811,-5.02954839297104,1.78655641542154));
#7360=CARTESIAN_POINT('Ctrl Pts',(3.1087990920198,-5.,-1.78655641542154));
#7361=CARTESIAN_POINT('Ctrl Pts',(3.1087990920198,-5.,-0.595518805140514));
#7362=CARTESIAN_POINT('Ctrl Pts',(3.1087990920198,-5.,0.595518805140515));
#7363=CARTESIAN_POINT('Ctrl Pts',(3.1087990920198,-5.,1.78655641542154));
#7364=CARTESIAN_POINT('Ctrl Pts',(3.16154350965559,-5.,-1.78655641542154));
#7365=CARTESIAN_POINT('Ctrl Pts',(3.16154350965559,-5.,-0.595518805140511));
#7366=CARTESIAN_POINT('Ctrl Pts',(3.16154350965559,-5.,0.595518805140513));
#7367=CARTESIAN_POINT('Ctrl Pts',(3.16154350965559,-5.,1.78655641542154));
#7368=CARTESIAN_POINT('Ctrl Pts',(3.16154350965559,-5.,1.78655641542154));
#7369=CARTESIAN_POINT('Ctrl Pts',(3.1087990920198,-5.,1.78655641542154));
#7370=CARTESIAN_POINT('Ctrl Pts',(3.03904778269402,-5.02069023913947,1.78655641542154));
#7371=CARTESIAN_POINT('Ctrl Pts',(2.98655033923168,-5.06756263675364,1.78655641542154));
#7372=CARTESIAN_POINT('Ctrl Pts',(2.97944832558882,-5.0747107644863,1.78655641542154));
#7373=CARTESIAN_POINT('Ctrl Pts',(3.49726188496086,-4.743194,1.94143228262023));
#7374=CARTESIAN_POINT('Ctrl Pts',(3.82557237321196,-4.743194,1.35001955745228));
#7375=CARTESIAN_POINT('Ctrl Pts',(4.1744503965538,-4.743194,-9.73698919939344E-8));
#7376=CARTESIAN_POINT('Ctrl Pts',(3.8255723103801,-4.743194,-1.35001973559486));
#7377=CARTESIAN_POINT('Ctrl Pts',(3.49726179447158,-4.743194,-1.94143244562603));
#7378=CARTESIAN_POINT('Ctrl Pts',(3.49726188496086,-4.77835694509053,1.94143228262023));
#7379=CARTESIAN_POINT('Ctrl Pts',(3.82556542053293,-4.77835694509053,1.35003208188571));
#7380=CARTESIAN_POINT('Ctrl Pts',(4.17444210343865,-4.7783569450905,-9.73696954881918E-8));
#7381=CARTESIAN_POINT('Ctrl Pts',(3.82556535770048,-4.77835694509053,-1.35003226002797));
#7382=CARTESIAN_POINT('Ctrl Pts',(3.49726179447158,-4.77835694509053,-1.94143244562603));
#7383=CARTESIAN_POINT('Ctrl Pts',(3.48479941898465,-4.85432342572621,1.9345140035313));
#7384=CARTESIAN_POINT('Ctrl Pts',(3.81193753955962,-4.85432342572621,1.34521316082538));
#7385=CARTESIAN_POINT('Ctrl Pts',(4.15957186913303,-4.85432342572613,-9.70228481620434E-8));
#7386=CARTESIAN_POINT('Ctrl Pts',(3.81193747695145,-4.85432342572621,-1.34521333833304));
#7387=CARTESIAN_POINT('Ctrl Pts',(3.48479932881783,-4.85432342572621,-1.93451416595622));
#7388=CARTESIAN_POINT('Ctrl Pts',(3.40594354191461,-4.97044818204737,1.89073880154357));
#7389=CARTESIAN_POINT('Ctrl Pts',(3.7256874339764,-4.97044818204737,1.31475779171533));
#7390=CARTESIAN_POINT('Ctrl Pts',(4.06545693513729,-4.97044818204722,-9.48276041624244E-8));
#7391=CARTESIAN_POINT('Ctrl Pts',(3.72568737278567,-4.97044818204737,-1.31475796520664));
#7392=CARTESIAN_POINT('Ctrl Pts',(3.40594345378812,-4.97044818204737,-1.89073896029306));
#7393=CARTESIAN_POINT('Ctrl Pts',(3.31884768641407,-5.,1.84238934670912));
#7394=CARTESIAN_POINT('Ctrl Pts',(3.63037142906666,-5.,1.28121596909904));
#7395=CARTESIAN_POINT('Ctrl Pts',(3.96144400358682,-4.99999999999994,-9.24014644936399E-8));
#7396=CARTESIAN_POINT('Ctrl Pts',(3.63037136943699,-5.,-1.28121613815186));
#7397=CARTESIAN_POINT('Ctrl Pts',(3.31884760054113,-5.,-1.84238950139911));
#7398=CARTESIAN_POINT('Ctrl Pts',(3.27273242605355,-5.,1.81678941792759));
#7399=CARTESIAN_POINT('Ctrl Pts',(3.57996488849319,-5.,1.26334627683451));
#7400=CARTESIAN_POINT('Ctrl Pts',(3.90644441942009,-5.,-9.11186051866877E-8));
#7401=CARTESIAN_POINT('Ctrl Pts',(3.57996482969523,-5.,-1.26334644354007));
#7402=CARTESIAN_POINT('Ctrl Pts',(3.27273234137381,-5.,-1.81678957046817));
#7403=CARTESIAN_POINT('Ctrl Pts',(3.27273234137381,-5.,-1.81678957046817));
#7404=CARTESIAN_POINT('Ctrl Pts',(3.31884760054113,-5.,-1.84238950139911));
#7405=CARTESIAN_POINT('Ctrl Pts',(3.37983282851231,-4.97930757564665,-1.87624418750648));
#7406=CARTESIAN_POINT('Ctrl Pts',(3.42573167572816,-4.9324363139351,-1.90172398182515));
#7407=CARTESIAN_POINT('Ctrl Pts',(3.43194063942911,-4.92528885523878,-1.90517075941606));
#7408=CARTESIAN_POINT('Ctrl Pts',(2.82959580471179,-5.79513742713222,-2.82725796169317));
#7409=CARTESIAN_POINT('Ctrl Pts',(2.82959580471179,-11.705331114748,-2.82725796169317));
#7410=CARTESIAN_POINT('Ctrl Pts',(2.82959580471179,-17.6155248023638,-2.82725796169317));
#7411=CARTESIAN_POINT('Ctrl Pts',(2.82959580471179,-23.5257184899796,-2.82725796169317));
#7412=CARTESIAN_POINT('Ctrl Pts',(2.8564838122867,-5.79513742713222,-2.80034772058258));
#7413=CARTESIAN_POINT('Ctrl Pts',(2.8564838122867,-11.705331114748,-2.80034772058258));
#7414=CARTESIAN_POINT('Ctrl Pts',(2.8564838122867,-17.6155248023638,-2.80034772058258));
#7415=CARTESIAN_POINT('Ctrl Pts',(2.8564838122867,-23.5257184899796,-2.80034772058258));
#7416=CARTESIAN_POINT('Ctrl Pts',(2.89379549260717,-5.79513742713222,-2.74183924961225));
#7417=CARTESIAN_POINT('Ctrl Pts',(2.89379549260717,-11.705331114748,-2.74183924961225));
#7418=CARTESIAN_POINT('Ctrl Pts',(2.89379549260717,-17.6155248023638,-2.74183924961225));
#7419=CARTESIAN_POINT('Ctrl Pts',(2.89379549260717,-23.5257184899796,-2.74183924961225));
#7420=CARTESIAN_POINT('Ctrl Pts',(2.90473750965559,-5.79513742713222,-2.67427459194813));
#7421=CARTESIAN_POINT('Ctrl Pts',(2.90473750965559,-11.705331114748,-2.67427459194813));
#7422=CARTESIAN_POINT('Ctrl Pts',(2.90473750965559,-17.6155248023638,-2.67427459194813));
#7423=CARTESIAN_POINT('Ctrl Pts',(2.90473750965559,-23.5257184899796,-2.67427459194813));
#7424=CARTESIAN_POINT('Ctrl Pts',(2.90473750965559,-5.79513742713222,-2.64574375966553));
#7425=CARTESIAN_POINT('Ctrl Pts',(2.90473750965559,-11.705331114748,-2.64574375966553));
#7426=CARTESIAN_POINT('Ctrl Pts',(2.90473750965559,-17.6155248023638,-2.64574375966553));
#7427=CARTESIAN_POINT('Ctrl Pts',(2.90473750965559,-23.5257184899796,-2.64574375966553));
#7428=CARTESIAN_POINT('Ctrl Pts',(3.01571844359518,-5.08640306746017,-2.45404963173784));
#7429=CARTESIAN_POINT('Ctrl Pts',(3.0327399976919,-5.06106607833221,-2.40912718991007));
#7430=CARTESIAN_POINT('Ctrl Pts',(3.06627221673657,-5.02746762810933,-2.31551319222891));
#7431=CARTESIAN_POINT('Ctrl Pts',(3.14042501405478,-5.00205373420071,-2.07360617434734));
#7432=CARTESIAN_POINT('Ctrl Pts',(3.17651209586376,-5.,-1.95198408478287));
#7433=CARTESIAN_POINT('Ctrl Pts',(3.18934071758514,-5.,-1.90937807126289));
#7434=CARTESIAN_POINT('Ctrl Pts',(3.03755506345828,-5.06105407223996,-2.4383301024566));
#7435=CARTESIAN_POINT('Ctrl Pts',(3.05515317486844,-5.0415469352392,-2.39398901837338));
#7436=CARTESIAN_POINT('Ctrl Pts',(3.08938769686542,-5.01591691897335,-2.29999173539039));
#7437=CARTESIAN_POINT('Ctrl Pts',(3.1604061291049,-4.99898100240309,-2.06393065615578));
#7438=CARTESIAN_POINT('Ctrl Pts',(3.18745973538486,-5.,-1.95308824138104));
#7439=CARTESIAN_POINT('Ctrl Pts',(3.19551787490282,-5.,-1.9110576909877));
#7440=CARTESIAN_POINT('Ctrl Pts',(3.0875106081442,-5.01535812607478,-2.39717261053533));
#7441=CARTESIAN_POINT('Ctrl Pts',(3.10601106040929,-5.00580188733717,-2.35174077264238));
#7442=CARTESIAN_POINT('Ctrl Pts',(3.1416572667402,-4.99447420812771,-2.25150838795177));
#7443=CARTESIAN_POINT('Ctrl Pts',(3.20480948343449,-4.99393507830726,-2.02789148908989));
#7444=CARTESIAN_POINT('Ctrl Pts',(3.21107394554539,-5.,-1.94448845777383));
#7445=CARTESIAN_POINT('Ctrl Pts',(3.20993124197741,-5.,-1.90643877648784));
#7446=CARTESIAN_POINT('Ctrl Pts',(3.24478376717707,-4.94328191715459,-2.21353416063371));
#7447=CARTESIAN_POINT('Ctrl Pts',(3.25769968984084,-4.95055474425254,-2.16739523641019));
#7448=CARTESIAN_POINT('Ctrl Pts',(3.27837263258098,-4.96732028902675,-2.06958669805339));
#7449=CARTESIAN_POINT('Ctrl Pts',(3.27844606252836,-4.99312922506541,-1.94539690961272));
#7450=CARTESIAN_POINT('Ctrl Pts',(3.25072330951836,-5.,-1.90053480999996));
#7451=CARTESIAN_POINT('Ctrl Pts',(3.23772844990696,-5.,-1.8755759428896));
#7452=CARTESIAN_POINT('Ctrl Pts',(3.37259220373139,-4.92529722565627,-2.01209732998098));
#7453=CARTESIAN_POINT('Ctrl Pts',(3.36793318007883,-4.94097558570372,-1.98818734801135));
#7454=CARTESIAN_POINT('Ctrl Pts',(3.35133812168211,-4.96878331196522,-1.94352928661823));
#7455=CARTESIAN_POINT('Ctrl Pts',(3.31035771518572,-4.99463838778404,-1.88542431587323));
#7456=CARTESIAN_POINT('Ctrl Pts',(3.27677004665024,-5.,-1.85412495094425));
#7457=CARTESIAN_POINT('Ctrl Pts',(3.26037802673845,-5.,-1.83904441259181));
#7458=CARTESIAN_POINT('Ctrl Pts',(3.43194800480823,-4.92529722565627,-1.90517484815373));
#7459=CARTESIAN_POINT('Ctrl Pts',(3.41743382932749,-4.9418978421771,-1.89711760427099));
#7460=CARTESIAN_POINT('Ctrl Pts',(3.38429623774751,-4.97037177997629,-1.8787219566918));
#7461=CARTESIAN_POINT('Ctrl Pts',(3.32813834222585,-4.99520041173869,-1.84754706420414));
#7462=CARTESIAN_POINT('Ctrl Pts',(3.29066605327221,-5.,-1.82674509916353));
#7463=CARTESIAN_POINT('Ctrl Pts',(3.27273234137381,-5.,-1.81678957046817));
#7464=CARTESIAN_POINT('Ctrl Pts',(2.82959580471179,-23.5257184899796,2.82725796169318));
#7465=CARTESIAN_POINT('Ctrl Pts',(2.82959580471179,-17.6155248023638,2.82725796169318));
#7466=CARTESIAN_POINT('Ctrl Pts',(2.82959580471179,-11.705331114748,2.82725796169318));
#7467=CARTESIAN_POINT('Ctrl Pts',(2.82959580471179,-5.79513742713221,2.82725796169318));
#7468=CARTESIAN_POINT('Ctrl Pts',(2.85648381228669,-23.5257184899796,2.80034772058258));
#7469=CARTESIAN_POINT('Ctrl Pts',(2.85648381228669,-17.6155248023638,2.80034772058258));
#7470=CARTESIAN_POINT('Ctrl Pts',(2.85648381228669,-11.705331114748,2.80034772058258));
#7471=CARTESIAN_POINT('Ctrl Pts',(2.85648381228669,-5.79513742713221,2.80034772058258));
#7472=CARTESIAN_POINT('Ctrl Pts',(2.89379549260717,-23.5257184899796,2.74183924961226));
#7473=CARTESIAN_POINT('Ctrl Pts',(2.89379549260717,-17.6155248023638,2.74183924961226));
#7474=CARTESIAN_POINT('Ctrl Pts',(2.89379549260717,-11.705331114748,2.74183924961226));
#7475=CARTESIAN_POINT('Ctrl Pts',(2.89379549260717,-5.7951374271322,2.74183924961226));
#7476=CARTESIAN_POINT('Ctrl Pts',(2.90473750965559,-23.5257184899796,2.67427459194814));
#7477=CARTESIAN_POINT('Ctrl Pts',(2.90473750965559,-17.6155248023638,2.67427459194814));
#7478=CARTESIAN_POINT('Ctrl Pts',(2.90473750965559,-11.705331114748,2.67427459194814));
#7479=CARTESIAN_POINT('Ctrl Pts',(2.90473750965559,-5.7951374271322,2.67427459194814));
#7480=CARTESIAN_POINT('Ctrl Pts',(2.90473750965559,-23.5257184899796,2.64574375966554));
#7481=CARTESIAN_POINT('Ctrl Pts',(2.90473750965559,-17.6155248023638,2.64574375966554));
#7482=CARTESIAN_POINT('Ctrl Pts',(2.90473750965559,-11.705331114748,2.64574375966554));
#7483=CARTESIAN_POINT('Ctrl Pts',(2.90473750965559,-5.7951374271322,2.64574375966554));
#7484=CARTESIAN_POINT('Ctrl Pts',(3.0157184623799,-5.08640306318808,2.45404961274705));
#7485=CARTESIAN_POINT('Ctrl Pts',(3.03274001815658,-5.06106607432074,2.40912716886246));
#7486=CARTESIAN_POINT('Ctrl Pts',(3.06627224006119,-5.02746762464054,2.31551316734765));
#7487=CARTESIAN_POINT('Ctrl Pts',(3.14042503836039,-5.00205373310674,2.07360614783689));
#7488=CARTESIAN_POINT('Ctrl Pts',(3.17651211791501,-5.,1.95198405825804));
#7489=CARTESIAN_POINT('Ctrl Pts',(3.18934073875508,-5.,1.90937804412746));
#7490=CARTESIAN_POINT('Ctrl Pts',(3.01090339461835,-5.08641506928034,2.42484670312625));
#7491=CARTESIAN_POINT('Ctrl Pts',(3.02580087919339,-5.06396094452223,2.3810946788889));
#7492=CARTESIAN_POINT('Ctrl Pts',(3.05690482411581,-5.03199222538051,2.28837546905559));
#7493=CARTESIAN_POINT('Ctrl Pts',(3.12910293517129,-5.00429198619436,2.05350758487596));
#7494=CARTESIAN_POINT('Ctrl Pts',(3.16698987619196,-5.,1.94614590811343));
#7495=CARTESIAN_POINT('Ctrl Pts',(3.18316357673297,-5.,1.90769843287713));
#7496=CARTESIAN_POINT('Ctrl Pts',(3.00057750513423,-5.08464020345958,2.35760017158119));
#7497=CARTESIAN_POINT('Ctrl Pts',(3.0134403049775,-5.06657602658643,2.31382219798893));
#7498=CARTESIAN_POINT('Ctrl Pts',(3.0430121544362,-5.0379089896358,2.21759533810901));
#7499=CARTESIAN_POINT('Ctrl Pts',(3.11221910172266,-5.00648181869255,1.99624119715775));
#7500=CARTESIAN_POINT('Ctrl Pts',(3.15190022113979,-5.,1.92468176244771));
#7501=CARTESIAN_POINT('Ctrl Pts',(3.17286830669612,-5.,1.89636105278735));
#7502=CARTESIAN_POINT('Ctrl Pts',(2.98187530256009,-5.08150895752311,2.1254646371865));
#7503=CARTESIAN_POINT('Ctrl Pts',(2.99609283211683,-5.06539375087108,2.08329099904742));
#7504=CARTESIAN_POINT('Ctrl Pts',(3.03026265815084,-5.03593149189787,1.99376989177189));
#7505=CARTESIAN_POINT('Ctrl Pts',(3.09464072822314,-5.00530736943368,1.88561004373858));
#7506=CARTESIAN_POINT('Ctrl Pts',(3.14012302964476,-5.,1.86697167538391));
#7507=CARTESIAN_POINT('Ctrl Pts',(3.16360256366296,-5.,1.85542050988538));
#7508=CARTESIAN_POINT('Ctrl Pts',(2.97944028399932,-5.07470277434374,1.90159295224701));
#7509=CARTESIAN_POINT('Ctrl Pts',(2.99511864404678,-5.05902441429629,1.88476432303441));
#7510=CARTESIAN_POINT('Ctrl Pts',(3.03130311231059,-5.03121668803479,1.85490978917979));
#7511=CARTESIAN_POINT('Ctrl Pts',(3.09533463366514,-5.00536161221596,1.82465058089746));
#7512=CARTESIAN_POINT('Ctrl Pts',(3.13989225179892,-5.,1.81625279189355));
#7513=CARTESIAN_POINT('Ctrl Pts',(3.16154350965559,-5.,1.81217049943919));
#7514=CARTESIAN_POINT('Ctrl Pts',(2.97944028399932,-5.07470277434374,1.78655641542154));
#7515=CARTESIAN_POINT('Ctrl Pts',(2.99604090052016,-5.05810215782291,1.78655641542154));
#7516=CARTESIAN_POINT('Ctrl Pts',(3.03394208553565,-5.02962822002372,1.78655641542154));
#7517=CARTESIAN_POINT('Ctrl Pts',(3.09817278809323,-5.00479958826131,1.78655641542154));
#7518=CARTESIAN_POINT('Ctrl Pts',(3.14103179168612,-5.,1.78655641542154));
#7519=CARTESIAN_POINT('Ctrl Pts',(3.16154350965559,-5.,1.78655641542154));
#7520=CARTESIAN_POINT('Ctrl Pts',(2.83024453131841,-23.8650908795203,-2.7178735164479));
#7521=CARTESIAN_POINT('Ctrl Pts',(2.82945942496915,-23.8537062260254,-2.7386070558937));
#7522=CARTESIAN_POINT('Ctrl Pts',(2.82663300732227,-23.8283392568864,-2.77595864714296));
#7523=CARTESIAN_POINT('Ctrl Pts',(2.81661275404645,-23.7620477392372,-2.82851710394627));
#7524=CARTESIAN_POINT('Ctrl Pts',(2.7998425280646,-23.7086284032876,-2.8567680392031));
#7525=CARTESIAN_POINT('Ctrl Pts',(2.78869448320233,-23.685855958638,-2.86760929684588));
#7526=CARTESIAN_POINT('Ctrl Pts',(2.81960981787825,-23.8742586925025,-2.72938652196707));
#7527=CARTESIAN_POINT('Ctrl Pts',(2.81917509389851,-23.8626751823849,-2.7493590230359));
#7528=CARTESIAN_POINT('Ctrl Pts',(2.81706967372439,-23.8370826011859,-2.78553448690216));
#7529=CARTESIAN_POINT('Ctrl Pts',(2.80763389466588,-23.7714378823759,-2.83752670490012));
#7530=CARTESIAN_POINT('Ctrl Pts',(2.79144986310943,-23.7197423297813,-2.86499036162036));
#7531=CARTESIAN_POINT('Ctrl Pts',(2.78068055654608,-23.6970427491852,-2.8754026852547));
#7532=CARTESIAN_POINT('Ctrl Pts',(2.79561954260602,-23.8904163752048,-2.75447008409829));
#7533=CARTESIAN_POINT('Ctrl Pts',(2.79600556533171,-23.8786505239216,-2.77311487672087));
#7534=CARTESIAN_POINT('Ctrl Pts',(2.79588317314998,-23.8525018156453,-2.80670199854985));
#7535=CARTESIAN_POINT('Ctrl Pts',(2.78756459252887,-23.7876135073548,-2.85800424361577));
#7536=CARTESIAN_POINT('Ctrl Pts',(2.77273798635954,-23.7393824018176,-2.8831747853845));
#7537=CARTESIAN_POINT('Ctrl Pts',(2.76287103181369,-23.716658724986,-2.89258739855642));
#7538=CARTESIAN_POINT('Ctrl Pts',(2.74956132724807,-23.9099240923543,-2.80046938620567));
#7539=CARTESIAN_POINT('Ctrl Pts',(2.75218300628087,-23.8975212920927,-2.81679588159956));
#7540=CARTESIAN_POINT('Ctrl Pts',(2.75537726997805,-23.8686581107237,-2.84866916447075));
#7541=CARTESIAN_POINT('Ctrl Pts',(2.75006275705066,-23.8037039856175,-2.89654056211181));
#7542=CARTESIAN_POINT('Ctrl Pts',(2.74021508130572,-23.7581635956756,-2.91411731314577));
#7543=CARTESIAN_POINT('Ctrl Pts',(2.73280438446084,-23.7348992051851,-2.921028526615));
#7544=CARTESIAN_POINT('Ctrl Pts',(2.68413177351428,-23.925239189503,-2.86432303621572));
#7545=CARTESIAN_POINT('Ctrl Pts',(2.69046345457517,-23.9106127268557,-2.87878869930519));
#7546=CARTESIAN_POINT('Ctrl Pts',(2.70061029095694,-23.8761781437029,-2.90686168907518));
#7547=CARTESIAN_POINT('Ctrl Pts',(2.70787971526442,-23.8117937346881,-2.93656081042923));
#7548=CARTESIAN_POINT('Ctrl Pts',(2.70457898564634,-23.7659155567529,-2.94720362354182));
#7549=CARTESIAN_POINT('Ctrl Pts',(2.7007969709213,-23.7429943900524,-2.95064079526789));
#7550=CARTESIAN_POINT('Ctrl Pts',(2.64166474247388,-23.9252972256563,-2.90349173328724));
#7551=CARTESIAN_POINT('Ctrl Pts',(2.65166739215525,-23.9093883014905,-2.91589109487535));
#7552=CARTESIAN_POINT('Ctrl Pts',(2.66858703910637,-23.8727746540387,-2.93829466809318));
#7553=CARTESIAN_POINT('Ctrl Pts',(2.68192628781938,-23.8086933373834,-2.96071946999336));
#7554=CARTESIAN_POINT('Ctrl Pts',(2.68271663910846,-23.7645603728849,-2.96702593121917));
#7555=CARTESIAN_POINT('Ctrl Pts',(2.68142792191883,-23.743194,-2.96818267273035));
#7556=CARTESIAN_POINT('Ctrl Pts',(2.62199590799206,-23.9252972256563,-2.92114631064897));
#7557=CARTESIAN_POINT('Ctrl Pts',(2.63308468575473,-23.9086966091354,-2.93350023620328));
#7558=CARTESIAN_POINT('Ctrl Pts',(2.65210453166751,-23.8707954241199,-2.95469010631249));
#7559=CARTESIAN_POINT('Ctrl Pts',(2.66868940846525,-23.8065647215623,-2.97316719528224));
#7560=CARTESIAN_POINT('Ctrl Pts',(2.67189540792407,-23.7637057179695,-2.97673897564336));
#7561=CARTESIAN_POINT('Ctrl Pts',(2.67189540792407,-23.743194,-2.97673897564336));
#7562=CARTESIAN_POINT('Ctrl Pts',(2.82796131043007,-23.865674060751,2.72213119309196));
#7563=CARTESIAN_POINT('Ctrl Pts',(2.84256304848919,-23.8535230732611,2.70607734125268));
#7564=CARTESIAN_POINT('Ctrl Pts',(2.86737705310411,-23.8265604405059,2.67661409558708));
#7565=CARTESIAN_POINT('Ctrl Pts',(2.89650180937421,-23.7565863326067,2.63039148570201));
#7566=CARTESIAN_POINT('Ctrl Pts',(2.90473750965559,-23.702363170329,2.59778433309406));
#7567=CARTESIAN_POINT('Ctrl Pts',(2.90473750965559,-23.679496897857,2.58204665752255));
#7568=CARTESIAN_POINT('Ctrl Pts',(2.82861630653738,-23.8741832144203,2.70644450909434));
#7569=CARTESIAN_POINT('Ctrl Pts',(2.8428484102168,-23.8618650706576,2.69130999712863));
#7570=CARTESIAN_POINT('Ctrl Pts',(2.86727506778736,-23.8346703415368,2.66339458081367));
#7571=CARTESIAN_POINT('Ctrl Pts',(2.89653391348012,-23.7650097308571,2.61839967870226));
#7572=CARTESIAN_POINT('Ctrl Pts',(2.90473750965559,-23.7124059409699,2.58709363004001));
#7573=CARTESIAN_POINT('Ctrl Pts',(2.90473750965559,-23.6895616711168,2.57198188426279));
#7574=CARTESIAN_POINT('Ctrl Pts',(2.82955365385156,-23.8890947874026,2.67175745340017));
#7575=CARTESIAN_POINT('Ctrl Pts',(2.84327206372581,-23.876602436511,2.65850723970834));
#7576=CARTESIAN_POINT('Ctrl Pts',(2.86707097401548,-23.8487491741149,2.63443813923391));
#7577=CARTESIAN_POINT('Ctrl Pts',(2.89695338108486,-23.7794728480066,2.59166154327003));
#7578=CARTESIAN_POINT('Ctrl Pts',(2.90473750965559,-23.7305286353454,2.56353312123939));
#7579=CARTESIAN_POINT('Ctrl Pts',(2.90473750965559,-23.7077083575574,2.54987005192682));
#7580=CARTESIAN_POINT('Ctrl Pts',(2.82972827070401,-23.9076836160193,2.6073684173673));
#7581=CARTESIAN_POINT('Ctrl Pts',(2.8432311747459,-23.8946052462423,2.59775747432941));
#7582=CARTESIAN_POINT('Ctrl Pts',(2.86819931217061,-23.8641008175141,2.57748810336545));
#7583=CARTESIAN_POINT('Ctrl Pts',(2.89858900483397,-23.7963420828533,2.54095455429106));
#7584=CARTESIAN_POINT('Ctrl Pts',(2.90473750965559,-23.7510035998185,2.52207596658582));
#7585=CARTESIAN_POINT('Ctrl Pts',(2.90473750965559,-23.7279348497633,2.51202900840122));
#7586=CARTESIAN_POINT('Ctrl Pts',(2.82991042902221,-23.9233674261208,2.515673112914));
#7587=CARTESIAN_POINT('Ctrl Pts',(2.84482394326031,-23.9084166545484,2.51068536582749));
#7588=CARTESIAN_POINT('Ctrl Pts',(2.87220262160205,-23.8733213348544,2.49991509790096));
#7589=CARTESIAN_POINT('Ctrl Pts',(2.89903326811712,-23.8085600124363,2.48600233419319));
#7590=CARTESIAN_POINT('Ctrl Pts',(2.90473750965559,-23.7630785807455,2.476215714831));
#7591=CARTESIAN_POINT('Ctrl Pts',(2.90473750965559,-23.740390218449,2.47096906011873));
#7592=CARTESIAN_POINT('Ctrl Pts',(2.83003473531185,-23.9252972256563,2.45608831828992));
#7593=CARTESIAN_POINT('Ctrl Pts',(2.84594365947765,-23.9093883014905,2.45533876660299));
#7594=CARTESIAN_POINT('Ctrl Pts',(2.87391793862357,-23.8727746540387,2.45312595683933));
#7595=CARTESIAN_POINT('Ctrl Pts',(2.89951640342829,-23.8086933373834,2.44814250191551));
#7596=CARTESIAN_POINT('Ctrl Pts',(2.90473750965559,-23.7645603728849,2.44433535090149));
#7597=CARTESIAN_POINT('Ctrl Pts',(2.90473750965559,-23.743194,2.44250198849127));
#7598=CARTESIAN_POINT('Ctrl Pts',(2.83003473531185,-23.9252972256563,2.42826824964511));
#7599=CARTESIAN_POINT('Ctrl Pts',(2.84663535183268,-23.9086966091354,2.42826824964511));
#7600=CARTESIAN_POINT('Ctrl Pts',(2.87510928963187,-23.8707954241199,2.42826824964511));
#7601=CARTESIAN_POINT('Ctrl Pts',(2.89993792139428,-23.8065647215624,2.42826824964511));
#7602=CARTESIAN_POINT('Ctrl Pts',(2.90473750965559,-23.7637057179695,2.42826824964511));
#7603=CARTESIAN_POINT('Ctrl Pts',(2.90473750965559,-23.743194,2.42826824964511));
#7604=CARTESIAN_POINT('Origin',(0.,-2.,0.));
#7605=CARTESIAN_POINT('',(-1.79354645873641,-2.,-2.19646092981362E-16));
#7606=CARTESIAN_POINT('Origin',(0.,-2.,0.));
#7607=CARTESIAN_POINT('',(-1.21621128516168,-2.,-1.48942925746014E-16));
#7608=CARTESIAN_POINT('Origin',(0.,-2.,0.));
#7609=CARTESIAN_POINT('Origin',(0.,-1.79357430134969,0.));
#7610=CARTESIAN_POINT('',(-1.49007540595995,-1.58714860269938,-1.82481607639705E-16));
#7611=CARTESIAN_POINT('Origin',(0.,-1.58714860269938,0.));
#7612=CARTESIAN_POINT('',(-1.64181093234818,-1.79357430134969,-2.01063850310533E-16));
#7613=CARTESIAN_POINT('Origin',(0.,-1.79357430134969,0.));
#7614=CARTESIAN_POINT('',(-1.35314334556082,-1.79357430134969,-1.65712266692859E-16));
#7615=UNCERTAINTY_MEASURE_WITH_UNIT(LENGTH_MEASURE(0.01),#7619,
'DISTANCE_ACCURACY_VALUE',
'Maximum model space distance between geometric entities at asserted c
onnectivities');
#7616=UNCERTAINTY_MEASURE_WITH_UNIT(LENGTH_MEASURE(0.01),#7619,
'DISTANCE_ACCURACY_VALUE',
'Maximum model space distance between geometric entities at asserted c
onnectivities');
#7617=(
GEOMETRIC_REPRESENTATION_CONTEXT(3)
GLOBAL_UNCERTAINTY_ASSIGNED_CONTEXT((#7615))
GLOBAL_UNIT_ASSIGNED_CONTEXT((#7619,#7621,#7622))
REPRESENTATION_CONTEXT('','3D')
);
#7618=(
GEOMETRIC_REPRESENTATION_CONTEXT(3)
GLOBAL_UNCERTAINTY_ASSIGNED_CONTEXT((#7616))
GLOBAL_UNIT_ASSIGNED_CONTEXT((#7619,#7621,#7622))
REPRESENTATION_CONTEXT('','3D')
);
#7619=(
LENGTH_UNIT()
NAMED_UNIT(*)
SI_UNIT(.MILLI.,.METRE.)
);
#7620=(
LENGTH_UNIT()
NAMED_UNIT(*)
SI_UNIT($,.METRE.)
);
#7621=(
NAMED_UNIT(*)
PLANE_ANGLE_UNIT()
SI_UNIT($,.RADIAN.)
);
#7622=(
NAMED_UNIT(*)
SI_UNIT($,.STERADIAN.)
SOLID_ANGLE_UNIT()
);
#7623=SHAPE_DEFINITION_REPRESENTATION(#7624,#7625);
#7624=PRODUCT_DEFINITION_SHAPE('',$,#7627);
#7625=SHAPE_REPRESENTATION('',(#3578),#7617);
#7626=PRODUCT_DEFINITION_CONTEXT('part definition',#7631,'design');
#7627=PRODUCT_DEFINITION('Motor','Motor v3',#7628,#7626);
#7628=PRODUCT_DEFINITION_FORMATION('',$,#7633);
#7629=PRODUCT_RELATED_PRODUCT_CATEGORY('Motor v3','Motor v3',(#7633));
#7630=APPLICATION_PROTOCOL_DEFINITION('international standard',
'automotive_design',2009,#7631);
#7631=APPLICATION_CONTEXT(
'Core Data for Automotive Mechanical Design Process');
#7632=PRODUCT_CONTEXT('part definition',#7631,'mechanical');
#7633=PRODUCT('Motor','Motor v3',$,(#7632));
#7634=PRESENTATION_STYLE_ASSIGNMENT((#7639));
#7635=PRESENTATION_STYLE_ASSIGNMENT((#7640));
#7636=PRESENTATION_STYLE_ASSIGNMENT((#7641));
#7637=PRESENTATION_STYLE_ASSIGNMENT((#7642));
#7638=PRESENTATION_STYLE_ASSIGNMENT((#7643));
#7639=SURFACE_STYLE_USAGE(.BOTH.,#7644);
#7640=SURFACE_STYLE_USAGE(.BOTH.,#7645);
#7641=SURFACE_STYLE_USAGE(.BOTH.,#7646);
#7642=SURFACE_STYLE_USAGE(.BOTH.,#7647);
#7643=SURFACE_STYLE_USAGE(.BOTH.,#7648);
#7644=SURFACE_SIDE_STYLE('',(#7649));
#7645=SURFACE_SIDE_STYLE('',(#7650));
#7646=SURFACE_SIDE_STYLE('',(#7651));
#7647=SURFACE_SIDE_STYLE('',(#7652));
#7648=SURFACE_SIDE_STYLE('',(#7653));
#7649=SURFACE_STYLE_FILL_AREA(#7654);
#7650=SURFACE_STYLE_FILL_AREA(#7655);
#7651=SURFACE_STYLE_FILL_AREA(#7656);
#7652=SURFACE_STYLE_FILL_AREA(#7657);
#7653=SURFACE_STYLE_FILL_AREA(#7658);
#7654=FILL_AREA_STYLE('Steel - Satin',(#7659));
#7655=FILL_AREA_STYLE('Stainless Steel - Polished',(#7660));
#7656=FILL_AREA_STYLE('ABS (White)',(#7661));
#7657=FILL_AREA_STYLE('Iron - Cast',(#7662));
#7658=FILL_AREA_STYLE('Copper - Patina',(#7663));
#7659=FILL_AREA_STYLE_COLOUR('Steel - Satin',#7664);
#7660=FILL_AREA_STYLE_COLOUR('Stainless Steel - Polished',#7665);
#7661=FILL_AREA_STYLE_COLOUR('ABS (White)',#7666);
#7662=FILL_AREA_STYLE_COLOUR('Iron - Cast',#7667);
#7663=FILL_AREA_STYLE_COLOUR('Copper - Patina',#7668);
#7664=COLOUR_RGB('Steel - Satin',0.627450980392157,0.627450980392157,0.627450980392157);
#7665=COLOUR_RGB('Stainless Steel - Polished',0.796078431372549,0.796078431372549,
0.796078431372549);
#7666=COLOUR_RGB('ABS (White)',0.,0.,0.);
#7667=COLOUR_RGB('Iron - Cast',0.749019607843137,0.741176470588235,0.733333333333333);
#7668=COLOUR_RGB('Copper - Patina',0.929411764705882,0.807843137254902,
0.764705882352941);
ENDSEC;
END-ISO-10303-21;
